2026-03-27 13:54:38:529	EVENT:INIT           	base:1       	next:1       	cwnd:100   	ssthresh:1600  	state:SlowStart   	info:Window Initialized
2026-03-27 13:54:39:304	EVENT:SEND           	base:1       	next:101     	cwnd:100   	ssthresh:1600  	state:SlowStart   	info:DATA_seq: 1
2026-03-27 13:54:39:313	EVENT:NEW_ACK        	base:1       	next:101     	cwnd:100   	ssthresh:1600  	state:SlowStart   	info:AckNum: 1
2026-03-27 13:54:39:313	EVENT:WINDOW_SLIDE   	base:101     	next:101     	cwnd:200   	ssthresh:1600  	state:SlowStart   	info:Base: 1 -> 101
2026-03-27 13:54:39:323	EVENT:SEND           	base:101     	next:201     	cwnd:200   	ssthresh:1600  	state:SlowStart   	info:DATA_seq: 101
2026-03-27 13:54:39:325	EVENT:NEW_ACK        	base:101     	next:201     	cwnd:200   	ssthresh:1600  	state:SlowStart   	info:AckNum: 101
2026-03-27 13:54:39:326	EVENT:WINDOW_SLIDE   	base:201     	next:201     	cwnd:300   	ssthresh:1600  	state:SlowStart   	info:Base: 101 -> 201
2026-03-27 13:54:39:338	EVENT:SEND           	base:201     	next:301     	cwnd:300   	ssthresh:1600  	state:SlowStart   	info:DATA_seq: 201
2026-03-27 13:54:39:340	EVENT:NEW_ACK        	base:201     	next:301     	cwnd:300   	ssthresh:1600  	state:SlowStart   	info:AckNum: 201
2026-03-27 13:54:39:340	EVENT:WINDOW_SLIDE   	base:301     	next:301     	cwnd:400   	ssthresh:1600  	state:SlowStart   	info:Base: 201 -> 301
2026-03-27 13:54:39:351	EVENT:SEND           	base:301     	next:401     	cwnd:400   	ssthresh:1600  	state:SlowStart   	info:DATA_seq: 301
2026-03-27 13:54:39:353	EVENT:NEW_ACK        	base:301     	next:401     	cwnd:400   	ssthresh:1600  	state:SlowStart   	info:AckNum: 301
2026-03-27 13:54:39:353	EVENT:WINDOW_SLIDE   	base:401     	next:401     	cwnd:500   	ssthresh:1600  	state:SlowStart   	info:Base: 301 -> 401
2026-03-27 13:54:39:365	EVENT:SEND           	base:401     	next:501     	cwnd:500   	ssthresh:1600  	state:SlowStart   	info:DATA_seq: 401
2026-03-27 13:54:39:366	EVENT:NEW_ACK        	base:401     	next:501     	cwnd:500   	ssthresh:1600  	state:SlowStart   	info:AckNum: 401
2026-03-27 13:54:39:367	EVENT:WINDOW_SLIDE   	base:501     	next:501     	cwnd:600   	ssthresh:1600  	state:SlowStart   	info:Base: 401 -> 501
2026-03-27 13:54:39:380	EVENT:SEND           	base:501     	next:601     	cwnd:600   	ssthresh:1600  	state:SlowStart   	info:DATA_seq: 501
2026-03-27 13:54:39:381	EVENT:NEW_ACK        	base:501     	next:601     	cwnd:600   	ssthresh:1600  	state:SlowStart   	info:AckNum: 501
2026-03-27 13:54:39:381	EVENT:WINDOW_SLIDE   	base:601     	next:601     	cwnd:700   	ssthresh:1600  	state:SlowStart   	info:Base: 501 -> 601
2026-03-27 13:54:39:394	EVENT:SEND           	base:601     	next:701     	cwnd:700   	ssthresh:1600  	state:SlowStart   	info:DATA_seq: 601
2026-03-27 13:54:39:395	EVENT:NEW_ACK        	base:601     	next:701     	cwnd:700   	ssthresh:1600  	state:SlowStart   	info:AckNum: 601
2026-03-27 13:54:39:395	EVENT:WINDOW_SLIDE   	base:701     	next:701     	cwnd:800   	ssthresh:1600  	state:SlowStart   	info:Base: 601 -> 701
2026-03-27 13:54:39:408	EVENT:SEND           	base:701     	next:801     	cwnd:800   	ssthresh:1600  	state:SlowStart   	info:DATA_seq: 701
2026-03-27 13:54:39:409	EVENT:NEW_ACK        	base:701     	next:801     	cwnd:800   	ssthresh:1600  	state:SlowStart   	info:AckNum: 701
2026-03-27 13:54:39:409	EVENT:WINDOW_SLIDE   	base:801     	next:801     	cwnd:900   	ssthresh:1600  	state:SlowStart   	info:Base: 701 -> 801
2026-03-27 13:54:39:421	EVENT:SEND           	base:801     	next:901     	cwnd:900   	ssthresh:1600  	state:SlowStart   	info:DATA_seq: 801
2026-03-27 13:54:39:423	EVENT:NEW_ACK        	base:801     	next:901     	cwnd:900   	ssthresh:1600  	state:SlowStart   	info:AckNum: 801
2026-03-27 13:54:39:423	EVENT:WINDOW_SLIDE   	base:901     	next:901     	cwnd:1000  	ssthresh:1600  	state:SlowStart   	info:Base: 801 -> 901
2026-03-27 13:54:39:435	EVENT:SEND           	base:901     	next:1001    	cwnd:1000  	ssthresh:1600  	state:SlowStart   	info:DATA_seq: 901
2026-03-27 13:54:39:436	EVENT:NEW_ACK        	base:901     	next:1001    	cwnd:1000  	ssthresh:1600  	state:SlowStart   	info:AckNum: 901
2026-03-27 13:54:39:436	EVENT:WINDOW_SLIDE   	base:1001    	next:1001    	cwnd:1100  	ssthresh:1600  	state:SlowStart   	info:Base: 901 -> 1001
2026-03-27 13:54:39:448	EVENT:SEND           	base:1001    	next:1101    	cwnd:1100  	ssthresh:1600  	state:SlowStart   	info:DATA_seq: 1001
2026-03-27 13:54:39:449	EVENT:NEW_ACK        	base:1001    	next:1101    	cwnd:1100  	ssthresh:1600  	state:SlowStart   	info:AckNum: 1001
2026-03-27 13:54:39:449	EVENT:WINDOW_SLIDE   	base:1101    	next:1101    	cwnd:1200  	ssthresh:1600  	state:SlowStart   	info:Base: 1001 -> 1101
2026-03-27 13:54:39:461	EVENT:SEND           	base:1101    	next:1201    	cwnd:1200  	ssthresh:1600  	state:SlowStart   	info:DATA_seq: 1101
2026-03-27 13:54:39:463	EVENT:NEW_ACK        	base:1101    	next:1201    	cwnd:1200  	ssthresh:1600  	state:SlowStart   	info:AckNum: 1101
2026-03-27 13:54:39:463	EVENT:WINDOW_SLIDE   	base:1201    	next:1201    	cwnd:1300  	ssthresh:1600  	state:SlowStart   	info:Base: 1101 -> 1201
2026-03-27 13:54:39:475	EVENT:SEND           	base:1201    	next:1301    	cwnd:1300  	ssthresh:1600  	state:SlowStart   	info:DATA_seq: 1201
2026-03-27 13:54:39:477	EVENT:NEW_ACK        	base:1201    	next:1301    	cwnd:1300  	ssthresh:1600  	state:SlowStart   	info:AckNum: 1201
2026-03-27 13:54:39:477	EVENT:WINDOW_SLIDE   	base:1301    	next:1301    	cwnd:1400  	ssthresh:1600  	state:SlowStart   	info:Base: 1201 -> 1301
2026-03-27 13:54:39:488	EVENT:SEND           	base:1301    	next:1401    	cwnd:1400  	ssthresh:1600  	state:SlowStart   	info:DATA_seq: 1301
2026-03-27 13:54:39:490	EVENT:NEW_ACK        	base:1301    	next:1401    	cwnd:1400  	ssthresh:1600  	state:SlowStart   	info:AckNum: 1301
2026-03-27 13:54:39:490	EVENT:WINDOW_SLIDE   	base:1401    	next:1401    	cwnd:1500  	ssthresh:1600  	state:SlowStart   	info:Base: 1301 -> 1401
2026-03-27 13:54:39:502	EVENT:SEND           	base:1401    	next:1501    	cwnd:1500  	ssthresh:1600  	state:SlowStart   	info:DATA_seq: 1401
2026-03-27 13:54:39:503	EVENT:NEW_ACK        	base:1401    	next:1501    	cwnd:1500  	ssthresh:1600  	state:SlowStart   	info:AckNum: 1401
2026-03-27 13:54:39:503	EVENT:WINDOW_SLIDE   	base:1501    	next:1501    	cwnd:1600  	ssthresh:1600  	state:CongAvoid   	info:Base: 1401 -> 1501
2026-03-27 13:54:39:513	EVENT:SEND           	base:1501    	next:1601    	cwnd:1600  	ssthresh:1600  	state:CongAvoid   	info:DATA_seq: 1501
2026-03-27 13:54:39:515	EVENT:NEW_ACK        	base:1501    	next:1601    	cwnd:1600  	ssthresh:1600  	state:CongAvoid   	info:AckNum: 1501
2026-03-27 13:54:39:515	EVENT:WINDOW_SLIDE   	base:1601    	next:1601    	cwnd:1606  	ssthresh:1600  	state:CongAvoid   	info:Base: 1501 -> 1601
2026-03-27 13:54:39:527	EVENT:SEND           	base:1601    	next:1701    	cwnd:1606  	ssthresh:1600  	state:CongAvoid   	info:DATA_seq: 1601
2026-03-27 13:54:39:528	EVENT:NEW_ACK        	base:1601    	next:1701    	cwnd:1606  	ssthresh:1600  	state:CongAvoid   	info:AckNum: 1601
2026-03-27 13:54:39:528	EVENT:WINDOW_SLIDE   	base:1701    	next:1701    	cwnd:1612  	ssthresh:1600  	state:CongAvoid   	info:Base: 1601 -> 1701
2026-03-27 13:54:39:540	EVENT:SEND           	base:1701    	next:1801    	cwnd:1612  	ssthresh:1600  	state:CongAvoid   	info:DATA_seq: 1701
2026-03-27 13:54:39:542	EVENT:NEW_ACK        	base:1701    	next:1801    	cwnd:1612  	ssthresh:1600  	state:CongAvoid   	info:AckNum: 1701
2026-03-27 13:54:39:542	EVENT:WINDOW_SLIDE   	base:1801    	next:1801    	cwnd:1618  	ssthresh:1600  	state:CongAvoid   	info:Base: 1701 -> 1801
2026-03-27 13:54:39:554	EVENT:SEND           	base:1801    	next:1901    	cwnd:1618  	ssthresh:1600  	state:CongAvoid   	info:DATA_seq: 1801
2026-03-27 13:54:39:555	EVENT:NEW_ACK        	base:1801    	next:1901    	cwnd:1618  	ssthresh:1600  	state:CongAvoid   	info:AckNum: 1801
2026-03-27 13:54:39:555	EVENT:WINDOW_SLIDE   	base:1901    	next:1901    	cwnd:1624  	ssthresh:1600  	state:CongAvoid   	info:Base: 1801 -> 1901
2026-03-27 13:54:39:567	EVENT:SEND           	base:1901    	next:2001    	cwnd:1624  	ssthresh:1600  	state:CongAvoid   	info:DATA_seq: 1901
2026-03-27 13:54:39:568	EVENT:NEW_ACK        	base:1901    	next:2001    	cwnd:1624  	ssthresh:1600  	state:CongAvoid   	info:AckNum: 1901
2026-03-27 13:54:39:568	EVENT:WINDOW_SLIDE   	base:2001    	next:2001    	cwnd:1630  	ssthresh:1600  	state:CongAvoid   	info:Base: 1901 -> 2001
2026-03-27 13:54:39:579	EVENT:SEND           	base:2001    	next:2101    	cwnd:1630  	ssthresh:1600  	state:CongAvoid   	info:DATA_seq: 2001
2026-03-27 13:54:39:580	EVENT:NEW_ACK        	base:2001    	next:2101    	cwnd:1630  	ssthresh:1600  	state:CongAvoid   	info:AckNum: 2001
2026-03-27 13:54:39:580	EVENT:WINDOW_SLIDE   	base:2101    	next:2101    	cwnd:1636  	ssthresh:1600  	state:CongAvoid   	info:Base: 2001 -> 2101
2026-03-27 13:54:39:591	EVENT:SEND           	base:2101    	next:2201    	cwnd:1636  	ssthresh:1600  	state:CongAvoid   	info:DATA_seq: 2101
2026-03-27 13:54:39:592	EVENT:NEW_ACK        	base:2101    	next:2201    	cwnd:1636  	ssthresh:1600  	state:CongAvoid   	info:AckNum: 2101
2026-03-27 13:54:39:592	EVENT:WINDOW_SLIDE   	base:2201    	next:2201    	cwnd:1642  	ssthresh:1600  	state:CongAvoid   	info:Base: 2101 -> 2201
2026-03-27 13:54:39:601	EVENT:SEND           	base:2201    	next:2301    	cwnd:1642  	ssthresh:1600  	state:CongAvoid   	info:DATA_seq: 2201
2026-03-27 13:54:39:603	EVENT:NEW_ACK        	base:2201    	next:2301    	cwnd:1642  	ssthresh:1600  	state:CongAvoid   	info:AckNum: 2201
2026-03-27 13:54:39:603	EVENT:WINDOW_SLIDE   	base:2301    	next:2301    	cwnd:1648  	ssthresh:1600  	state:CongAvoid   	info:Base: 2201 -> 2301
2026-03-27 13:54:39:614	EVENT:SEND           	base:2301    	next:2401    	cwnd:1648  	ssthresh:1600  	state:CongAvoid   	info:DATA_seq: 2301
2026-03-27 13:54:39:615	EVENT:NEW_ACK        	base:2301    	next:2401    	cwnd:1648  	ssthresh:1600  	state:CongAvoid   	info:AckNum: 2301
2026-03-27 13:54:39:615	EVENT:WINDOW_SLIDE   	base:2401    	next:2401    	cwnd:1654  	ssthresh:1600  	state:CongAvoid   	info:Base: 2301 -> 2401
2026-03-27 13:54:39:627	EVENT:SEND           	base:2401    	next:2501    	cwnd:1654  	ssthresh:1600  	state:CongAvoid   	info:DATA_seq: 2401
2026-03-27 13:54:39:628	EVENT:NEW_ACK        	base:2401    	next:2501    	cwnd:1654  	ssthresh:1600  	state:CongAvoid   	info:AckNum: 2401
2026-03-27 13:54:39:628	EVENT:WINDOW_SLIDE   	base:2501    	next:2501    	cwnd:1660  	ssthresh:1600  	state:CongAvoid   	info:Base: 2401 -> 2501
2026-03-27 13:54:39:640	EVENT:SEND           	base:2501    	next:2601    	cwnd:1660  	ssthresh:1600  	state:CongAvoid   	info:DATA_seq: 2501
2026-03-27 13:54:39:641	EVENT:NEW_ACK        	base:2501    	next:2601    	cwnd:1660  	ssthresh:1600  	state:CongAvoid   	info:AckNum: 2501
2026-03-27 13:54:39:641	EVENT:WINDOW_SLIDE   	base:2601    	next:2601    	cwnd:1666  	ssthresh:1600  	state:CongAvoid   	info:Base: 2501 -> 2601
2026-03-27 13:54:39:653	EVENT:SEND           	base:2601    	next:2701    	cwnd:1666  	ssthresh:1600  	state:CongAvoid   	info:DATA_seq: 2601
2026-03-27 13:54:39:654	EVENT:NEW_ACK        	base:2601    	next:2701    	cwnd:1666  	ssthresh:1600  	state:CongAvoid   	info:AckNum: 2601
2026-03-27 13:54:39:654	EVENT:WINDOW_SLIDE   	base:2701    	next:2701    	cwnd:1672  	ssthresh:1600  	state:CongAvoid   	info:Base: 2601 -> 2701
2026-03-27 13:54:39:666	EVENT:SEND           	base:2701    	next:2801    	cwnd:1672  	ssthresh:1600  	state:CongAvoid   	info:DATA_seq: 2701
2026-03-27 13:54:39:667	EVENT:NEW_ACK        	base:2701    	next:2801    	cwnd:1672  	ssthresh:1600  	state:CongAvoid   	info:AckNum: 2701
2026-03-27 13:54:39:667	EVENT:WINDOW_SLIDE   	base:2801    	next:2801    	cwnd:1677  	ssthresh:1600  	state:CongAvoid   	info:Base: 2701 -> 2801
2026-03-27 13:54:39:680	EVENT:SEND           	base:2801    	next:2901    	cwnd:1677  	ssthresh:1600  	state:CongAvoid   	info:DATA_seq: 2801
2026-03-27 13:54:39:680	EVENT:NEW_ACK        	base:2801    	next:2901    	cwnd:1677  	ssthresh:1600  	state:CongAvoid   	info:AckNum: 2801
2026-03-27 13:54:39:680	EVENT:WINDOW_SLIDE   	base:2901    	next:2901    	cwnd:1682  	ssthresh:1600  	state:CongAvoid   	info:Base: 2801 -> 2901
2026-03-27 13:54:39:692	EVENT:SEND           	base:2901    	next:3001    	cwnd:1682  	ssthresh:1600  	state:CongAvoid   	info:DATA_seq: 2901
2026-03-27 13:54:39:693	EVENT:NEW_ACK        	base:2901    	next:3001    	cwnd:1682  	ssthresh:1600  	state:CongAvoid   	info:AckNum: 2901
2026-03-27 13:54:39:693	EVENT:WINDOW_SLIDE   	base:3001    	next:3001    	cwnd:1687  	ssthresh:1600  	state:CongAvoid   	info:Base: 2901 -> 3001
2026-03-27 13:54:39:704	EVENT:SEND           	base:3001    	next:3101    	cwnd:1687  	ssthresh:1600  	state:CongAvoid   	info:DATA_seq: 3001
2026-03-27 13:54:39:705	EVENT:NEW_ACK        	base:3001    	next:3101    	cwnd:1687  	ssthresh:1600  	state:CongAvoid   	info:AckNum: 3001
2026-03-27 13:54:39:705	EVENT:WINDOW_SLIDE   	base:3101    	next:3101    	cwnd:1692  	ssthresh:1600  	state:CongAvoid   	info:Base: 3001 -> 3101
2026-03-27 13:54:39:717	EVENT:SEND           	base:3101    	next:3201    	cwnd:1692  	ssthresh:1600  	state:CongAvoid   	info:DATA_seq: 3101
2026-03-27 13:54:39:718	EVENT:NEW_ACK        	base:3101    	next:3201    	cwnd:1692  	ssthresh:1600  	state:CongAvoid   	info:AckNum: 3101
2026-03-27 13:54:39:718	EVENT:WINDOW_SLIDE   	base:3201    	next:3201    	cwnd:1697  	ssthresh:1600  	state:CongAvoid   	info:Base: 3101 -> 3201
2026-03-27 13:54:39:730	EVENT:SEND           	base:3201    	next:3301    	cwnd:1697  	ssthresh:1600  	state:CongAvoid   	info:DATA_seq: 3201
2026-03-27 13:54:39:731	EVENT:NEW_ACK        	base:3201    	next:3301    	cwnd:1697  	ssthresh:1600  	state:CongAvoid   	info:AckNum: 3201
2026-03-27 13:54:39:731	EVENT:WINDOW_SLIDE   	base:3301    	next:3301    	cwnd:1702  	ssthresh:1600  	state:CongAvoid   	info:Base: 3201 -> 3301
2026-03-27 13:54:39:743	EVENT:SEND           	base:3301    	next:3401    	cwnd:1702  	ssthresh:1600  	state:CongAvoid   	info:DATA_seq: 3301
2026-03-27 13:54:39:744	EVENT:NEW_ACK        	base:3301    	next:3401    	cwnd:1702  	ssthresh:1600  	state:CongAvoid   	info:AckNum: 3301
2026-03-27 13:54:39:744	EVENT:WINDOW_SLIDE   	base:3401    	next:3401    	cwnd:1707  	ssthresh:1600  	state:CongAvoid   	info:Base: 3301 -> 3401
2026-03-27 13:54:39:756	EVENT:SEND           	base:3401    	next:3501    	cwnd:1707  	ssthresh:1600  	state:CongAvoid   	info:DATA_seq: 3401
2026-03-27 13:54:39:757	EVENT:NEW_ACK        	base:3401    	next:3501    	cwnd:1707  	ssthresh:1600  	state:CongAvoid   	info:AckNum: 3401
2026-03-27 13:54:39:757	EVENT:WINDOW_SLIDE   	base:3501    	next:3501    	cwnd:1712  	ssthresh:1600  	state:CongAvoid   	info:Base: 3401 -> 3501
2026-03-27 13:54:39:767	EVENT:SEND           	base:3501    	next:3601    	cwnd:1712  	ssthresh:1600  	state:CongAvoid   	info:DATA_seq: 3501
2026-03-27 13:54:39:780	EVENT:SEND           	base:3501    	next:3701    	cwnd:1712  	ssthresh:1600  	state:CongAvoid   	info:DATA_seq: 3601
2026-03-27 13:54:39:781	EVENT:NEW_ACK        	base:3501    	next:3701    	cwnd:1712  	ssthresh:1600  	state:CongAvoid   	info:AckNum: 3601
2026-03-27 13:54:39:781	EVENT:WINDOW_SLIDE   	base:3701    	next:3701    	cwnd:1717  	ssthresh:1600  	state:CongAvoid   	info:Base: 3501 -> 3701
2026-03-27 13:54:39:793	EVENT:SEND           	base:3701    	next:3801    	cwnd:1717  	ssthresh:1600  	state:CongAvoid   	info:DATA_seq: 3701
2026-03-27 13:54:39:794	EVENT:NEW_ACK        	base:3701    	next:3801    	cwnd:1717  	ssthresh:1600  	state:CongAvoid   	info:AckNum: 3701
2026-03-27 13:54:39:794	EVENT:WINDOW_SLIDE   	base:3801    	next:3801    	cwnd:1722  	ssthresh:1600  	state:CongAvoid   	info:Base: 3701 -> 3801
2026-03-27 13:54:39:804	EVENT:SEND           	base:3801    	next:3901    	cwnd:1722  	ssthresh:1600  	state:CongAvoid   	info:DATA_seq: 3801
2026-03-27 13:54:39:805	EVENT:NEW_ACK        	base:3801    	next:3901    	cwnd:1722  	ssthresh:1600  	state:CongAvoid   	info:AckNum: 3801
2026-03-27 13:54:39:805	EVENT:WINDOW_SLIDE   	base:3901    	next:3901    	cwnd:1727  	ssthresh:1600  	state:CongAvoid   	info:Base: 3801 -> 3901
2026-03-27 13:54:39:817	EVENT:SEND           	base:3901    	next:4001    	cwnd:1727  	ssthresh:1600  	state:CongAvoid   	info:DATA_seq: 3901
2026-03-27 13:54:39:818	EVENT:NEW_ACK        	base:3901    	next:4001    	cwnd:1727  	ssthresh:1600  	state:CongAvoid   	info:AckNum: 3901
2026-03-27 13:54:39:818	EVENT:WINDOW_SLIDE   	base:4001    	next:4001    	cwnd:1732  	ssthresh:1600  	state:CongAvoid   	info:Base: 3901 -> 4001
2026-03-27 13:54:39:830	EVENT:SEND           	base:4001    	next:4101    	cwnd:1732  	ssthresh:1600  	state:CongAvoid   	info:DATA_seq: 4001
2026-03-27 13:54:39:831	EVENT:NEW_ACK        	base:4001    	next:4101    	cwnd:1732  	ssthresh:1600  	state:CongAvoid   	info:AckNum: 4001
2026-03-27 13:54:39:831	EVENT:WINDOW_SLIDE   	base:4101    	next:4101    	cwnd:1737  	ssthresh:1600  	state:CongAvoid   	info:Base: 4001 -> 4101
2026-03-27 13:54:39:842	EVENT:SEND           	base:4101    	next:4201    	cwnd:1737  	ssthresh:1600  	state:CongAvoid   	info:DATA_seq: 4101
2026-03-27 13:54:39:843	EVENT:NEW_ACK        	base:4101    	next:4201    	cwnd:1737  	ssthresh:1600  	state:CongAvoid   	info:AckNum: 4101
2026-03-27 13:54:39:843	EVENT:WINDOW_SLIDE   	base:4201    	next:4201    	cwnd:1742  	ssthresh:1600  	state:CongAvoid   	info:Base: 4101 -> 4201
2026-03-27 13:54:39:855	EVENT:SEND           	base:4201    	next:4301    	cwnd:1742  	ssthresh:1600  	state:CongAvoid   	info:DATA_seq: 4201
2026-03-27 13:54:39:866	EVENT:SEND           	base:4201    	next:4401    	cwnd:1742  	ssthresh:1600  	state:CongAvoid   	info:DATA_seq: 4301
2026-03-27 13:54:39:867	EVENT:DUP_ACK        	base:4201    	next:4401    	cwnd:1742  	ssthresh:1600  	state:CongAvoid   	info:AckNum: 4101 count: 1
2026-03-27 13:54:39:879	EVENT:SEND           	base:4201    	next:4501    	cwnd:1742  	ssthresh:1600  	state:CongAvoid   	info:DATA_seq: 4401
2026-03-27 13:54:39:880	EVENT:DUP_ACK        	base:4201    	next:4501    	cwnd:1742  	ssthresh:1600  	state:CongAvoid   	info:AckNum: 4101 count: 2
2026-03-27 13:54:39:891	EVENT:SEND           	base:4201    	next:4601    	cwnd:1742  	ssthresh:1600  	state:CongAvoid   	info:DATA_seq: 4501
2026-03-27 13:54:39:892	EVENT:DUP_ACK        	base:4201    	next:4601    	cwnd:1742  	ssthresh:1600  	state:CongAvoid   	info:AckNum: 4101 count: 3
2026-03-27 13:54:39:892	EVENT:FAST_RETRANS   	base:4201    	next:4601    	cwnd:1100  	ssthresh:800   	state:FastRecovery	info:Retransmit seq: 4201
2026-03-27 13:54:39:892	EVENT:NEW_ACK        	base:4201    	next:4601    	cwnd:1100  	ssthresh:800   	state:FastRecovery	info:AckNum: 4201
2026-03-27 13:54:39:892	EVENT:EXIT_FR        	base:4201    	next:4601    	cwnd:800   	ssthresh:800   	state:CongAvoid   	info:Exit Fast Recovery
2026-03-27 13:54:39:892	EVENT:WINDOW_SLIDE   	base:4301    	next:4601    	cwnd:800   	ssthresh:800   	state:CongAvoid   	info:Base: 4201 -> 4301
2026-03-27 13:54:39:904	EVENT:SEND           	base:4301    	next:4701    	cwnd:800   	ssthresh:800   	state:CongAvoid   	info:DATA_seq: 4601
2026-03-27 13:54:39:904	EVENT:NEW_ACK        	base:4301    	next:4701    	cwnd:800   	ssthresh:800   	state:CongAvoid   	info:AckNum: 4601
2026-03-27 13:54:39:904	EVENT:WINDOW_SLIDE   	base:4701    	next:4701    	cwnd:812   	ssthresh:800   	state:CongAvoid   	info:Base: 4301 -> 4701
2026-03-27 13:54:39:917	EVENT:SEND           	base:4701    	next:4801    	cwnd:812   	ssthresh:800   	state:CongAvoid   	info:DATA_seq: 4701
2026-03-27 13:54:39:917	EVENT:NEW_ACK        	base:4701    	next:4801    	cwnd:812   	ssthresh:800   	state:CongAvoid   	info:AckNum: 4701
2026-03-27 13:54:39:917	EVENT:WINDOW_SLIDE   	base:4801    	next:4801    	cwnd:824   	ssthresh:800   	state:CongAvoid   	info:Base: 4701 -> 4801
2026-03-27 13:54:39:930	EVENT:SEND           	base:4801    	next:4901    	cwnd:824   	ssthresh:800   	state:CongAvoid   	info:DATA_seq: 4801
2026-03-27 13:54:39:931	EVENT:NEW_ACK        	base:4801    	next:4901    	cwnd:824   	ssthresh:800   	state:CongAvoid   	info:AckNum: 4801
2026-03-27 13:54:39:931	EVENT:WINDOW_SLIDE   	base:4901    	next:4901    	cwnd:836   	ssthresh:800   	state:CongAvoid   	info:Base: 4801 -> 4901
2026-03-27 13:54:39:941	EVENT:SEND           	base:4901    	next:5001    	cwnd:836   	ssthresh:800   	state:CongAvoid   	info:DATA_seq: 4901
2026-03-27 13:54:39:942	EVENT:NEW_ACK        	base:4901    	next:5001    	cwnd:836   	ssthresh:800   	state:CongAvoid   	info:AckNum: 4901
2026-03-27 13:54:39:942	EVENT:WINDOW_SLIDE   	base:5001    	next:5001    	cwnd:847   	ssthresh:800   	state:CongAvoid   	info:Base: 4901 -> 5001
2026-03-27 13:54:39:953	EVENT:SEND           	base:5001    	next:5101    	cwnd:847   	ssthresh:800   	state:CongAvoid   	info:DATA_seq: 5001
2026-03-27 13:54:39:954	EVENT:NEW_ACK        	base:5001    	next:5101    	cwnd:847   	ssthresh:800   	state:CongAvoid   	info:AckNum: 5001
2026-03-27 13:54:39:954	EVENT:WINDOW_SLIDE   	base:5101    	next:5101    	cwnd:858   	ssthresh:800   	state:CongAvoid   	info:Base: 5001 -> 5101
2026-03-27 13:54:39:966	EVENT:SEND           	base:5101    	next:5201    	cwnd:858   	ssthresh:800   	state:CongAvoid   	info:DATA_seq: 5101
2026-03-27 13:54:39:967	EVENT:NEW_ACK        	base:5101    	next:5201    	cwnd:858   	ssthresh:800   	state:CongAvoid   	info:AckNum: 5101
2026-03-27 13:54:39:967	EVENT:WINDOW_SLIDE   	base:5201    	next:5201    	cwnd:869   	ssthresh:800   	state:CongAvoid   	info:Base: 5101 -> 5201
2026-03-27 13:54:39:979	EVENT:SEND           	base:5201    	next:5301    	cwnd:869   	ssthresh:800   	state:CongAvoid   	info:DATA_seq: 5201
2026-03-27 13:54:39:980	EVENT:NEW_ACK        	base:5201    	next:5301    	cwnd:869   	ssthresh:800   	state:CongAvoid   	info:AckNum: 5201
2026-03-27 13:54:39:980	EVENT:WINDOW_SLIDE   	base:5301    	next:5301    	cwnd:880   	ssthresh:800   	state:CongAvoid   	info:Base: 5201 -> 5301
2026-03-27 13:54:39:992	EVENT:SEND           	base:5301    	next:5401    	cwnd:880   	ssthresh:800   	state:CongAvoid   	info:DATA_seq: 5301
2026-03-27 13:54:39:993	EVENT:NEW_ACK        	base:5301    	next:5401    	cwnd:880   	ssthresh:800   	state:CongAvoid   	info:AckNum: 5301
2026-03-27 13:54:39:993	EVENT:WINDOW_SLIDE   	base:5401    	next:5401    	cwnd:891   	ssthresh:800   	state:CongAvoid   	info:Base: 5301 -> 5401
2026-03-27 13:54:40:005	EVENT:SEND           	base:5401    	next:5501    	cwnd:891   	ssthresh:800   	state:CongAvoid   	info:DATA_seq: 5401
2026-03-27 13:54:40:006	EVENT:NEW_ACK        	base:5401    	next:5501    	cwnd:891   	ssthresh:800   	state:CongAvoid   	info:AckNum: 5401
2026-03-27 13:54:40:006	EVENT:WINDOW_SLIDE   	base:5501    	next:5501    	cwnd:902   	ssthresh:800   	state:CongAvoid   	info:Base: 5401 -> 5501
2026-03-27 13:54:40:018	EVENT:SEND           	base:5501    	next:5601    	cwnd:902   	ssthresh:800   	state:CongAvoid   	info:DATA_seq: 5501
2026-03-27 13:54:40:019	EVENT:NEW_ACK        	base:5501    	next:5601    	cwnd:902   	ssthresh:800   	state:CongAvoid   	info:AckNum: 5501
2026-03-27 13:54:40:019	EVENT:WINDOW_SLIDE   	base:5601    	next:5601    	cwnd:913   	ssthresh:800   	state:CongAvoid   	info:Base: 5501 -> 5601
2026-03-27 13:54:40:031	EVENT:SEND           	base:5601    	next:5701    	cwnd:913   	ssthresh:800   	state:CongAvoid   	info:DATA_seq: 5601
2026-03-27 13:54:40:032	EVENT:NEW_ACK        	base:5601    	next:5701    	cwnd:913   	ssthresh:800   	state:CongAvoid   	info:AckNum: 5601
2026-03-27 13:54:40:032	EVENT:WINDOW_SLIDE   	base:5701    	next:5701    	cwnd:923   	ssthresh:800   	state:CongAvoid   	info:Base: 5601 -> 5701
2026-03-27 13:54:40:044	EVENT:SEND           	base:5701    	next:5801    	cwnd:923   	ssthresh:800   	state:CongAvoid   	info:DATA_seq: 5701
2026-03-27 13:54:40:045	EVENT:NEW_ACK        	base:5701    	next:5801    	cwnd:923   	ssthresh:800   	state:CongAvoid   	info:AckNum: 5701
2026-03-27 13:54:40:045	EVENT:WINDOW_SLIDE   	base:5801    	next:5801    	cwnd:933   	ssthresh:800   	state:CongAvoid   	info:Base: 5701 -> 5801
2026-03-27 13:54:40:057	EVENT:SEND           	base:5801    	next:5901    	cwnd:933   	ssthresh:800   	state:CongAvoid   	info:DATA_seq: 5801
2026-03-27 13:54:40:057	EVENT:NEW_ACK        	base:5801    	next:5901    	cwnd:933   	ssthresh:800   	state:CongAvoid   	info:AckNum: 5801
2026-03-27 13:54:40:057	EVENT:WINDOW_SLIDE   	base:5901    	next:5901    	cwnd:943   	ssthresh:800   	state:CongAvoid   	info:Base: 5801 -> 5901
2026-03-27 13:54:40:070	EVENT:SEND           	base:5901    	next:6001    	cwnd:943   	ssthresh:800   	state:CongAvoid   	info:DATA_seq: 5901
2026-03-27 13:54:40:071	EVENT:NEW_ACK        	base:5901    	next:6001    	cwnd:943   	ssthresh:800   	state:CongAvoid   	info:AckNum: 5901
2026-03-27 13:54:40:071	EVENT:WINDOW_SLIDE   	base:6001    	next:6001    	cwnd:953   	ssthresh:800   	state:CongAvoid   	info:Base: 5901 -> 6001
2026-03-27 13:54:40:082	EVENT:SEND           	base:6001    	next:6101    	cwnd:953   	ssthresh:800   	state:CongAvoid   	info:DATA_seq: 6001
2026-03-27 13:54:40:083	EVENT:NEW_ACK        	base:6001    	next:6101    	cwnd:953   	ssthresh:800   	state:CongAvoid   	info:AckNum: 6001
2026-03-27 13:54:40:083	EVENT:WINDOW_SLIDE   	base:6101    	next:6101    	cwnd:963   	ssthresh:800   	state:CongAvoid   	info:Base: 6001 -> 6101
2026-03-27 13:54:40:095	EVENT:SEND           	base:6101    	next:6201    	cwnd:963   	ssthresh:800   	state:CongAvoid   	info:DATA_seq: 6101
2026-03-27 13:54:40:096	EVENT:NEW_ACK        	base:6101    	next:6201    	cwnd:963   	ssthresh:800   	state:CongAvoid   	info:AckNum: 6101
2026-03-27 13:54:40:096	EVENT:WINDOW_SLIDE   	base:6201    	next:6201    	cwnd:973   	ssthresh:800   	state:CongAvoid   	info:Base: 6101 -> 6201
2026-03-27 13:54:40:108	EVENT:SEND           	base:6201    	next:6301    	cwnd:973   	ssthresh:800   	state:CongAvoid   	info:DATA_seq: 6201
2026-03-27 13:54:40:109	EVENT:NEW_ACK        	base:6201    	next:6301    	cwnd:973   	ssthresh:800   	state:CongAvoid   	info:AckNum: 6201
2026-03-27 13:54:40:109	EVENT:WINDOW_SLIDE   	base:6301    	next:6301    	cwnd:983   	ssthresh:800   	state:CongAvoid   	info:Base: 6201 -> 6301
2026-03-27 13:54:40:121	EVENT:SEND           	base:6301    	next:6401    	cwnd:983   	ssthresh:800   	state:CongAvoid   	info:DATA_seq: 6301
2026-03-27 13:54:40:121	EVENT:NEW_ACK        	base:6301    	next:6401    	cwnd:983   	ssthresh:800   	state:CongAvoid   	info:AckNum: 6301
2026-03-27 13:54:40:121	EVENT:WINDOW_SLIDE   	base:6401    	next:6401    	cwnd:993   	ssthresh:800   	state:CongAvoid   	info:Base: 6301 -> 6401
2026-03-27 13:54:40:133	EVENT:SEND           	base:6401    	next:6501    	cwnd:993   	ssthresh:800   	state:CongAvoid   	info:DATA_seq: 6401
2026-03-27 13:54:40:134	EVENT:NEW_ACK        	base:6401    	next:6501    	cwnd:993   	ssthresh:800   	state:CongAvoid   	info:AckNum: 6401
2026-03-27 13:54:40:134	EVENT:WINDOW_SLIDE   	base:6501    	next:6501    	cwnd:1003  	ssthresh:800   	state:CongAvoid   	info:Base: 6401 -> 6501
2026-03-27 13:54:40:146	EVENT:SEND           	base:6501    	next:6601    	cwnd:1003  	ssthresh:800   	state:CongAvoid   	info:DATA_seq: 6501
2026-03-27 13:54:40:148	EVENT:NEW_ACK        	base:6501    	next:6601    	cwnd:1003  	ssthresh:800   	state:CongAvoid   	info:AckNum: 6501
2026-03-27 13:54:40:148	EVENT:WINDOW_SLIDE   	base:6601    	next:6601    	cwnd:1012  	ssthresh:800   	state:CongAvoid   	info:Base: 6501 -> 6601
2026-03-27 13:54:40:158	EVENT:SEND           	base:6601    	next:6701    	cwnd:1012  	ssthresh:800   	state:CongAvoid   	info:DATA_seq: 6601
2026-03-27 13:54:40:159	EVENT:NEW_ACK        	base:6601    	next:6701    	cwnd:1012  	ssthresh:800   	state:CongAvoid   	info:AckNum: 6601
2026-03-27 13:54:40:159	EVENT:WINDOW_SLIDE   	base:6701    	next:6701    	cwnd:1021  	ssthresh:800   	state:CongAvoid   	info:Base: 6601 -> 6701
2026-03-27 13:54:40:171	EVENT:SEND           	base:6701    	next:6801    	cwnd:1021  	ssthresh:800   	state:CongAvoid   	info:DATA_seq: 6701
2026-03-27 13:54:40:171	EVENT:NEW_ACK        	base:6701    	next:6801    	cwnd:1021  	ssthresh:800   	state:CongAvoid   	info:AckNum: 6701
2026-03-27 13:54:40:172	EVENT:WINDOW_SLIDE   	base:6801    	next:6801    	cwnd:1030  	ssthresh:800   	state:CongAvoid   	info:Base: 6701 -> 6801
2026-03-27 13:54:40:184	EVENT:SEND           	base:6801    	next:6901    	cwnd:1030  	ssthresh:800   	state:CongAvoid   	info:DATA_seq: 6801
2026-03-27 13:54:40:184	EVENT:NEW_ACK        	base:6801    	next:6901    	cwnd:1030  	ssthresh:800   	state:CongAvoid   	info:AckNum: 6801
2026-03-27 13:54:40:184	EVENT:WINDOW_SLIDE   	base:6901    	next:6901    	cwnd:1039  	ssthresh:800   	state:CongAvoid   	info:Base: 6801 -> 6901
2026-03-27 13:54:40:195	EVENT:SEND           	base:6901    	next:7001    	cwnd:1039  	ssthresh:800   	state:CongAvoid   	info:DATA_seq: 6901
2026-03-27 13:54:40:195	EVENT:NEW_ACK        	base:6901    	next:7001    	cwnd:1039  	ssthresh:800   	state:CongAvoid   	info:AckNum: 6901
2026-03-27 13:54:40:195	EVENT:WINDOW_SLIDE   	base:7001    	next:7001    	cwnd:1048  	ssthresh:800   	state:CongAvoid   	info:Base: 6901 -> 7001
2026-03-27 13:54:40:208	EVENT:SEND           	base:7001    	next:7101    	cwnd:1048  	ssthresh:800   	state:CongAvoid   	info:DATA_seq: 7001
2026-03-27 13:54:40:209	EVENT:NEW_ACK        	base:7001    	next:7101    	cwnd:1048  	ssthresh:800   	state:CongAvoid   	info:AckNum: 7001
2026-03-27 13:54:40:209	EVENT:WINDOW_SLIDE   	base:7101    	next:7101    	cwnd:1057  	ssthresh:800   	state:CongAvoid   	info:Base: 7001 -> 7101
2026-03-27 13:54:40:219	EVENT:SEND           	base:7101    	next:7201    	cwnd:1057  	ssthresh:800   	state:CongAvoid   	info:DATA_seq: 7101
2026-03-27 13:54:40:220	EVENT:NEW_ACK        	base:7101    	next:7201    	cwnd:1057  	ssthresh:800   	state:CongAvoid   	info:AckNum: 7101
2026-03-27 13:54:40:220	EVENT:WINDOW_SLIDE   	base:7201    	next:7201    	cwnd:1066  	ssthresh:800   	state:CongAvoid   	info:Base: 7101 -> 7201
2026-03-27 13:54:40:231	EVENT:SEND           	base:7201    	next:7301    	cwnd:1066  	ssthresh:800   	state:CongAvoid   	info:DATA_seq: 7201
2026-03-27 13:54:40:231	EVENT:NEW_ACK        	base:7201    	next:7301    	cwnd:1066  	ssthresh:800   	state:CongAvoid   	info:AckNum: 7201
2026-03-27 13:54:40:231	EVENT:WINDOW_SLIDE   	base:7301    	next:7301    	cwnd:1075  	ssthresh:800   	state:CongAvoid   	info:Base: 7201 -> 7301
2026-03-27 13:54:40:243	EVENT:SEND           	base:7301    	next:7401    	cwnd:1075  	ssthresh:800   	state:CongAvoid   	info:DATA_seq: 7301
2026-03-27 13:54:40:244	EVENT:NEW_ACK        	base:7301    	next:7401    	cwnd:1075  	ssthresh:800   	state:CongAvoid   	info:AckNum: 7301
2026-03-27 13:54:40:244	EVENT:WINDOW_SLIDE   	base:7401    	next:7401    	cwnd:1084  	ssthresh:800   	state:CongAvoid   	info:Base: 7301 -> 7401
2026-03-27 13:54:40:256	EVENT:SEND           	base:7401    	next:7501    	cwnd:1084  	ssthresh:800   	state:CongAvoid   	info:DATA_seq: 7401
2026-03-27 13:54:40:257	EVENT:NEW_ACK        	base:7401    	next:7501    	cwnd:1084  	ssthresh:800   	state:CongAvoid   	info:AckNum: 7401
2026-03-27 13:54:40:257	EVENT:WINDOW_SLIDE   	base:7501    	next:7501    	cwnd:1093  	ssthresh:800   	state:CongAvoid   	info:Base: 7401 -> 7501
2026-03-27 13:54:40:269	EVENT:SEND           	base:7501    	next:7601    	cwnd:1093  	ssthresh:800   	state:CongAvoid   	info:DATA_seq: 7501
2026-03-27 13:54:40:269	EVENT:NEW_ACK        	base:7501    	next:7601    	cwnd:1093  	ssthresh:800   	state:CongAvoid   	info:AckNum: 7501
2026-03-27 13:54:40:269	EVENT:WINDOW_SLIDE   	base:7601    	next:7601    	cwnd:1102  	ssthresh:800   	state:CongAvoid   	info:Base: 7501 -> 7601
2026-03-27 13:54:40:281	EVENT:SEND           	base:7601    	next:7701    	cwnd:1102  	ssthresh:800   	state:CongAvoid   	info:DATA_seq: 7601
2026-03-27 13:54:40:281	EVENT:NEW_ACK        	base:7601    	next:7701    	cwnd:1102  	ssthresh:800   	state:CongAvoid   	info:AckNum: 7601
2026-03-27 13:54:40:281	EVENT:WINDOW_SLIDE   	base:7701    	next:7701    	cwnd:1111  	ssthresh:800   	state:CongAvoid   	info:Base: 7601 -> 7701
2026-03-27 13:54:40:293	EVENT:SEND           	base:7701    	next:7801    	cwnd:1111  	ssthresh:800   	state:CongAvoid   	info:DATA_seq: 7701
2026-03-27 13:54:40:294	EVENT:NEW_ACK        	base:7701    	next:7801    	cwnd:1111  	ssthresh:800   	state:CongAvoid   	info:AckNum: 7701
2026-03-27 13:54:40:294	EVENT:WINDOW_SLIDE   	base:7801    	next:7801    	cwnd:1120  	ssthresh:800   	state:CongAvoid   	info:Base: 7701 -> 7801
2026-03-27 13:54:40:306	EVENT:SEND           	base:7801    	next:7901    	cwnd:1120  	ssthresh:800   	state:CongAvoid   	info:DATA_seq: 7801
2026-03-27 13:54:40:307	EVENT:NEW_ACK        	base:7801    	next:7901    	cwnd:1120  	ssthresh:800   	state:CongAvoid   	info:AckNum: 7801
2026-03-27 13:54:40:307	EVENT:WINDOW_SLIDE   	base:7901    	next:7901    	cwnd:1128  	ssthresh:800   	state:CongAvoid   	info:Base: 7801 -> 7901
2026-03-27 13:54:40:319	EVENT:SEND           	base:7901    	next:8001    	cwnd:1128  	ssthresh:800   	state:CongAvoid   	info:DATA_seq: 7901
2026-03-27 13:54:40:320	EVENT:NEW_ACK        	base:7901    	next:8001    	cwnd:1128  	ssthresh:800   	state:CongAvoid   	info:AckNum: 7901
2026-03-27 13:54:40:320	EVENT:WINDOW_SLIDE   	base:8001    	next:8001    	cwnd:1136  	ssthresh:800   	state:CongAvoid   	info:Base: 7901 -> 8001
2026-03-27 13:54:40:332	EVENT:SEND           	base:8001    	next:8101    	cwnd:1136  	ssthresh:800   	state:CongAvoid   	info:DATA_seq: 8001
2026-03-27 13:54:40:332	EVENT:NEW_ACK        	base:8001    	next:8101    	cwnd:1136  	ssthresh:800   	state:CongAvoid   	info:AckNum: 8001
2026-03-27 13:54:40:332	EVENT:WINDOW_SLIDE   	base:8101    	next:8101    	cwnd:1144  	ssthresh:800   	state:CongAvoid   	info:Base: 8001 -> 8101
2026-03-27 13:54:40:342	EVENT:SEND           	base:8101    	next:8201    	cwnd:1144  	ssthresh:800   	state:CongAvoid   	info:DATA_seq: 8101
2026-03-27 13:54:40:343	EVENT:NEW_ACK        	base:8101    	next:8201    	cwnd:1144  	ssthresh:800   	state:CongAvoid   	info:AckNum: 8101
2026-03-27 13:54:40:343	EVENT:WINDOW_SLIDE   	base:8201    	next:8201    	cwnd:1152  	ssthresh:800   	state:CongAvoid   	info:Base: 8101 -> 8201
2026-03-27 13:54:40:355	EVENT:SEND           	base:8201    	next:8301    	cwnd:1152  	ssthresh:800   	state:CongAvoid   	info:DATA_seq: 8201
2026-03-27 13:54:40:355	EVENT:NEW_ACK        	base:8201    	next:8301    	cwnd:1152  	ssthresh:800   	state:CongAvoid   	info:AckNum: 8201
2026-03-27 13:54:40:355	EVENT:WINDOW_SLIDE   	base:8301    	next:8301    	cwnd:1160  	ssthresh:800   	state:CongAvoid   	info:Base: 8201 -> 8301
2026-03-27 13:54:40:367	EVENT:SEND           	base:8301    	next:8401    	cwnd:1160  	ssthresh:800   	state:CongAvoid   	info:DATA_seq: 8301
2026-03-27 13:54:40:368	EVENT:NEW_ACK        	base:8301    	next:8401    	cwnd:1160  	ssthresh:800   	state:CongAvoid   	info:AckNum: 8301
2026-03-27 13:54:40:368	EVENT:WINDOW_SLIDE   	base:8401    	next:8401    	cwnd:1168  	ssthresh:800   	state:CongAvoid   	info:Base: 8301 -> 8401
2026-03-27 13:54:40:380	EVENT:SEND           	base:8401    	next:8501    	cwnd:1168  	ssthresh:800   	state:CongAvoid   	info:DATA_seq: 8401
2026-03-27 13:54:40:380	EVENT:NEW_ACK        	base:8401    	next:8501    	cwnd:1168  	ssthresh:800   	state:CongAvoid   	info:AckNum: 8401
2026-03-27 13:54:40:380	EVENT:WINDOW_SLIDE   	base:8501    	next:8501    	cwnd:1176  	ssthresh:800   	state:CongAvoid   	info:Base: 8401 -> 8501
2026-03-27 13:54:40:393	EVENT:SEND           	base:8501    	next:8601    	cwnd:1176  	ssthresh:800   	state:CongAvoid   	info:DATA_seq: 8501
2026-03-27 13:54:40:393	EVENT:NEW_ACK        	base:8501    	next:8601    	cwnd:1176  	ssthresh:800   	state:CongAvoid   	info:AckNum: 8501
2026-03-27 13:54:40:393	EVENT:WINDOW_SLIDE   	base:8601    	next:8601    	cwnd:1184  	ssthresh:800   	state:CongAvoid   	info:Base: 8501 -> 8601
2026-03-27 13:54:40:404	EVENT:SEND           	base:8601    	next:8701    	cwnd:1184  	ssthresh:800   	state:CongAvoid   	info:DATA_seq: 8601
2026-03-27 13:54:40:404	EVENT:NEW_ACK        	base:8601    	next:8701    	cwnd:1184  	ssthresh:800   	state:CongAvoid   	info:AckNum: 8601
2026-03-27 13:54:40:405	EVENT:WINDOW_SLIDE   	base:8701    	next:8701    	cwnd:1192  	ssthresh:800   	state:CongAvoid   	info:Base: 8601 -> 8701
2026-03-27 13:54:40:416	EVENT:SEND           	base:8701    	next:8801    	cwnd:1192  	ssthresh:800   	state:CongAvoid   	info:DATA_seq: 8701
2026-03-27 13:54:40:417	EVENT:NEW_ACK        	base:8701    	next:8801    	cwnd:1192  	ssthresh:800   	state:CongAvoid   	info:AckNum: 8701
2026-03-27 13:54:40:417	EVENT:WINDOW_SLIDE   	base:8801    	next:8801    	cwnd:1200  	ssthresh:800   	state:CongAvoid   	info:Base: 8701 -> 8801
2026-03-27 13:54:40:428	EVENT:SEND           	base:8801    	next:8901    	cwnd:1200  	ssthresh:800   	state:CongAvoid   	info:DATA_seq: 8801
2026-03-27 13:54:40:429	EVENT:NEW_ACK        	base:8801    	next:8901    	cwnd:1200  	ssthresh:800   	state:CongAvoid   	info:AckNum: 8801
2026-03-27 13:54:40:429	EVENT:WINDOW_SLIDE   	base:8901    	next:8901    	cwnd:1208  	ssthresh:800   	state:CongAvoid   	info:Base: 8801 -> 8901
2026-03-27 13:54:40:439	EVENT:SEND           	base:8901    	next:9001    	cwnd:1208  	ssthresh:800   	state:CongAvoid   	info:DATA_seq: 8901
2026-03-27 13:54:40:439	EVENT:NEW_ACK        	base:8901    	next:9001    	cwnd:1208  	ssthresh:800   	state:CongAvoid   	info:AckNum: 8901
2026-03-27 13:54:40:439	EVENT:WINDOW_SLIDE   	base:9001    	next:9001    	cwnd:1216  	ssthresh:800   	state:CongAvoid   	info:Base: 8901 -> 9001
2026-03-27 13:54:40:451	EVENT:SEND           	base:9001    	next:9101    	cwnd:1216  	ssthresh:800   	state:CongAvoid   	info:DATA_seq: 9001
2026-03-27 13:54:40:452	EVENT:NEW_ACK        	base:9001    	next:9101    	cwnd:1216  	ssthresh:800   	state:CongAvoid   	info:AckNum: 9001
2026-03-27 13:54:40:452	EVENT:WINDOW_SLIDE   	base:9101    	next:9101    	cwnd:1224  	ssthresh:800   	state:CongAvoid   	info:Base: 9001 -> 9101
2026-03-27 13:54:40:464	EVENT:SEND           	base:9101    	next:9201    	cwnd:1224  	ssthresh:800   	state:CongAvoid   	info:DATA_seq: 9101
2026-03-27 13:54:40:464	EVENT:NEW_ACK        	base:9101    	next:9201    	cwnd:1224  	ssthresh:800   	state:CongAvoid   	info:AckNum: 9101
2026-03-27 13:54:40:464	EVENT:WINDOW_SLIDE   	base:9201    	next:9201    	cwnd:1232  	ssthresh:800   	state:CongAvoid   	info:Base: 9101 -> 9201
2026-03-27 13:54:40:477	EVENT:SEND           	base:9201    	next:9301    	cwnd:1232  	ssthresh:800   	state:CongAvoid   	info:DATA_seq: 9201
2026-03-27 13:54:40:477	EVENT:NEW_ACK        	base:9201    	next:9301    	cwnd:1232  	ssthresh:800   	state:CongAvoid   	info:AckNum: 9201
2026-03-27 13:54:40:477	EVENT:WINDOW_SLIDE   	base:9301    	next:9301    	cwnd:1240  	ssthresh:800   	state:CongAvoid   	info:Base: 9201 -> 9301
2026-03-27 13:54:40:490	EVENT:SEND           	base:9301    	next:9401    	cwnd:1240  	ssthresh:800   	state:CongAvoid   	info:DATA_seq: 9301
2026-03-27 13:54:40:490	EVENT:NEW_ACK        	base:9301    	next:9401    	cwnd:1240  	ssthresh:800   	state:CongAvoid   	info:AckNum: 9301
2026-03-27 13:54:40:490	EVENT:WINDOW_SLIDE   	base:9401    	next:9401    	cwnd:1248  	ssthresh:800   	state:CongAvoid   	info:Base: 9301 -> 9401
2026-03-27 13:54:40:502	EVENT:SEND           	base:9401    	next:9501    	cwnd:1248  	ssthresh:800   	state:CongAvoid   	info:DATA_seq: 9401
2026-03-27 13:54:40:503	EVENT:NEW_ACK        	base:9401    	next:9501    	cwnd:1248  	ssthresh:800   	state:CongAvoid   	info:AckNum: 9401
2026-03-27 13:54:40:503	EVENT:WINDOW_SLIDE   	base:9501    	next:9501    	cwnd:1256  	ssthresh:800   	state:CongAvoid   	info:Base: 9401 -> 9501
2026-03-27 13:54:40:515	EVENT:SEND           	base:9501    	next:9601    	cwnd:1256  	ssthresh:800   	state:CongAvoid   	info:DATA_seq: 9501
2026-03-27 13:54:40:516	EVENT:NEW_ACK        	base:9501    	next:9601    	cwnd:1256  	ssthresh:800   	state:CongAvoid   	info:AckNum: 9501
2026-03-27 13:54:40:516	EVENT:WINDOW_SLIDE   	base:9601    	next:9601    	cwnd:1263  	ssthresh:800   	state:CongAvoid   	info:Base: 9501 -> 9601
2026-03-27 13:54:40:528	EVENT:SEND           	base:9601    	next:9701    	cwnd:1263  	ssthresh:800   	state:CongAvoid   	info:DATA_seq: 9601
2026-03-27 13:54:40:529	EVENT:NEW_ACK        	base:9601    	next:9701    	cwnd:1263  	ssthresh:800   	state:CongAvoid   	info:AckNum: 9601
2026-03-27 13:54:40:529	EVENT:WINDOW_SLIDE   	base:9701    	next:9701    	cwnd:1270  	ssthresh:800   	state:CongAvoid   	info:Base: 9601 -> 9701
2026-03-27 13:54:40:541	EVENT:SEND           	base:9701    	next:9801    	cwnd:1270  	ssthresh:800   	state:CongAvoid   	info:DATA_seq: 9701
2026-03-27 13:54:40:541	EVENT:NEW_ACK        	base:9701    	next:9801    	cwnd:1270  	ssthresh:800   	state:CongAvoid   	info:AckNum: 9701
2026-03-27 13:54:40:541	EVENT:WINDOW_SLIDE   	base:9801    	next:9801    	cwnd:1277  	ssthresh:800   	state:CongAvoid   	info:Base: 9701 -> 9801
2026-03-27 13:54:40:554	EVENT:SEND           	base:9801    	next:9901    	cwnd:1277  	ssthresh:800   	state:CongAvoid   	info:DATA_seq: 9801
2026-03-27 13:54:40:554	EVENT:NEW_ACK        	base:9801    	next:9901    	cwnd:1277  	ssthresh:800   	state:CongAvoid   	info:AckNum: 9801
2026-03-27 13:54:40:554	EVENT:WINDOW_SLIDE   	base:9901    	next:9901    	cwnd:1284  	ssthresh:800   	state:CongAvoid   	info:Base: 9801 -> 9901
2026-03-27 13:54:40:567	EVENT:SEND           	base:9901    	next:10001   	cwnd:1284  	ssthresh:800   	state:CongAvoid   	info:DATA_seq: 9901
2026-03-27 13:54:40:568	EVENT:NEW_ACK        	base:9901    	next:10001   	cwnd:1284  	ssthresh:800   	state:CongAvoid   	info:AckNum: 9901
2026-03-27 13:54:40:568	EVENT:WINDOW_SLIDE   	base:10001   	next:10001   	cwnd:1291  	ssthresh:800   	state:CongAvoid   	info:Base: 9901 -> 10001
2026-03-27 13:54:40:579	EVENT:SEND           	base:10001   	next:10101   	cwnd:1291  	ssthresh:800   	state:CongAvoid   	info:DATA_seq: 10001
2026-03-27 13:54:40:580	EVENT:NEW_ACK        	base:10001   	next:10101   	cwnd:1291  	ssthresh:800   	state:CongAvoid   	info:AckNum: 10001
2026-03-27 13:54:40:580	EVENT:WINDOW_SLIDE   	base:10101   	next:10101   	cwnd:1298  	ssthresh:800   	state:CongAvoid   	info:Base: 10001 -> 10101
2026-03-27 13:54:40:592	EVENT:SEND           	base:10101   	next:10201   	cwnd:1298  	ssthresh:800   	state:CongAvoid   	info:DATA_seq: 10101
2026-03-27 13:54:40:593	EVENT:NEW_ACK        	base:10101   	next:10201   	cwnd:1298  	ssthresh:800   	state:CongAvoid   	info:AckNum: 10101
2026-03-27 13:54:40:593	EVENT:WINDOW_SLIDE   	base:10201   	next:10201   	cwnd:1305  	ssthresh:800   	state:CongAvoid   	info:Base: 10101 -> 10201
2026-03-27 13:54:40:605	EVENT:SEND           	base:10201   	next:10301   	cwnd:1305  	ssthresh:800   	state:CongAvoid   	info:DATA_seq: 10201
2026-03-27 13:54:40:606	EVENT:NEW_ACK        	base:10201   	next:10301   	cwnd:1305  	ssthresh:800   	state:CongAvoid   	info:AckNum: 10201
2026-03-27 13:54:40:606	EVENT:WINDOW_SLIDE   	base:10301   	next:10301   	cwnd:1312  	ssthresh:800   	state:CongAvoid   	info:Base: 10201 -> 10301
2026-03-27 13:54:40:615	EVENT:SEND           	base:10301   	next:10401   	cwnd:1312  	ssthresh:800   	state:CongAvoid   	info:DATA_seq: 10301
2026-03-27 13:54:40:616	EVENT:NEW_ACK        	base:10301   	next:10401   	cwnd:1312  	ssthresh:800   	state:CongAvoid   	info:AckNum: 10301
2026-03-27 13:54:40:616	EVENT:WINDOW_SLIDE   	base:10401   	next:10401   	cwnd:1319  	ssthresh:800   	state:CongAvoid   	info:Base: 10301 -> 10401
2026-03-27 13:54:40:628	EVENT:SEND           	base:10401   	next:10501   	cwnd:1319  	ssthresh:800   	state:CongAvoid   	info:DATA_seq: 10401
2026-03-27 13:54:40:629	EVENT:NEW_ACK        	base:10401   	next:10501   	cwnd:1319  	ssthresh:800   	state:CongAvoid   	info:AckNum: 10401
2026-03-27 13:54:40:629	EVENT:WINDOW_SLIDE   	base:10501   	next:10501   	cwnd:1326  	ssthresh:800   	state:CongAvoid   	info:Base: 10401 -> 10501
2026-03-27 13:54:40:639	EVENT:SEND           	base:10501   	next:10601   	cwnd:1326  	ssthresh:800   	state:CongAvoid   	info:DATA_seq: 10501
2026-03-27 13:54:40:640	EVENT:NEW_ACK        	base:10501   	next:10601   	cwnd:1326  	ssthresh:800   	state:CongAvoid   	info:AckNum: 10501
2026-03-27 13:54:40:640	EVENT:WINDOW_SLIDE   	base:10601   	next:10601   	cwnd:1333  	ssthresh:800   	state:CongAvoid   	info:Base: 10501 -> 10601
2026-03-27 13:54:40:652	EVENT:SEND           	base:10601   	next:10701   	cwnd:1333  	ssthresh:800   	state:CongAvoid   	info:DATA_seq: 10601
2026-03-27 13:54:40:653	EVENT:NEW_ACK        	base:10601   	next:10701   	cwnd:1333  	ssthresh:800   	state:CongAvoid   	info:AckNum: 10601
2026-03-27 13:54:40:653	EVENT:WINDOW_SLIDE   	base:10701   	next:10701   	cwnd:1340  	ssthresh:800   	state:CongAvoid   	info:Base: 10601 -> 10701
2026-03-27 13:54:40:665	EVENT:SEND           	base:10701   	next:10801   	cwnd:1340  	ssthresh:800   	state:CongAvoid   	info:DATA_seq: 10701
2026-03-27 13:54:40:665	EVENT:NEW_ACK        	base:10701   	next:10801   	cwnd:1340  	ssthresh:800   	state:CongAvoid   	info:AckNum: 10701
2026-03-27 13:54:40:666	EVENT:WINDOW_SLIDE   	base:10801   	next:10801   	cwnd:1347  	ssthresh:800   	state:CongAvoid   	info:Base: 10701 -> 10801
2026-03-27 13:54:40:678	EVENT:SEND           	base:10801   	next:10901   	cwnd:1347  	ssthresh:800   	state:CongAvoid   	info:DATA_seq: 10801
2026-03-27 13:54:40:678	EVENT:NEW_ACK        	base:10801   	next:10901   	cwnd:1347  	ssthresh:800   	state:CongAvoid   	info:AckNum: 10801
2026-03-27 13:54:40:678	EVENT:WINDOW_SLIDE   	base:10901   	next:10901   	cwnd:1354  	ssthresh:800   	state:CongAvoid   	info:Base: 10801 -> 10901
2026-03-27 13:54:40:690	EVENT:SEND           	base:10901   	next:11001   	cwnd:1354  	ssthresh:800   	state:CongAvoid   	info:DATA_seq: 10901
2026-03-27 13:54:40:691	EVENT:NEW_ACK        	base:10901   	next:11001   	cwnd:1354  	ssthresh:800   	state:CongAvoid   	info:AckNum: 10901
2026-03-27 13:54:40:691	EVENT:WINDOW_SLIDE   	base:11001   	next:11001   	cwnd:1361  	ssthresh:800   	state:CongAvoid   	info:Base: 10901 -> 11001
2026-03-27 13:54:40:703	EVENT:SEND           	base:11001   	next:11101   	cwnd:1361  	ssthresh:800   	state:CongAvoid   	info:DATA_seq: 11001
2026-03-27 13:54:40:704	EVENT:NEW_ACK        	base:11001   	next:11101   	cwnd:1361  	ssthresh:800   	state:CongAvoid   	info:AckNum: 11001
2026-03-27 13:54:40:704	EVENT:WINDOW_SLIDE   	base:11101   	next:11101   	cwnd:1368  	ssthresh:800   	state:CongAvoid   	info:Base: 11001 -> 11101
2026-03-27 13:54:40:716	EVENT:SEND           	base:11101   	next:11201   	cwnd:1368  	ssthresh:800   	state:CongAvoid   	info:DATA_seq: 11101
2026-03-27 13:54:40:716	EVENT:NEW_ACK        	base:11101   	next:11201   	cwnd:1368  	ssthresh:800   	state:CongAvoid   	info:AckNum: 11101
2026-03-27 13:54:40:716	EVENT:WINDOW_SLIDE   	base:11201   	next:11201   	cwnd:1375  	ssthresh:800   	state:CongAvoid   	info:Base: 11101 -> 11201
2026-03-27 13:54:40:729	EVENT:SEND           	base:11201   	next:11301   	cwnd:1375  	ssthresh:800   	state:CongAvoid   	info:DATA_seq: 11201
2026-03-27 13:54:40:729	EVENT:NEW_ACK        	base:11201   	next:11301   	cwnd:1375  	ssthresh:800   	state:CongAvoid   	info:AckNum: 11201
2026-03-27 13:54:40:729	EVENT:WINDOW_SLIDE   	base:11301   	next:11301   	cwnd:1382  	ssthresh:800   	state:CongAvoid   	info:Base: 11201 -> 11301
2026-03-27 13:54:40:740	EVENT:SEND           	base:11301   	next:11401   	cwnd:1382  	ssthresh:800   	state:CongAvoid   	info:DATA_seq: 11301
2026-03-27 13:54:40:740	EVENT:NEW_ACK        	base:11301   	next:11401   	cwnd:1382  	ssthresh:800   	state:CongAvoid   	info:AckNum: 11301
2026-03-27 13:54:40:740	EVENT:WINDOW_SLIDE   	base:11401   	next:11401   	cwnd:1389  	ssthresh:800   	state:CongAvoid   	info:Base: 11301 -> 11401
2026-03-27 13:54:40:753	EVENT:SEND           	base:11401   	next:11501   	cwnd:1389  	ssthresh:800   	state:CongAvoid   	info:DATA_seq: 11401
2026-03-27 13:54:40:753	EVENT:NEW_ACK        	base:11401   	next:11501   	cwnd:1389  	ssthresh:800   	state:CongAvoid   	info:AckNum: 11401
2026-03-27 13:54:40:753	EVENT:WINDOW_SLIDE   	base:11501   	next:11501   	cwnd:1396  	ssthresh:800   	state:CongAvoid   	info:Base: 11401 -> 11501
2026-03-27 13:54:40:765	EVENT:SEND           	base:11501   	next:11601   	cwnd:1396  	ssthresh:800   	state:CongAvoid   	info:DATA_seq: 11501
2026-03-27 13:54:40:766	EVENT:NEW_ACK        	base:11501   	next:11601   	cwnd:1396  	ssthresh:800   	state:CongAvoid   	info:AckNum: 11501
2026-03-27 13:54:40:766	EVENT:WINDOW_SLIDE   	base:11601   	next:11601   	cwnd:1403  	ssthresh:800   	state:CongAvoid   	info:Base: 11501 -> 11601
2026-03-27 13:54:40:778	EVENT:SEND           	base:11601   	next:11701   	cwnd:1403  	ssthresh:800   	state:CongAvoid   	info:DATA_seq: 11601
2026-03-27 13:54:40:779	EVENT:NEW_ACK        	base:11601   	next:11701   	cwnd:1403  	ssthresh:800   	state:CongAvoid   	info:AckNum: 11601
2026-03-27 13:54:40:779	EVENT:WINDOW_SLIDE   	base:11701   	next:11701   	cwnd:1410  	ssthresh:800   	state:CongAvoid   	info:Base: 11601 -> 11701
2026-03-27 13:54:40:791	EVENT:SEND           	base:11701   	next:11801   	cwnd:1410  	ssthresh:800   	state:CongAvoid   	info:DATA_seq: 11701
2026-03-27 13:54:40:792	EVENT:NEW_ACK        	base:11701   	next:11801   	cwnd:1410  	ssthresh:800   	state:CongAvoid   	info:AckNum: 11701
2026-03-27 13:54:40:792	EVENT:WINDOW_SLIDE   	base:11801   	next:11801   	cwnd:1417  	ssthresh:800   	state:CongAvoid   	info:Base: 11701 -> 11801
2026-03-27 13:54:40:803	EVENT:SEND           	base:11801   	next:11901   	cwnd:1417  	ssthresh:800   	state:CongAvoid   	info:DATA_seq: 11801
2026-03-27 13:54:40:804	EVENT:NEW_ACK        	base:11801   	next:11901   	cwnd:1417  	ssthresh:800   	state:CongAvoid   	info:AckNum: 11801
2026-03-27 13:54:40:804	EVENT:WINDOW_SLIDE   	base:11901   	next:11901   	cwnd:1424  	ssthresh:800   	state:CongAvoid   	info:Base: 11801 -> 11901
2026-03-27 13:54:40:815	EVENT:SEND           	base:11901   	next:12001   	cwnd:1424  	ssthresh:800   	state:CongAvoid   	info:DATA_seq: 11901
2026-03-27 13:54:40:816	EVENT:NEW_ACK        	base:11901   	next:12001   	cwnd:1424  	ssthresh:800   	state:CongAvoid   	info:AckNum: 11901
2026-03-27 13:54:40:817	EVENT:WINDOW_SLIDE   	base:12001   	next:12001   	cwnd:1431  	ssthresh:800   	state:CongAvoid   	info:Base: 11901 -> 12001
2026-03-27 13:54:40:828	EVENT:SEND           	base:12001   	next:12101   	cwnd:1431  	ssthresh:800   	state:CongAvoid   	info:DATA_seq: 12001
2026-03-27 13:54:40:828	EVENT:NEW_ACK        	base:12001   	next:12101   	cwnd:1431  	ssthresh:800   	state:CongAvoid   	info:AckNum: 12001
2026-03-27 13:54:40:828	EVENT:WINDOW_SLIDE   	base:12101   	next:12101   	cwnd:1437  	ssthresh:800   	state:CongAvoid   	info:Base: 12001 -> 12101
2026-03-27 13:54:40:840	EVENT:SEND           	base:12101   	next:12201   	cwnd:1437  	ssthresh:800   	state:CongAvoid   	info:DATA_seq: 12101
2026-03-27 13:54:40:840	EVENT:NEW_ACK        	base:12101   	next:12201   	cwnd:1437  	ssthresh:800   	state:CongAvoid   	info:AckNum: 12101
2026-03-27 13:54:40:840	EVENT:WINDOW_SLIDE   	base:12201   	next:12201   	cwnd:1443  	ssthresh:800   	state:CongAvoid   	info:Base: 12101 -> 12201
2026-03-27 13:54:40:852	EVENT:SEND           	base:12201   	next:12301   	cwnd:1443  	ssthresh:800   	state:CongAvoid   	info:DATA_seq: 12201
2026-03-27 13:54:40:853	EVENT:NEW_ACK        	base:12201   	next:12301   	cwnd:1443  	ssthresh:800   	state:CongAvoid   	info:AckNum: 12201
2026-03-27 13:54:40:853	EVENT:WINDOW_SLIDE   	base:12301   	next:12301   	cwnd:1449  	ssthresh:800   	state:CongAvoid   	info:Base: 12201 -> 12301
2026-03-27 13:54:40:865	EVENT:SEND           	base:12301   	next:12401   	cwnd:1449  	ssthresh:800   	state:CongAvoid   	info:DATA_seq: 12301
2026-03-27 13:54:40:866	EVENT:NEW_ACK        	base:12301   	next:12401   	cwnd:1449  	ssthresh:800   	state:CongAvoid   	info:AckNum: 12301
2026-03-27 13:54:40:866	EVENT:WINDOW_SLIDE   	base:12401   	next:12401   	cwnd:1455  	ssthresh:800   	state:CongAvoid   	info:Base: 12301 -> 12401
2026-03-27 13:54:40:878	EVENT:SEND           	base:12401   	next:12501   	cwnd:1455  	ssthresh:800   	state:CongAvoid   	info:DATA_seq: 12401
2026-03-27 13:54:40:879	EVENT:NEW_ACK        	base:12401   	next:12501   	cwnd:1455  	ssthresh:800   	state:CongAvoid   	info:AckNum: 12401
2026-03-27 13:54:40:879	EVENT:WINDOW_SLIDE   	base:12501   	next:12501   	cwnd:1461  	ssthresh:800   	state:CongAvoid   	info:Base: 12401 -> 12501
2026-03-27 13:54:40:891	EVENT:SEND           	base:12501   	next:12601   	cwnd:1461  	ssthresh:800   	state:CongAvoid   	info:DATA_seq: 12501
2026-03-27 13:54:40:892	EVENT:NEW_ACK        	base:12501   	next:12601   	cwnd:1461  	ssthresh:800   	state:CongAvoid   	info:AckNum: 12501
2026-03-27 13:54:40:892	EVENT:WINDOW_SLIDE   	base:12601   	next:12601   	cwnd:1467  	ssthresh:800   	state:CongAvoid   	info:Base: 12501 -> 12601
2026-03-27 13:54:40:904	EVENT:SEND           	base:12601   	next:12701   	cwnd:1467  	ssthresh:800   	state:CongAvoid   	info:DATA_seq: 12601
2026-03-27 13:54:40:905	EVENT:NEW_ACK        	base:12601   	next:12701   	cwnd:1467  	ssthresh:800   	state:CongAvoid   	info:AckNum: 12601
2026-03-27 13:54:40:905	EVENT:WINDOW_SLIDE   	base:12701   	next:12701   	cwnd:1473  	ssthresh:800   	state:CongAvoid   	info:Base: 12601 -> 12701
2026-03-27 13:54:40:917	EVENT:SEND           	base:12701   	next:12801   	cwnd:1473  	ssthresh:800   	state:CongAvoid   	info:DATA_seq: 12701
2026-03-27 13:54:40:918	EVENT:NEW_ACK        	base:12701   	next:12801   	cwnd:1473  	ssthresh:800   	state:CongAvoid   	info:AckNum: 12701
2026-03-27 13:54:40:918	EVENT:WINDOW_SLIDE   	base:12801   	next:12801   	cwnd:1479  	ssthresh:800   	state:CongAvoid   	info:Base: 12701 -> 12801
2026-03-27 13:54:40:930	EVENT:SEND           	base:12801   	next:12901   	cwnd:1479  	ssthresh:800   	state:CongAvoid   	info:DATA_seq: 12801
2026-03-27 13:54:40:931	EVENT:NEW_ACK        	base:12801   	next:12901   	cwnd:1479  	ssthresh:800   	state:CongAvoid   	info:AckNum: 12801
2026-03-27 13:54:40:931	EVENT:WINDOW_SLIDE   	base:12901   	next:12901   	cwnd:1485  	ssthresh:800   	state:CongAvoid   	info:Base: 12801 -> 12901
2026-03-27 13:54:40:943	EVENT:SEND           	base:12901   	next:13001   	cwnd:1485  	ssthresh:800   	state:CongAvoid   	info:DATA_seq: 12901
2026-03-27 13:54:40:945	EVENT:NEW_ACK        	base:12901   	next:13001   	cwnd:1485  	ssthresh:800   	state:CongAvoid   	info:AckNum: 12901
2026-03-27 13:54:40:945	EVENT:WINDOW_SLIDE   	base:13001   	next:13001   	cwnd:1491  	ssthresh:800   	state:CongAvoid   	info:Base: 12901 -> 13001
2026-03-27 13:54:40:956	EVENT:SEND           	base:13001   	next:13101   	cwnd:1491  	ssthresh:800   	state:CongAvoid   	info:DATA_seq: 13001
2026-03-27 13:54:40:956	EVENT:NEW_ACK        	base:13001   	next:13101   	cwnd:1491  	ssthresh:800   	state:CongAvoid   	info:AckNum: 13001
2026-03-27 13:54:40:956	EVENT:WINDOW_SLIDE   	base:13101   	next:13101   	cwnd:1497  	ssthresh:800   	state:CongAvoid   	info:Base: 13001 -> 13101
2026-03-27 13:54:40:967	EVENT:SEND           	base:13101   	next:13201   	cwnd:1497  	ssthresh:800   	state:CongAvoid   	info:DATA_seq: 13101
2026-03-27 13:54:40:967	EVENT:NEW_ACK        	base:13101   	next:13201   	cwnd:1497  	ssthresh:800   	state:CongAvoid   	info:AckNum: 13101
2026-03-27 13:54:40:967	EVENT:WINDOW_SLIDE   	base:13201   	next:13201   	cwnd:1503  	ssthresh:800   	state:CongAvoid   	info:Base: 13101 -> 13201
2026-03-27 13:54:40:979	EVENT:SEND           	base:13201   	next:13301   	cwnd:1503  	ssthresh:800   	state:CongAvoid   	info:DATA_seq: 13201
2026-03-27 13:54:40:980	EVENT:NEW_ACK        	base:13201   	next:13301   	cwnd:1503  	ssthresh:800   	state:CongAvoid   	info:AckNum: 13201
2026-03-27 13:54:40:980	EVENT:WINDOW_SLIDE   	base:13301   	next:13301   	cwnd:1509  	ssthresh:800   	state:CongAvoid   	info:Base: 13201 -> 13301
2026-03-27 13:54:40:992	EVENT:SEND           	base:13301   	next:13401   	cwnd:1509  	ssthresh:800   	state:CongAvoid   	info:DATA_seq: 13301
2026-03-27 13:54:40:993	EVENT:NEW_ACK        	base:13301   	next:13401   	cwnd:1509  	ssthresh:800   	state:CongAvoid   	info:AckNum: 13301
2026-03-27 13:54:40:993	EVENT:WINDOW_SLIDE   	base:13401   	next:13401   	cwnd:1515  	ssthresh:800   	state:CongAvoid   	info:Base: 13301 -> 13401
2026-03-27 13:54:41:004	EVENT:SEND           	base:13401   	next:13501   	cwnd:1515  	ssthresh:800   	state:CongAvoid   	info:DATA_seq: 13401
2026-03-27 13:54:41:004	EVENT:NEW_ACK        	base:13401   	next:13501   	cwnd:1515  	ssthresh:800   	state:CongAvoid   	info:AckNum: 13401
2026-03-27 13:54:41:004	EVENT:WINDOW_SLIDE   	base:13501   	next:13501   	cwnd:1521  	ssthresh:800   	state:CongAvoid   	info:Base: 13401 -> 13501
2026-03-27 13:54:41:014	EVENT:SEND           	base:13501   	next:13601   	cwnd:1521  	ssthresh:800   	state:CongAvoid   	info:DATA_seq: 13501
2026-03-27 13:54:41:015	EVENT:NEW_ACK        	base:13501   	next:13601   	cwnd:1521  	ssthresh:800   	state:CongAvoid   	info:AckNum: 13501
2026-03-27 13:54:41:015	EVENT:WINDOW_SLIDE   	base:13601   	next:13601   	cwnd:1527  	ssthresh:800   	state:CongAvoid   	info:Base: 13501 -> 13601
2026-03-27 13:54:41:027	EVENT:SEND           	base:13601   	next:13701   	cwnd:1527  	ssthresh:800   	state:CongAvoid   	info:DATA_seq: 13601
2026-03-27 13:54:41:027	EVENT:NEW_ACK        	base:13601   	next:13701   	cwnd:1527  	ssthresh:800   	state:CongAvoid   	info:AckNum: 13601
2026-03-27 13:54:41:027	EVENT:WINDOW_SLIDE   	base:13701   	next:13701   	cwnd:1533  	ssthresh:800   	state:CongAvoid   	info:Base: 13601 -> 13701
2026-03-27 13:54:41:040	EVENT:SEND           	base:13701   	next:13801   	cwnd:1533  	ssthresh:800   	state:CongAvoid   	info:DATA_seq: 13701
2026-03-27 13:54:41:040	EVENT:NEW_ACK        	base:13701   	next:13801   	cwnd:1533  	ssthresh:800   	state:CongAvoid   	info:AckNum: 13701
2026-03-27 13:54:41:040	EVENT:WINDOW_SLIDE   	base:13801   	next:13801   	cwnd:1539  	ssthresh:800   	state:CongAvoid   	info:Base: 13701 -> 13801
2026-03-27 13:54:41:052	EVENT:SEND           	base:13801   	next:13901   	cwnd:1539  	ssthresh:800   	state:CongAvoid   	info:DATA_seq: 13801
2026-03-27 13:54:41:053	EVENT:NEW_ACK        	base:13801   	next:13901   	cwnd:1539  	ssthresh:800   	state:CongAvoid   	info:AckNum: 13801
2026-03-27 13:54:41:053	EVENT:WINDOW_SLIDE   	base:13901   	next:13901   	cwnd:1545  	ssthresh:800   	state:CongAvoid   	info:Base: 13801 -> 13901
2026-03-27 13:54:41:064	EVENT:SEND           	base:13901   	next:14001   	cwnd:1545  	ssthresh:800   	state:CongAvoid   	info:DATA_seq: 13901
2026-03-27 13:54:41:065	EVENT:NEW_ACK        	base:13901   	next:14001   	cwnd:1545  	ssthresh:800   	state:CongAvoid   	info:AckNum: 13901
2026-03-27 13:54:41:065	EVENT:WINDOW_SLIDE   	base:14001   	next:14001   	cwnd:1551  	ssthresh:800   	state:CongAvoid   	info:Base: 13901 -> 14001
2026-03-27 13:54:41:075	EVENT:SEND           	base:14001   	next:14101   	cwnd:1551  	ssthresh:800   	state:CongAvoid   	info:DATA_seq: 14001
2026-03-27 13:54:41:076	EVENT:NEW_ACK        	base:14001   	next:14101   	cwnd:1551  	ssthresh:800   	state:CongAvoid   	info:AckNum: 14001
2026-03-27 13:54:41:076	EVENT:WINDOW_SLIDE   	base:14101   	next:14101   	cwnd:1557  	ssthresh:800   	state:CongAvoid   	info:Base: 14001 -> 14101
2026-03-27 13:54:41:088	EVENT:SEND           	base:14101   	next:14201   	cwnd:1557  	ssthresh:800   	state:CongAvoid   	info:DATA_seq: 14101
2026-03-27 13:54:41:088	EVENT:NEW_ACK        	base:14101   	next:14201   	cwnd:1557  	ssthresh:800   	state:CongAvoid   	info:AckNum: 14101
2026-03-27 13:54:41:088	EVENT:WINDOW_SLIDE   	base:14201   	next:14201   	cwnd:1563  	ssthresh:800   	state:CongAvoid   	info:Base: 14101 -> 14201
2026-03-27 13:54:41:101	EVENT:SEND           	base:14201   	next:14301   	cwnd:1563  	ssthresh:800   	state:CongAvoid   	info:DATA_seq: 14201
2026-03-27 13:54:41:101	EVENT:NEW_ACK        	base:14201   	next:14301   	cwnd:1563  	ssthresh:800   	state:CongAvoid   	info:AckNum: 14201
2026-03-27 13:54:41:101	EVENT:WINDOW_SLIDE   	base:14301   	next:14301   	cwnd:1569  	ssthresh:800   	state:CongAvoid   	info:Base: 14201 -> 14301
2026-03-27 13:54:41:114	EVENT:SEND           	base:14301   	next:14401   	cwnd:1569  	ssthresh:800   	state:CongAvoid   	info:DATA_seq: 14301
2026-03-27 13:54:41:114	EVENT:NEW_ACK        	base:14301   	next:14401   	cwnd:1569  	ssthresh:800   	state:CongAvoid   	info:AckNum: 14301
2026-03-27 13:54:41:114	EVENT:WINDOW_SLIDE   	base:14401   	next:14401   	cwnd:1575  	ssthresh:800   	state:CongAvoid   	info:Base: 14301 -> 14401
2026-03-27 13:54:41:126	EVENT:SEND           	base:14401   	next:14501   	cwnd:1575  	ssthresh:800   	state:CongAvoid   	info:DATA_seq: 14401
2026-03-27 13:54:41:127	EVENT:NEW_ACK        	base:14401   	next:14501   	cwnd:1575  	ssthresh:800   	state:CongAvoid   	info:AckNum: 14401
2026-03-27 13:54:41:127	EVENT:WINDOW_SLIDE   	base:14501   	next:14501   	cwnd:1581  	ssthresh:800   	state:CongAvoid   	info:Base: 14401 -> 14501
2026-03-27 13:54:41:139	EVENT:SEND           	base:14501   	next:14601   	cwnd:1581  	ssthresh:800   	state:CongAvoid   	info:DATA_seq: 14501
2026-03-27 13:54:41:140	EVENT:NEW_ACK        	base:14501   	next:14601   	cwnd:1581  	ssthresh:800   	state:CongAvoid   	info:AckNum: 14501
2026-03-27 13:54:41:140	EVENT:WINDOW_SLIDE   	base:14601   	next:14601   	cwnd:1587  	ssthresh:800   	state:CongAvoid   	info:Base: 14501 -> 14601
2026-03-27 13:54:41:152	EVENT:SEND           	base:14601   	next:14701   	cwnd:1587  	ssthresh:800   	state:CongAvoid   	info:DATA_seq: 14601
2026-03-27 13:54:41:152	EVENT:NEW_ACK        	base:14601   	next:14701   	cwnd:1587  	ssthresh:800   	state:CongAvoid   	info:AckNum: 14601
2026-03-27 13:54:41:152	EVENT:WINDOW_SLIDE   	base:14701   	next:14701   	cwnd:1593  	ssthresh:800   	state:CongAvoid   	info:Base: 14601 -> 14701
2026-03-27 13:54:41:165	EVENT:SEND           	base:14701   	next:14801   	cwnd:1593  	ssthresh:800   	state:CongAvoid   	info:DATA_seq: 14701
2026-03-27 13:54:41:165	EVENT:NEW_ACK        	base:14701   	next:14801   	cwnd:1593  	ssthresh:800   	state:CongAvoid   	info:AckNum: 14701
2026-03-27 13:54:41:165	EVENT:WINDOW_SLIDE   	base:14801   	next:14801   	cwnd:1599  	ssthresh:800   	state:CongAvoid   	info:Base: 14701 -> 14801
2026-03-27 13:54:41:177	EVENT:SEND           	base:14801   	next:14901   	cwnd:1599  	ssthresh:800   	state:CongAvoid   	info:DATA_seq: 14801
2026-03-27 13:54:41:178	EVENT:NEW_ACK        	base:14801   	next:14901   	cwnd:1599  	ssthresh:800   	state:CongAvoid   	info:AckNum: 14801
2026-03-27 13:54:41:178	EVENT:WINDOW_SLIDE   	base:14901   	next:14901   	cwnd:1605  	ssthresh:800   	state:CongAvoid   	info:Base: 14801 -> 14901
2026-03-27 13:54:41:189	EVENT:SEND           	base:14901   	next:15001   	cwnd:1605  	ssthresh:800   	state:CongAvoid   	info:DATA_seq: 14901
2026-03-27 13:54:41:190	EVENT:NEW_ACK        	base:14901   	next:15001   	cwnd:1605  	ssthresh:800   	state:CongAvoid   	info:AckNum: 14901
2026-03-27 13:54:41:190	EVENT:WINDOW_SLIDE   	base:15001   	next:15001   	cwnd:1611  	ssthresh:800   	state:CongAvoid   	info:Base: 14901 -> 15001
2026-03-27 13:54:41:202	EVENT:SEND           	base:15001   	next:15101   	cwnd:1611  	ssthresh:800   	state:CongAvoid   	info:DATA_seq: 15001
2026-03-27 13:54:41:203	EVENT:NEW_ACK        	base:15001   	next:15101   	cwnd:1611  	ssthresh:800   	state:CongAvoid   	info:AckNum: 15001
2026-03-27 13:54:41:203	EVENT:WINDOW_SLIDE   	base:15101   	next:15101   	cwnd:1617  	ssthresh:800   	state:CongAvoid   	info:Base: 15001 -> 15101
2026-03-27 13:54:41:214	EVENT:SEND           	base:15101   	next:15201   	cwnd:1617  	ssthresh:800   	state:CongAvoid   	info:DATA_seq: 15101
2026-03-27 13:54:41:214	EVENT:NEW_ACK        	base:15101   	next:15201   	cwnd:1617  	ssthresh:800   	state:CongAvoid   	info:AckNum: 15101
2026-03-27 13:54:41:214	EVENT:WINDOW_SLIDE   	base:15201   	next:15201   	cwnd:1623  	ssthresh:800   	state:CongAvoid   	info:Base: 15101 -> 15201
2026-03-27 13:54:41:227	EVENT:SEND           	base:15201   	next:15301   	cwnd:1623  	ssthresh:800   	state:CongAvoid   	info:DATA_seq: 15201
2026-03-27 13:54:41:227	EVENT:NEW_ACK        	base:15201   	next:15301   	cwnd:1623  	ssthresh:800   	state:CongAvoid   	info:AckNum: 15201
2026-03-27 13:54:41:227	EVENT:WINDOW_SLIDE   	base:15301   	next:15301   	cwnd:1629  	ssthresh:800   	state:CongAvoid   	info:Base: 15201 -> 15301
2026-03-27 13:54:41:238	EVENT:SEND           	base:15301   	next:15401   	cwnd:1629  	ssthresh:800   	state:CongAvoid   	info:DATA_seq: 15301
2026-03-27 13:54:41:239	EVENT:NEW_ACK        	base:15301   	next:15401   	cwnd:1629  	ssthresh:800   	state:CongAvoid   	info:AckNum: 15301
2026-03-27 13:54:41:239	EVENT:WINDOW_SLIDE   	base:15401   	next:15401   	cwnd:1635  	ssthresh:800   	state:CongAvoid   	info:Base: 15301 -> 15401
2026-03-27 13:54:41:250	EVENT:SEND           	base:15401   	next:15501   	cwnd:1635  	ssthresh:800   	state:CongAvoid   	info:DATA_seq: 15401
2026-03-27 13:54:41:251	EVENT:NEW_ACK        	base:15401   	next:15501   	cwnd:1635  	ssthresh:800   	state:CongAvoid   	info:AckNum: 15401
2026-03-27 13:54:41:251	EVENT:WINDOW_SLIDE   	base:15501   	next:15501   	cwnd:1641  	ssthresh:800   	state:CongAvoid   	info:Base: 15401 -> 15501
2026-03-27 13:54:41:263	EVENT:SEND           	base:15501   	next:15601   	cwnd:1641  	ssthresh:800   	state:CongAvoid   	info:DATA_seq: 15501
2026-03-27 13:54:41:263	EVENT:NEW_ACK        	base:15501   	next:15601   	cwnd:1641  	ssthresh:800   	state:CongAvoid   	info:AckNum: 15501
2026-03-27 13:54:41:264	EVENT:WINDOW_SLIDE   	base:15601   	next:15601   	cwnd:1647  	ssthresh:800   	state:CongAvoid   	info:Base: 15501 -> 15601
2026-03-27 13:54:41:276	EVENT:SEND           	base:15601   	next:15701   	cwnd:1647  	ssthresh:800   	state:CongAvoid   	info:DATA_seq: 15601
2026-03-27 13:54:41:276	EVENT:NEW_ACK        	base:15601   	next:15701   	cwnd:1647  	ssthresh:800   	state:CongAvoid   	info:AckNum: 15601
2026-03-27 13:54:41:277	EVENT:WINDOW_SLIDE   	base:15701   	next:15701   	cwnd:1653  	ssthresh:800   	state:CongAvoid   	info:Base: 15601 -> 15701
2026-03-27 13:54:41:287	EVENT:SEND           	base:15701   	next:15801   	cwnd:1653  	ssthresh:800   	state:CongAvoid   	info:DATA_seq: 15701
2026-03-27 13:54:41:288	EVENT:NEW_ACK        	base:15701   	next:15801   	cwnd:1653  	ssthresh:800   	state:CongAvoid   	info:AckNum: 15701
2026-03-27 13:54:41:288	EVENT:WINDOW_SLIDE   	base:15801   	next:15801   	cwnd:1659  	ssthresh:800   	state:CongAvoid   	info:Base: 15701 -> 15801
2026-03-27 13:54:41:303	EVENT:SEND           	base:15801   	next:15901   	cwnd:1659  	ssthresh:800   	state:CongAvoid   	info:DATA_seq: 15801
2026-03-27 13:54:41:304	EVENT:NEW_ACK        	base:15801   	next:15901   	cwnd:1659  	ssthresh:800   	state:CongAvoid   	info:AckNum: 15801
2026-03-27 13:54:41:304	EVENT:WINDOW_SLIDE   	base:15901   	next:15901   	cwnd:1665  	ssthresh:800   	state:CongAvoid   	info:Base: 15801 -> 15901
2026-03-27 13:54:41:316	EVENT:SEND           	base:15901   	next:16001   	cwnd:1665  	ssthresh:800   	state:CongAvoid   	info:DATA_seq: 15901
2026-03-27 13:54:41:317	EVENT:NEW_ACK        	base:15901   	next:16001   	cwnd:1665  	ssthresh:800   	state:CongAvoid   	info:AckNum: 15901
2026-03-27 13:54:41:317	EVENT:WINDOW_SLIDE   	base:16001   	next:16001   	cwnd:1671  	ssthresh:800   	state:CongAvoid   	info:Base: 15901 -> 16001
2026-03-27 13:54:41:329	EVENT:SEND           	base:16001   	next:16101   	cwnd:1671  	ssthresh:800   	state:CongAvoid   	info:DATA_seq: 16001
2026-03-27 13:54:41:329	EVENT:NEW_ACK        	base:16001   	next:16101   	cwnd:1671  	ssthresh:800   	state:CongAvoid   	info:AckNum: 16001
2026-03-27 13:54:41:329	EVENT:WINDOW_SLIDE   	base:16101   	next:16101   	cwnd:1676  	ssthresh:800   	state:CongAvoid   	info:Base: 16001 -> 16101
2026-03-27 13:54:41:342	EVENT:SEND           	base:16101   	next:16201   	cwnd:1676  	ssthresh:800   	state:CongAvoid   	info:DATA_seq: 16101
2026-03-27 13:54:41:342	EVENT:NEW_ACK        	base:16101   	next:16201   	cwnd:1676  	ssthresh:800   	state:CongAvoid   	info:AckNum: 16101
2026-03-27 13:54:41:342	EVENT:WINDOW_SLIDE   	base:16201   	next:16201   	cwnd:1681  	ssthresh:800   	state:CongAvoid   	info:Base: 16101 -> 16201
2026-03-27 13:54:41:355	EVENT:SEND           	base:16201   	next:16301   	cwnd:1681  	ssthresh:800   	state:CongAvoid   	info:DATA_seq: 16201
2026-03-27 13:54:41:355	EVENT:NEW_ACK        	base:16201   	next:16301   	cwnd:1681  	ssthresh:800   	state:CongAvoid   	info:AckNum: 16201
2026-03-27 13:54:41:355	EVENT:WINDOW_SLIDE   	base:16301   	next:16301   	cwnd:1686  	ssthresh:800   	state:CongAvoid   	info:Base: 16201 -> 16301
2026-03-27 13:54:41:367	EVENT:SEND           	base:16301   	next:16401   	cwnd:1686  	ssthresh:800   	state:CongAvoid   	info:DATA_seq: 16301
2026-03-27 13:54:41:368	EVENT:NEW_ACK        	base:16301   	next:16401   	cwnd:1686  	ssthresh:800   	state:CongAvoid   	info:AckNum: 16301
2026-03-27 13:54:41:368	EVENT:WINDOW_SLIDE   	base:16401   	next:16401   	cwnd:1691  	ssthresh:800   	state:CongAvoid   	info:Base: 16301 -> 16401
2026-03-27 13:54:41:380	EVENT:SEND           	base:16401   	next:16501   	cwnd:1691  	ssthresh:800   	state:CongAvoid   	info:DATA_seq: 16401
2026-03-27 13:54:41:381	EVENT:NEW_ACK        	base:16401   	next:16501   	cwnd:1691  	ssthresh:800   	state:CongAvoid   	info:AckNum: 16401
2026-03-27 13:54:41:381	EVENT:WINDOW_SLIDE   	base:16501   	next:16501   	cwnd:1696  	ssthresh:800   	state:CongAvoid   	info:Base: 16401 -> 16501
2026-03-27 13:54:41:393	EVENT:SEND           	base:16501   	next:16601   	cwnd:1696  	ssthresh:800   	state:CongAvoid   	info:DATA_seq: 16501
2026-03-27 13:54:41:394	EVENT:NEW_ACK        	base:16501   	next:16601   	cwnd:1696  	ssthresh:800   	state:CongAvoid   	info:AckNum: 16501
2026-03-27 13:54:41:394	EVENT:WINDOW_SLIDE   	base:16601   	next:16601   	cwnd:1701  	ssthresh:800   	state:CongAvoid   	info:Base: 16501 -> 16601
2026-03-27 13:54:41:406	EVENT:SEND           	base:16601   	next:16701   	cwnd:1701  	ssthresh:800   	state:CongAvoid   	info:DATA_seq: 16601
2026-03-27 13:54:41:407	EVENT:NEW_ACK        	base:16601   	next:16701   	cwnd:1701  	ssthresh:800   	state:CongAvoid   	info:AckNum: 16601
2026-03-27 13:54:41:407	EVENT:WINDOW_SLIDE   	base:16701   	next:16701   	cwnd:1706  	ssthresh:800   	state:CongAvoid   	info:Base: 16601 -> 16701
2026-03-27 13:54:41:419	EVENT:SEND           	base:16701   	next:16801   	cwnd:1706  	ssthresh:800   	state:CongAvoid   	info:DATA_seq: 16701
2026-03-27 13:54:41:420	EVENT:NEW_ACK        	base:16701   	next:16801   	cwnd:1706  	ssthresh:800   	state:CongAvoid   	info:AckNum: 16701
2026-03-27 13:54:41:420	EVENT:WINDOW_SLIDE   	base:16801   	next:16801   	cwnd:1711  	ssthresh:800   	state:CongAvoid   	info:Base: 16701 -> 16801
2026-03-27 13:54:41:432	EVENT:SEND           	base:16801   	next:16901   	cwnd:1711  	ssthresh:800   	state:CongAvoid   	info:DATA_seq: 16801
2026-03-27 13:54:41:432	EVENT:NEW_ACK        	base:16801   	next:16901   	cwnd:1711  	ssthresh:800   	state:CongAvoid   	info:AckNum: 16801
2026-03-27 13:54:41:432	EVENT:WINDOW_SLIDE   	base:16901   	next:16901   	cwnd:1716  	ssthresh:800   	state:CongAvoid   	info:Base: 16801 -> 16901
2026-03-27 13:54:41:445	EVENT:SEND           	base:16901   	next:17001   	cwnd:1716  	ssthresh:800   	state:CongAvoid   	info:DATA_seq: 16901
2026-03-27 13:54:41:446	EVENT:NEW_ACK        	base:16901   	next:17001   	cwnd:1716  	ssthresh:800   	state:CongAvoid   	info:AckNum: 16901
2026-03-27 13:54:41:446	EVENT:WINDOW_SLIDE   	base:17001   	next:17001   	cwnd:1721  	ssthresh:800   	state:CongAvoid   	info:Base: 16901 -> 17001
2026-03-27 13:54:41:458	EVENT:SEND           	base:17001   	next:17101   	cwnd:1721  	ssthresh:800   	state:CongAvoid   	info:DATA_seq: 17001
2026-03-27 13:54:41:458	EVENT:NEW_ACK        	base:17001   	next:17101   	cwnd:1721  	ssthresh:800   	state:CongAvoid   	info:AckNum: 17001
2026-03-27 13:54:41:458	EVENT:WINDOW_SLIDE   	base:17101   	next:17101   	cwnd:1726  	ssthresh:800   	state:CongAvoid   	info:Base: 17001 -> 17101
2026-03-27 13:54:41:468	EVENT:SEND           	base:17101   	next:17201   	cwnd:1726  	ssthresh:800   	state:CongAvoid   	info:DATA_seq: 17101
2026-03-27 13:54:41:469	EVENT:NEW_ACK        	base:17101   	next:17201   	cwnd:1726  	ssthresh:800   	state:CongAvoid   	info:AckNum: 17101
2026-03-27 13:54:41:469	EVENT:WINDOW_SLIDE   	base:17201   	next:17201   	cwnd:1731  	ssthresh:800   	state:CongAvoid   	info:Base: 17101 -> 17201
2026-03-27 13:54:41:480	EVENT:SEND           	base:17201   	next:17301   	cwnd:1731  	ssthresh:800   	state:CongAvoid   	info:DATA_seq: 17201
2026-03-27 13:54:41:481	EVENT:NEW_ACK        	base:17201   	next:17301   	cwnd:1731  	ssthresh:800   	state:CongAvoid   	info:AckNum: 17201
2026-03-27 13:54:41:481	EVENT:WINDOW_SLIDE   	base:17301   	next:17301   	cwnd:1736  	ssthresh:800   	state:CongAvoid   	info:Base: 17201 -> 17301
2026-03-27 13:54:41:493	EVENT:SEND           	base:17301   	next:17401   	cwnd:1736  	ssthresh:800   	state:CongAvoid   	info:DATA_seq: 17301
2026-03-27 13:54:41:494	EVENT:NEW_ACK        	base:17301   	next:17401   	cwnd:1736  	ssthresh:800   	state:CongAvoid   	info:AckNum: 17301
2026-03-27 13:54:41:494	EVENT:WINDOW_SLIDE   	base:17401   	next:17401   	cwnd:1741  	ssthresh:800   	state:CongAvoid   	info:Base: 17301 -> 17401
2026-03-27 13:54:41:506	EVENT:SEND           	base:17401   	next:17501   	cwnd:1741  	ssthresh:800   	state:CongAvoid   	info:DATA_seq: 17401
2026-03-27 13:54:41:506	EVENT:NEW_ACK        	base:17401   	next:17501   	cwnd:1741  	ssthresh:800   	state:CongAvoid   	info:AckNum: 17401
2026-03-27 13:54:41:506	EVENT:WINDOW_SLIDE   	base:17501   	next:17501   	cwnd:1746  	ssthresh:800   	state:CongAvoid   	info:Base: 17401 -> 17501
2026-03-27 13:54:41:519	EVENT:SEND           	base:17501   	next:17601   	cwnd:1746  	ssthresh:800   	state:CongAvoid   	info:DATA_seq: 17501
2026-03-27 13:54:41:519	EVENT:NEW_ACK        	base:17501   	next:17601   	cwnd:1746  	ssthresh:800   	state:CongAvoid   	info:AckNum: 17501
2026-03-27 13:54:41:519	EVENT:WINDOW_SLIDE   	base:17601   	next:17601   	cwnd:1751  	ssthresh:800   	state:CongAvoid   	info:Base: 17501 -> 17601
2026-03-27 13:54:41:531	EVENT:SEND           	base:17601   	next:17701   	cwnd:1751  	ssthresh:800   	state:CongAvoid   	info:DATA_seq: 17601
2026-03-27 13:54:41:532	EVENT:NEW_ACK        	base:17601   	next:17701   	cwnd:1751  	ssthresh:800   	state:CongAvoid   	info:AckNum: 17601
2026-03-27 13:54:41:532	EVENT:WINDOW_SLIDE   	base:17701   	next:17701   	cwnd:1756  	ssthresh:800   	state:CongAvoid   	info:Base: 17601 -> 17701
2026-03-27 13:54:41:544	EVENT:SEND           	base:17701   	next:17801   	cwnd:1756  	ssthresh:800   	state:CongAvoid   	info:DATA_seq: 17701
2026-03-27 13:54:41:545	EVENT:NEW_ACK        	base:17701   	next:17801   	cwnd:1756  	ssthresh:800   	state:CongAvoid   	info:AckNum: 17701
2026-03-27 13:54:41:545	EVENT:WINDOW_SLIDE   	base:17801   	next:17801   	cwnd:1761  	ssthresh:800   	state:CongAvoid   	info:Base: 17701 -> 17801
2026-03-27 13:54:41:557	EVENT:SEND           	base:17801   	next:17901   	cwnd:1761  	ssthresh:800   	state:CongAvoid   	info:DATA_seq: 17801
2026-03-27 13:54:41:557	EVENT:NEW_ACK        	base:17801   	next:17901   	cwnd:1761  	ssthresh:800   	state:CongAvoid   	info:AckNum: 17801
2026-03-27 13:54:41:557	EVENT:WINDOW_SLIDE   	base:17901   	next:17901   	cwnd:1766  	ssthresh:800   	state:CongAvoid   	info:Base: 17801 -> 17901
2026-03-27 13:54:41:569	EVENT:SEND           	base:17901   	next:18001   	cwnd:1766  	ssthresh:800   	state:CongAvoid   	info:DATA_seq: 17901
2026-03-27 13:54:41:570	EVENT:NEW_ACK        	base:17901   	next:18001   	cwnd:1766  	ssthresh:800   	state:CongAvoid   	info:AckNum: 17901
2026-03-27 13:54:41:570	EVENT:WINDOW_SLIDE   	base:18001   	next:18001   	cwnd:1771  	ssthresh:800   	state:CongAvoid   	info:Base: 17901 -> 18001
2026-03-27 13:54:41:582	EVENT:SEND           	base:18001   	next:18101   	cwnd:1771  	ssthresh:800   	state:CongAvoid   	info:DATA_seq: 18001
2026-03-27 13:54:41:583	EVENT:NEW_ACK        	base:18001   	next:18101   	cwnd:1771  	ssthresh:800   	state:CongAvoid   	info:AckNum: 18001
2026-03-27 13:54:41:583	EVENT:WINDOW_SLIDE   	base:18101   	next:18101   	cwnd:1776  	ssthresh:800   	state:CongAvoid   	info:Base: 18001 -> 18101
2026-03-27 13:54:41:595	EVENT:SEND           	base:18101   	next:18201   	cwnd:1776  	ssthresh:800   	state:CongAvoid   	info:DATA_seq: 18101
2026-03-27 13:54:41:596	EVENT:NEW_ACK        	base:18101   	next:18201   	cwnd:1776  	ssthresh:800   	state:CongAvoid   	info:AckNum: 18101
2026-03-27 13:54:41:596	EVENT:WINDOW_SLIDE   	base:18201   	next:18201   	cwnd:1781  	ssthresh:800   	state:CongAvoid   	info:Base: 18101 -> 18201
2026-03-27 13:54:41:608	EVENT:SEND           	base:18201   	next:18301   	cwnd:1781  	ssthresh:800   	state:CongAvoid   	info:DATA_seq: 18201
2026-03-27 13:54:41:608	EVENT:NEW_ACK        	base:18201   	next:18301   	cwnd:1781  	ssthresh:800   	state:CongAvoid   	info:AckNum: 18201
2026-03-27 13:54:41:608	EVENT:WINDOW_SLIDE   	base:18301   	next:18301   	cwnd:1786  	ssthresh:800   	state:CongAvoid   	info:Base: 18201 -> 18301
2026-03-27 13:54:41:620	EVENT:SEND           	base:18301   	next:18401   	cwnd:1786  	ssthresh:800   	state:CongAvoid   	info:DATA_seq: 18301
2026-03-27 13:54:41:621	EVENT:NEW_ACK        	base:18301   	next:18401   	cwnd:1786  	ssthresh:800   	state:CongAvoid   	info:AckNum: 18301
2026-03-27 13:54:41:621	EVENT:WINDOW_SLIDE   	base:18401   	next:18401   	cwnd:1791  	ssthresh:800   	state:CongAvoid   	info:Base: 18301 -> 18401
2026-03-27 13:54:41:632	EVENT:SEND           	base:18401   	next:18501   	cwnd:1791  	ssthresh:800   	state:CongAvoid   	info:DATA_seq: 18401
2026-03-27 13:54:41:632	EVENT:NEW_ACK        	base:18401   	next:18501   	cwnd:1791  	ssthresh:800   	state:CongAvoid   	info:AckNum: 18401
2026-03-27 13:54:41:632	EVENT:WINDOW_SLIDE   	base:18501   	next:18501   	cwnd:1796  	ssthresh:800   	state:CongAvoid   	info:Base: 18401 -> 18501
2026-03-27 13:54:41:645	EVENT:SEND           	base:18501   	next:18601   	cwnd:1796  	ssthresh:800   	state:CongAvoid   	info:DATA_seq: 18501
2026-03-27 13:54:41:645	EVENT:NEW_ACK        	base:18501   	next:18601   	cwnd:1796  	ssthresh:800   	state:CongAvoid   	info:AckNum: 18501
2026-03-27 13:54:41:645	EVENT:WINDOW_SLIDE   	base:18601   	next:18601   	cwnd:1801  	ssthresh:800   	state:CongAvoid   	info:Base: 18501 -> 18601
2026-03-27 13:54:41:656	EVENT:SEND           	base:18601   	next:18701   	cwnd:1801  	ssthresh:800   	state:CongAvoid   	info:DATA_seq: 18601
2026-03-27 13:54:41:657	EVENT:NEW_ACK        	base:18601   	next:18701   	cwnd:1801  	ssthresh:800   	state:CongAvoid   	info:AckNum: 18601
2026-03-27 13:54:41:657	EVENT:WINDOW_SLIDE   	base:18701   	next:18701   	cwnd:1806  	ssthresh:800   	state:CongAvoid   	info:Base: 18601 -> 18701
2026-03-27 13:54:41:669	EVENT:SEND           	base:18701   	next:18801   	cwnd:1806  	ssthresh:800   	state:CongAvoid   	info:DATA_seq: 18701
2026-03-27 13:54:41:670	EVENT:NEW_ACK        	base:18701   	next:18801   	cwnd:1806  	ssthresh:800   	state:CongAvoid   	info:AckNum: 18701
2026-03-27 13:54:41:670	EVENT:WINDOW_SLIDE   	base:18801   	next:18801   	cwnd:1811  	ssthresh:800   	state:CongAvoid   	info:Base: 18701 -> 18801
2026-03-27 13:54:41:682	EVENT:SEND           	base:18801   	next:18901   	cwnd:1811  	ssthresh:800   	state:CongAvoid   	info:DATA_seq: 18801
2026-03-27 13:54:41:683	EVENT:NEW_ACK        	base:18801   	next:18901   	cwnd:1811  	ssthresh:800   	state:CongAvoid   	info:AckNum: 18801
2026-03-27 13:54:41:683	EVENT:WINDOW_SLIDE   	base:18901   	next:18901   	cwnd:1816  	ssthresh:800   	state:CongAvoid   	info:Base: 18801 -> 18901
2026-03-27 13:54:41:695	EVENT:SEND           	base:18901   	next:19001   	cwnd:1816  	ssthresh:800   	state:CongAvoid   	info:DATA_seq: 18901
2026-03-27 13:54:41:695	EVENT:NEW_ACK        	base:18901   	next:19001   	cwnd:1816  	ssthresh:800   	state:CongAvoid   	info:AckNum: 18901
2026-03-27 13:54:41:695	EVENT:WINDOW_SLIDE   	base:19001   	next:19001   	cwnd:1821  	ssthresh:800   	state:CongAvoid   	info:Base: 18901 -> 19001
2026-03-27 13:54:41:708	EVENT:SEND           	base:19001   	next:19101   	cwnd:1821  	ssthresh:800   	state:CongAvoid   	info:DATA_seq: 19001
2026-03-27 13:54:41:708	EVENT:NEW_ACK        	base:19001   	next:19101   	cwnd:1821  	ssthresh:800   	state:CongAvoid   	info:AckNum: 19001
2026-03-27 13:54:41:708	EVENT:WINDOW_SLIDE   	base:19101   	next:19101   	cwnd:1826  	ssthresh:800   	state:CongAvoid   	info:Base: 19001 -> 19101
2026-03-27 13:54:41:720	EVENT:SEND           	base:19101   	next:19201   	cwnd:1826  	ssthresh:800   	state:CongAvoid   	info:DATA_seq: 19101
2026-03-27 13:54:41:721	EVENT:NEW_ACK        	base:19101   	next:19201   	cwnd:1826  	ssthresh:800   	state:CongAvoid   	info:AckNum: 19101
2026-03-27 13:54:41:721	EVENT:WINDOW_SLIDE   	base:19201   	next:19201   	cwnd:1831  	ssthresh:800   	state:CongAvoid   	info:Base: 19101 -> 19201
2026-03-27 13:54:41:733	EVENT:SEND           	base:19201   	next:19301   	cwnd:1831  	ssthresh:800   	state:CongAvoid   	info:DATA_seq: 19201
2026-03-27 13:54:41:734	EVENT:NEW_ACK        	base:19201   	next:19301   	cwnd:1831  	ssthresh:800   	state:CongAvoid   	info:AckNum: 19201
2026-03-27 13:54:41:734	EVENT:WINDOW_SLIDE   	base:19301   	next:19301   	cwnd:1836  	ssthresh:800   	state:CongAvoid   	info:Base: 19201 -> 19301
2026-03-27 13:54:41:746	EVENT:SEND           	base:19301   	next:19401   	cwnd:1836  	ssthresh:800   	state:CongAvoid   	info:DATA_seq: 19301
2026-03-27 13:54:41:747	EVENT:NEW_ACK        	base:19301   	next:19401   	cwnd:1836  	ssthresh:800   	state:CongAvoid   	info:AckNum: 19301
2026-03-27 13:54:41:747	EVENT:WINDOW_SLIDE   	base:19401   	next:19401   	cwnd:1841  	ssthresh:800   	state:CongAvoid   	info:Base: 19301 -> 19401
2026-03-27 13:54:41:759	EVENT:SEND           	base:19401   	next:19501   	cwnd:1841  	ssthresh:800   	state:CongAvoid   	info:DATA_seq: 19401
2026-03-27 13:54:41:759	EVENT:NEW_ACK        	base:19401   	next:19501   	cwnd:1841  	ssthresh:800   	state:CongAvoid   	info:AckNum: 19401
2026-03-27 13:54:41:759	EVENT:WINDOW_SLIDE   	base:19501   	next:19501   	cwnd:1846  	ssthresh:800   	state:CongAvoid   	info:Base: 19401 -> 19501
2026-03-27 13:54:41:772	EVENT:SEND           	base:19501   	next:19601   	cwnd:1846  	ssthresh:800   	state:CongAvoid   	info:DATA_seq: 19501
2026-03-27 13:54:41:772	EVENT:NEW_ACK        	base:19501   	next:19601   	cwnd:1846  	ssthresh:800   	state:CongAvoid   	info:AckNum: 19501
2026-03-27 13:54:41:772	EVENT:WINDOW_SLIDE   	base:19601   	next:19601   	cwnd:1851  	ssthresh:800   	state:CongAvoid   	info:Base: 19501 -> 19601
2026-03-27 13:54:41:785	EVENT:SEND           	base:19601   	next:19701   	cwnd:1851  	ssthresh:800   	state:CongAvoid   	info:DATA_seq: 19601
2026-03-27 13:54:41:785	EVENT:NEW_ACK        	base:19601   	next:19701   	cwnd:1851  	ssthresh:800   	state:CongAvoid   	info:AckNum: 19601
2026-03-27 13:54:41:785	EVENT:WINDOW_SLIDE   	base:19701   	next:19701   	cwnd:1856  	ssthresh:800   	state:CongAvoid   	info:Base: 19601 -> 19701
2026-03-27 13:54:41:795	EVENT:SEND           	base:19701   	next:19801   	cwnd:1856  	ssthresh:800   	state:CongAvoid   	info:DATA_seq: 19701
2026-03-27 13:54:41:796	EVENT:NEW_ACK        	base:19701   	next:19801   	cwnd:1856  	ssthresh:800   	state:CongAvoid   	info:AckNum: 19701
2026-03-27 13:54:41:796	EVENT:WINDOW_SLIDE   	base:19801   	next:19801   	cwnd:1861  	ssthresh:800   	state:CongAvoid   	info:Base: 19701 -> 19801
2026-03-27 13:54:41:807	EVENT:SEND           	base:19801   	next:19901   	cwnd:1861  	ssthresh:800   	state:CongAvoid   	info:DATA_seq: 19801
2026-03-27 13:54:41:808	EVENT:NEW_ACK        	base:19801   	next:19901   	cwnd:1861  	ssthresh:800   	state:CongAvoid   	info:AckNum: 19801
2026-03-27 13:54:41:808	EVENT:WINDOW_SLIDE   	base:19901   	next:19901   	cwnd:1866  	ssthresh:800   	state:CongAvoid   	info:Base: 19801 -> 19901
2026-03-27 13:54:41:819	EVENT:SEND           	base:19901   	next:20001   	cwnd:1866  	ssthresh:800   	state:CongAvoid   	info:DATA_seq: 19901
2026-03-27 13:54:41:821	EVENT:NEW_ACK        	base:19901   	next:20001   	cwnd:1866  	ssthresh:800   	state:CongAvoid   	info:AckNum: 19901
2026-03-27 13:54:41:821	EVENT:WINDOW_SLIDE   	base:20001   	next:20001   	cwnd:1871  	ssthresh:800   	state:CongAvoid   	info:Base: 19901 -> 20001
2026-03-27 13:54:41:832	EVENT:SEND           	base:20001   	next:20101   	cwnd:1871  	ssthresh:800   	state:CongAvoid   	info:DATA_seq: 20001
2026-03-27 13:54:41:832	EVENT:NEW_ACK        	base:20001   	next:20101   	cwnd:1871  	ssthresh:800   	state:CongAvoid   	info:AckNum: 20001
2026-03-27 13:54:41:832	EVENT:WINDOW_SLIDE   	base:20101   	next:20101   	cwnd:1876  	ssthresh:800   	state:CongAvoid   	info:Base: 20001 -> 20101
2026-03-27 13:54:41:844	EVENT:SEND           	base:20101   	next:20201   	cwnd:1876  	ssthresh:800   	state:CongAvoid   	info:DATA_seq: 20101
2026-03-27 13:54:41:845	EVENT:NEW_ACK        	base:20101   	next:20201   	cwnd:1876  	ssthresh:800   	state:CongAvoid   	info:AckNum: 20101
2026-03-27 13:54:41:845	EVENT:WINDOW_SLIDE   	base:20201   	next:20201   	cwnd:1881  	ssthresh:800   	state:CongAvoid   	info:Base: 20101 -> 20201
2026-03-27 13:54:41:857	EVENT:SEND           	base:20201   	next:20301   	cwnd:1881  	ssthresh:800   	state:CongAvoid   	info:DATA_seq: 20201
2026-03-27 13:54:41:858	EVENT:NEW_ACK        	base:20201   	next:20301   	cwnd:1881  	ssthresh:800   	state:CongAvoid   	info:AckNum: 20201
2026-03-27 13:54:41:858	EVENT:WINDOW_SLIDE   	base:20301   	next:20301   	cwnd:1886  	ssthresh:800   	state:CongAvoid   	info:Base: 20201 -> 20301
2026-03-27 13:54:41:870	EVENT:SEND           	base:20301   	next:20401   	cwnd:1886  	ssthresh:800   	state:CongAvoid   	info:DATA_seq: 20301
2026-03-27 13:54:41:871	EVENT:NEW_ACK        	base:20301   	next:20401   	cwnd:1886  	ssthresh:800   	state:CongAvoid   	info:AckNum: 20301
2026-03-27 13:54:41:871	EVENT:WINDOW_SLIDE   	base:20401   	next:20401   	cwnd:1891  	ssthresh:800   	state:CongAvoid   	info:Base: 20301 -> 20401
2026-03-27 13:54:41:883	EVENT:SEND           	base:20401   	next:20501   	cwnd:1891  	ssthresh:800   	state:CongAvoid   	info:DATA_seq: 20401
2026-03-27 13:54:41:883	EVENT:NEW_ACK        	base:20401   	next:20501   	cwnd:1891  	ssthresh:800   	state:CongAvoid   	info:AckNum: 20401
2026-03-27 13:54:41:883	EVENT:WINDOW_SLIDE   	base:20501   	next:20501   	cwnd:1896  	ssthresh:800   	state:CongAvoid   	info:Base: 20401 -> 20501
2026-03-27 13:54:41:895	EVENT:SEND           	base:20501   	next:20601   	cwnd:1896  	ssthresh:800   	state:CongAvoid   	info:DATA_seq: 20501
2026-03-27 13:54:41:896	EVENT:NEW_ACK        	base:20501   	next:20601   	cwnd:1896  	ssthresh:800   	state:CongAvoid   	info:AckNum: 20501
2026-03-27 13:54:41:896	EVENT:WINDOW_SLIDE   	base:20601   	next:20601   	cwnd:1901  	ssthresh:800   	state:CongAvoid   	info:Base: 20501 -> 20601
2026-03-27 13:54:41:908	EVENT:SEND           	base:20601   	next:20701   	cwnd:1901  	ssthresh:800   	state:CongAvoid   	info:DATA_seq: 20601
2026-03-27 13:54:41:909	EVENT:NEW_ACK        	base:20601   	next:20701   	cwnd:1901  	ssthresh:800   	state:CongAvoid   	info:AckNum: 20601
2026-03-27 13:54:41:909	EVENT:WINDOW_SLIDE   	base:20701   	next:20701   	cwnd:1906  	ssthresh:800   	state:CongAvoid   	info:Base: 20601 -> 20701
2026-03-27 13:54:41:921	EVENT:SEND           	base:20701   	next:20801   	cwnd:1906  	ssthresh:800   	state:CongAvoid   	info:DATA_seq: 20701
2026-03-27 13:54:41:922	EVENT:NEW_ACK        	base:20701   	next:20801   	cwnd:1906  	ssthresh:800   	state:CongAvoid   	info:AckNum: 20701
2026-03-27 13:54:41:922	EVENT:WINDOW_SLIDE   	base:20801   	next:20801   	cwnd:1911  	ssthresh:800   	state:CongAvoid   	info:Base: 20701 -> 20801
2026-03-27 13:54:41:934	EVENT:SEND           	base:20801   	next:20901   	cwnd:1911  	ssthresh:800   	state:CongAvoid   	info:DATA_seq: 20801
2026-03-27 13:54:41:935	EVENT:NEW_ACK        	base:20801   	next:20901   	cwnd:1911  	ssthresh:800   	state:CongAvoid   	info:AckNum: 20801
2026-03-27 13:54:41:935	EVENT:WINDOW_SLIDE   	base:20901   	next:20901   	cwnd:1916  	ssthresh:800   	state:CongAvoid   	info:Base: 20801 -> 20901
2026-03-27 13:54:41:945	EVENT:SEND           	base:20901   	next:21001   	cwnd:1916  	ssthresh:800   	state:CongAvoid   	info:DATA_seq: 20901
2026-03-27 13:54:41:946	EVENT:NEW_ACK        	base:20901   	next:21001   	cwnd:1916  	ssthresh:800   	state:CongAvoid   	info:AckNum: 20901
2026-03-27 13:54:41:946	EVENT:WINDOW_SLIDE   	base:21001   	next:21001   	cwnd:1921  	ssthresh:800   	state:CongAvoid   	info:Base: 20901 -> 21001
2026-03-27 13:54:41:958	EVENT:SEND           	base:21001   	next:21101   	cwnd:1921  	ssthresh:800   	state:CongAvoid   	info:DATA_seq: 21001
2026-03-27 13:54:41:959	EVENT:NEW_ACK        	base:21001   	next:21101   	cwnd:1921  	ssthresh:800   	state:CongAvoid   	info:AckNum: 21001
2026-03-27 13:54:41:959	EVENT:WINDOW_SLIDE   	base:21101   	next:21101   	cwnd:1926  	ssthresh:800   	state:CongAvoid   	info:Base: 21001 -> 21101
2026-03-27 13:54:41:971	EVENT:SEND           	base:21101   	next:21201   	cwnd:1926  	ssthresh:800   	state:CongAvoid   	info:DATA_seq: 21101
2026-03-27 13:54:41:972	EVENT:NEW_ACK        	base:21101   	next:21201   	cwnd:1926  	ssthresh:800   	state:CongAvoid   	info:AckNum: 21101
2026-03-27 13:54:41:972	EVENT:WINDOW_SLIDE   	base:21201   	next:21201   	cwnd:1931  	ssthresh:800   	state:CongAvoid   	info:Base: 21101 -> 21201
2026-03-27 13:54:41:984	EVENT:SEND           	base:21201   	next:21301   	cwnd:1931  	ssthresh:800   	state:CongAvoid   	info:DATA_seq: 21201
2026-03-27 13:54:41:985	EVENT:NEW_ACK        	base:21201   	next:21301   	cwnd:1931  	ssthresh:800   	state:CongAvoid   	info:AckNum: 21201
2026-03-27 13:54:41:985	EVENT:WINDOW_SLIDE   	base:21301   	next:21301   	cwnd:1936  	ssthresh:800   	state:CongAvoid   	info:Base: 21201 -> 21301
2026-03-27 13:54:41:997	EVENT:SEND           	base:21301   	next:21401   	cwnd:1936  	ssthresh:800   	state:CongAvoid   	info:DATA_seq: 21301
2026-03-27 13:54:41:997	EVENT:NEW_ACK        	base:21301   	next:21401   	cwnd:1936  	ssthresh:800   	state:CongAvoid   	info:AckNum: 21301
2026-03-27 13:54:41:997	EVENT:WINDOW_SLIDE   	base:21401   	next:21401   	cwnd:1941  	ssthresh:800   	state:CongAvoid   	info:Base: 21301 -> 21401
2026-03-27 13:54:42:010	EVENT:SEND           	base:21401   	next:21501   	cwnd:1941  	ssthresh:800   	state:CongAvoid   	info:DATA_seq: 21401
2026-03-27 13:54:42:010	EVENT:NEW_ACK        	base:21401   	next:21501   	cwnd:1941  	ssthresh:800   	state:CongAvoid   	info:AckNum: 21401
2026-03-27 13:54:42:010	EVENT:WINDOW_SLIDE   	base:21501   	next:21501   	cwnd:1946  	ssthresh:800   	state:CongAvoid   	info:Base: 21401 -> 21501
2026-03-27 13:54:42:021	EVENT:SEND           	base:21501   	next:21601   	cwnd:1946  	ssthresh:800   	state:CongAvoid   	info:DATA_seq: 21501
2026-03-27 13:54:42:021	EVENT:NEW_ACK        	base:21501   	next:21601   	cwnd:1946  	ssthresh:800   	state:CongAvoid   	info:AckNum: 21501
2026-03-27 13:54:42:021	EVENT:WINDOW_SLIDE   	base:21601   	next:21601   	cwnd:1951  	ssthresh:800   	state:CongAvoid   	info:Base: 21501 -> 21601
2026-03-27 13:54:42:033	EVENT:SEND           	base:21601   	next:21701   	cwnd:1951  	ssthresh:800   	state:CongAvoid   	info:DATA_seq: 21601
2026-03-27 13:54:42:034	EVENT:NEW_ACK        	base:21601   	next:21701   	cwnd:1951  	ssthresh:800   	state:CongAvoid   	info:AckNum: 21601
2026-03-27 13:54:42:034	EVENT:WINDOW_SLIDE   	base:21701   	next:21701   	cwnd:1956  	ssthresh:800   	state:CongAvoid   	info:Base: 21601 -> 21701
2026-03-27 13:54:42:044	EVENT:SEND           	base:21701   	next:21801   	cwnd:1956  	ssthresh:800   	state:CongAvoid   	info:DATA_seq: 21701
2026-03-27 13:54:42:045	EVENT:NEW_ACK        	base:21701   	next:21801   	cwnd:1956  	ssthresh:800   	state:CongAvoid   	info:AckNum: 21701
2026-03-27 13:54:42:045	EVENT:WINDOW_SLIDE   	base:21801   	next:21801   	cwnd:1961  	ssthresh:800   	state:CongAvoid   	info:Base: 21701 -> 21801
2026-03-27 13:54:42:057	EVENT:SEND           	base:21801   	next:21901   	cwnd:1961  	ssthresh:800   	state:CongAvoid   	info:DATA_seq: 21801
2026-03-27 13:54:42:058	EVENT:NEW_ACK        	base:21801   	next:21901   	cwnd:1961  	ssthresh:800   	state:CongAvoid   	info:AckNum: 21801
2026-03-27 13:54:42:058	EVENT:WINDOW_SLIDE   	base:21901   	next:21901   	cwnd:1966  	ssthresh:800   	state:CongAvoid   	info:Base: 21801 -> 21901
2026-03-27 13:54:42:070	EVENT:SEND           	base:21901   	next:22001   	cwnd:1966  	ssthresh:800   	state:CongAvoid   	info:DATA_seq: 21901
2026-03-27 13:54:42:071	EVENT:NEW_ACK        	base:21901   	next:22001   	cwnd:1966  	ssthresh:800   	state:CongAvoid   	info:AckNum: 21901
2026-03-27 13:54:42:071	EVENT:WINDOW_SLIDE   	base:22001   	next:22001   	cwnd:1971  	ssthresh:800   	state:CongAvoid   	info:Base: 21901 -> 22001
2026-03-27 13:54:42:083	EVENT:SEND           	base:22001   	next:22101   	cwnd:1971  	ssthresh:800   	state:CongAvoid   	info:DATA_seq: 22001
2026-03-27 13:54:42:083	EVENT:NEW_ACK        	base:22001   	next:22101   	cwnd:1971  	ssthresh:800   	state:CongAvoid   	info:AckNum: 22001
2026-03-27 13:54:42:083	EVENT:WINDOW_SLIDE   	base:22101   	next:22101   	cwnd:1976  	ssthresh:800   	state:CongAvoid   	info:Base: 22001 -> 22101
2026-03-27 13:54:42:094	EVENT:SEND           	base:22101   	next:22201   	cwnd:1976  	ssthresh:800   	state:CongAvoid   	info:DATA_seq: 22101
2026-03-27 13:54:42:094	EVENT:NEW_ACK        	base:22101   	next:22201   	cwnd:1976  	ssthresh:800   	state:CongAvoid   	info:AckNum: 22101
2026-03-27 13:54:42:094	EVENT:WINDOW_SLIDE   	base:22201   	next:22201   	cwnd:1981  	ssthresh:800   	state:CongAvoid   	info:Base: 22101 -> 22201
2026-03-27 13:54:42:107	EVENT:SEND           	base:22201   	next:22301   	cwnd:1981  	ssthresh:800   	state:CongAvoid   	info:DATA_seq: 22201
2026-03-27 13:54:42:107	EVENT:NEW_ACK        	base:22201   	next:22301   	cwnd:1981  	ssthresh:800   	state:CongAvoid   	info:AckNum: 22201
2026-03-27 13:54:42:107	EVENT:WINDOW_SLIDE   	base:22301   	next:22301   	cwnd:1986  	ssthresh:800   	state:CongAvoid   	info:Base: 22201 -> 22301
2026-03-27 13:54:42:119	EVENT:SEND           	base:22301   	next:22401   	cwnd:1986  	ssthresh:800   	state:CongAvoid   	info:DATA_seq: 22301
2026-03-27 13:54:42:120	EVENT:NEW_ACK        	base:22301   	next:22401   	cwnd:1986  	ssthresh:800   	state:CongAvoid   	info:AckNum: 22301
2026-03-27 13:54:42:120	EVENT:WINDOW_SLIDE   	base:22401   	next:22401   	cwnd:1991  	ssthresh:800   	state:CongAvoid   	info:Base: 22301 -> 22401
2026-03-27 13:54:42:132	EVENT:SEND           	base:22401   	next:22501   	cwnd:1991  	ssthresh:800   	state:CongAvoid   	info:DATA_seq: 22401
2026-03-27 13:54:42:133	EVENT:NEW_ACK        	base:22401   	next:22501   	cwnd:1991  	ssthresh:800   	state:CongAvoid   	info:AckNum: 22401
2026-03-27 13:54:42:133	EVENT:WINDOW_SLIDE   	base:22501   	next:22501   	cwnd:1996  	ssthresh:800   	state:CongAvoid   	info:Base: 22401 -> 22501
2026-03-27 13:54:42:145	EVENT:SEND           	base:22501   	next:22601   	cwnd:1996  	ssthresh:800   	state:CongAvoid   	info:DATA_seq: 22501
2026-03-27 13:54:42:145	EVENT:NEW_ACK        	base:22501   	next:22601   	cwnd:1996  	ssthresh:800   	state:CongAvoid   	info:AckNum: 22501
2026-03-27 13:54:42:145	EVENT:WINDOW_SLIDE   	base:22601   	next:22601   	cwnd:2001  	ssthresh:800   	state:CongAvoid   	info:Base: 22501 -> 22601
2026-03-27 13:54:42:157	EVENT:SEND           	base:22601   	next:22701   	cwnd:2001  	ssthresh:800   	state:CongAvoid   	info:DATA_seq: 22601
2026-03-27 13:54:42:157	EVENT:NEW_ACK        	base:22601   	next:22701   	cwnd:2001  	ssthresh:800   	state:CongAvoid   	info:AckNum: 22601
2026-03-27 13:54:42:157	EVENT:WINDOW_SLIDE   	base:22701   	next:22701   	cwnd:2005  	ssthresh:800   	state:CongAvoid   	info:Base: 22601 -> 22701
2026-03-27 13:54:42:170	EVENT:SEND           	base:22701   	next:22801   	cwnd:2005  	ssthresh:800   	state:CongAvoid   	info:DATA_seq: 22701
2026-03-27 13:54:42:170	EVENT:NEW_ACK        	base:22701   	next:22801   	cwnd:2005  	ssthresh:800   	state:CongAvoid   	info:AckNum: 22701
2026-03-27 13:54:42:170	EVENT:WINDOW_SLIDE   	base:22801   	next:22801   	cwnd:2009  	ssthresh:800   	state:CongAvoid   	info:Base: 22701 -> 22801
2026-03-27 13:54:42:182	EVENT:SEND           	base:22801   	next:22901   	cwnd:2009  	ssthresh:800   	state:CongAvoid   	info:DATA_seq: 22801
2026-03-27 13:54:42:183	EVENT:NEW_ACK        	base:22801   	next:22901   	cwnd:2009  	ssthresh:800   	state:CongAvoid   	info:AckNum: 22801
2026-03-27 13:54:42:183	EVENT:WINDOW_SLIDE   	base:22901   	next:22901   	cwnd:2013  	ssthresh:800   	state:CongAvoid   	info:Base: 22801 -> 22901
2026-03-27 13:54:42:195	EVENT:SEND           	base:22901   	next:23001   	cwnd:2013  	ssthresh:800   	state:CongAvoid   	info:DATA_seq: 22901
2026-03-27 13:54:42:196	EVENT:NEW_ACK        	base:22901   	next:23001   	cwnd:2013  	ssthresh:800   	state:CongAvoid   	info:AckNum: 22901
2026-03-27 13:54:42:196	EVENT:WINDOW_SLIDE   	base:23001   	next:23001   	cwnd:2017  	ssthresh:800   	state:CongAvoid   	info:Base: 22901 -> 23001
2026-03-27 13:54:42:208	EVENT:SEND           	base:23001   	next:23101   	cwnd:2017  	ssthresh:800   	state:CongAvoid   	info:DATA_seq: 23001
2026-03-27 13:54:42:209	EVENT:NEW_ACK        	base:23001   	next:23101   	cwnd:2017  	ssthresh:800   	state:CongAvoid   	info:AckNum: 23001
2026-03-27 13:54:42:209	EVENT:WINDOW_SLIDE   	base:23101   	next:23101   	cwnd:2021  	ssthresh:800   	state:CongAvoid   	info:Base: 23001 -> 23101
2026-03-27 13:54:42:221	EVENT:SEND           	base:23101   	next:23201   	cwnd:2021  	ssthresh:800   	state:CongAvoid   	info:DATA_seq: 23101
2026-03-27 13:54:42:222	EVENT:NEW_ACK        	base:23101   	next:23201   	cwnd:2021  	ssthresh:800   	state:CongAvoid   	info:AckNum: 23101
2026-03-27 13:54:42:222	EVENT:WINDOW_SLIDE   	base:23201   	next:23201   	cwnd:2025  	ssthresh:800   	state:CongAvoid   	info:Base: 23101 -> 23201
2026-03-27 13:54:42:234	EVENT:SEND           	base:23201   	next:23301   	cwnd:2025  	ssthresh:800   	state:CongAvoid   	info:DATA_seq: 23201
2026-03-27 13:54:42:234	EVENT:NEW_ACK        	base:23201   	next:23301   	cwnd:2025  	ssthresh:800   	state:CongAvoid   	info:AckNum: 23201
2026-03-27 13:54:42:234	EVENT:WINDOW_SLIDE   	base:23301   	next:23301   	cwnd:2029  	ssthresh:800   	state:CongAvoid   	info:Base: 23201 -> 23301
2026-03-27 13:54:42:246	EVENT:SEND           	base:23301   	next:23401   	cwnd:2029  	ssthresh:800   	state:CongAvoid   	info:DATA_seq: 23301
2026-03-27 13:54:42:246	EVENT:NEW_ACK        	base:23301   	next:23401   	cwnd:2029  	ssthresh:800   	state:CongAvoid   	info:AckNum: 23301
2026-03-27 13:54:42:246	EVENT:WINDOW_SLIDE   	base:23401   	next:23401   	cwnd:2033  	ssthresh:800   	state:CongAvoid   	info:Base: 23301 -> 23401
2026-03-27 13:54:42:259	EVENT:SEND           	base:23401   	next:23501   	cwnd:2033  	ssthresh:800   	state:CongAvoid   	info:DATA_seq: 23401
2026-03-27 13:54:42:259	EVENT:NEW_ACK        	base:23401   	next:23501   	cwnd:2033  	ssthresh:800   	state:CongAvoid   	info:AckNum: 23401
2026-03-27 13:54:42:259	EVENT:WINDOW_SLIDE   	base:23501   	next:23501   	cwnd:2037  	ssthresh:800   	state:CongAvoid   	info:Base: 23401 -> 23501
2026-03-27 13:54:42:270	EVENT:SEND           	base:23501   	next:23601   	cwnd:2037  	ssthresh:800   	state:CongAvoid   	info:DATA_seq: 23501
2026-03-27 13:54:42:271	EVENT:NEW_ACK        	base:23501   	next:23601   	cwnd:2037  	ssthresh:800   	state:CongAvoid   	info:AckNum: 23501
2026-03-27 13:54:42:271	EVENT:WINDOW_SLIDE   	base:23601   	next:23601   	cwnd:2041  	ssthresh:800   	state:CongAvoid   	info:Base: 23501 -> 23601
2026-03-27 13:54:42:281	EVENT:SEND           	base:23601   	next:23701   	cwnd:2041  	ssthresh:800   	state:CongAvoid   	info:DATA_seq: 23601
2026-03-27 13:54:42:282	EVENT:NEW_ACK        	base:23601   	next:23701   	cwnd:2041  	ssthresh:800   	state:CongAvoid   	info:AckNum: 23601
2026-03-27 13:54:42:282	EVENT:WINDOW_SLIDE   	base:23701   	next:23701   	cwnd:2045  	ssthresh:800   	state:CongAvoid   	info:Base: 23601 -> 23701
2026-03-27 13:54:42:293	EVENT:SEND           	base:23701   	next:23801   	cwnd:2045  	ssthresh:800   	state:CongAvoid   	info:DATA_seq: 23701
2026-03-27 13:54:42:294	EVENT:NEW_ACK        	base:23701   	next:23801   	cwnd:2045  	ssthresh:800   	state:CongAvoid   	info:AckNum: 23701
2026-03-27 13:54:42:294	EVENT:WINDOW_SLIDE   	base:23801   	next:23801   	cwnd:2049  	ssthresh:800   	state:CongAvoid   	info:Base: 23701 -> 23801
2026-03-27 13:54:42:306	EVENT:SEND           	base:23801   	next:23901   	cwnd:2049  	ssthresh:800   	state:CongAvoid   	info:DATA_seq: 23801
2026-03-27 13:54:42:307	EVENT:NEW_ACK        	base:23801   	next:23901   	cwnd:2049  	ssthresh:800   	state:CongAvoid   	info:AckNum: 23801
2026-03-27 13:54:42:307	EVENT:WINDOW_SLIDE   	base:23901   	next:23901   	cwnd:2053  	ssthresh:800   	state:CongAvoid   	info:Base: 23801 -> 23901
2026-03-27 13:54:42:319	EVENT:SEND           	base:23901   	next:24001   	cwnd:2053  	ssthresh:800   	state:CongAvoid   	info:DATA_seq: 23901
2026-03-27 13:54:42:321	EVENT:NEW_ACK        	base:23901   	next:24001   	cwnd:2053  	ssthresh:800   	state:CongAvoid   	info:AckNum: 23901
2026-03-27 13:54:42:321	EVENT:WINDOW_SLIDE   	base:24001   	next:24001   	cwnd:2057  	ssthresh:800   	state:CongAvoid   	info:Base: 23901 -> 24001
2026-03-27 13:54:42:332	EVENT:SEND           	base:24001   	next:24101   	cwnd:2057  	ssthresh:800   	state:CongAvoid   	info:DATA_seq: 24001
2026-03-27 13:54:42:332	EVENT:NEW_ACK        	base:24001   	next:24101   	cwnd:2057  	ssthresh:800   	state:CongAvoid   	info:AckNum: 24001
2026-03-27 13:54:42:333	EVENT:WINDOW_SLIDE   	base:24101   	next:24101   	cwnd:2061  	ssthresh:800   	state:CongAvoid   	info:Base: 24001 -> 24101
2026-03-27 13:54:42:344	EVENT:SEND           	base:24101   	next:24201   	cwnd:2061  	ssthresh:800   	state:CongAvoid   	info:DATA_seq: 24101
2026-03-27 13:54:42:345	EVENT:NEW_ACK        	base:24101   	next:24201   	cwnd:2061  	ssthresh:800   	state:CongAvoid   	info:AckNum: 24101
2026-03-27 13:54:42:345	EVENT:WINDOW_SLIDE   	base:24201   	next:24201   	cwnd:2065  	ssthresh:800   	state:CongAvoid   	info:Base: 24101 -> 24201
2026-03-27 13:54:42:356	EVENT:SEND           	base:24201   	next:24301   	cwnd:2065  	ssthresh:800   	state:CongAvoid   	info:DATA_seq: 24201
2026-03-27 13:54:42:357	EVENT:NEW_ACK        	base:24201   	next:24301   	cwnd:2065  	ssthresh:800   	state:CongAvoid   	info:AckNum: 24201
2026-03-27 13:54:42:357	EVENT:WINDOW_SLIDE   	base:24301   	next:24301   	cwnd:2069  	ssthresh:800   	state:CongAvoid   	info:Base: 24201 -> 24301
2026-03-27 13:54:42:369	EVENT:SEND           	base:24301   	next:24401   	cwnd:2069  	ssthresh:800   	state:CongAvoid   	info:DATA_seq: 24301
2026-03-27 13:54:42:370	EVENT:NEW_ACK        	base:24301   	next:24401   	cwnd:2069  	ssthresh:800   	state:CongAvoid   	info:AckNum: 24301
2026-03-27 13:54:42:370	EVENT:WINDOW_SLIDE   	base:24401   	next:24401   	cwnd:2073  	ssthresh:800   	state:CongAvoid   	info:Base: 24301 -> 24401
2026-03-27 13:54:42:382	EVENT:SEND           	base:24401   	next:24501   	cwnd:2073  	ssthresh:800   	state:CongAvoid   	info:DATA_seq: 24401
2026-03-27 13:54:42:383	EVENT:NEW_ACK        	base:24401   	next:24501   	cwnd:2073  	ssthresh:800   	state:CongAvoid   	info:AckNum: 24401
2026-03-27 13:54:42:383	EVENT:WINDOW_SLIDE   	base:24501   	next:24501   	cwnd:2077  	ssthresh:800   	state:CongAvoid   	info:Base: 24401 -> 24501
2026-03-27 13:54:42:395	EVENT:SEND           	base:24501   	next:24601   	cwnd:2077  	ssthresh:800   	state:CongAvoid   	info:DATA_seq: 24501
2026-03-27 13:54:42:396	EVENT:NEW_ACK        	base:24501   	next:24601   	cwnd:2077  	ssthresh:800   	state:CongAvoid   	info:AckNum: 24501
2026-03-27 13:54:42:396	EVENT:WINDOW_SLIDE   	base:24601   	next:24601   	cwnd:2081  	ssthresh:800   	state:CongAvoid   	info:Base: 24501 -> 24601
2026-03-27 13:54:42:408	EVENT:SEND           	base:24601   	next:24701   	cwnd:2081  	ssthresh:800   	state:CongAvoid   	info:DATA_seq: 24601
2026-03-27 13:54:42:409	EVENT:NEW_ACK        	base:24601   	next:24701   	cwnd:2081  	ssthresh:800   	state:CongAvoid   	info:AckNum: 24601
2026-03-27 13:54:42:409	EVENT:WINDOW_SLIDE   	base:24701   	next:24701   	cwnd:2085  	ssthresh:800   	state:CongAvoid   	info:Base: 24601 -> 24701
2026-03-27 13:54:42:421	EVENT:SEND           	base:24701   	next:24801   	cwnd:2085  	ssthresh:800   	state:CongAvoid   	info:DATA_seq: 24701
2026-03-27 13:54:42:421	EVENT:NEW_ACK        	base:24701   	next:24801   	cwnd:2085  	ssthresh:800   	state:CongAvoid   	info:AckNum: 24701
2026-03-27 13:54:42:421	EVENT:WINDOW_SLIDE   	base:24801   	next:24801   	cwnd:2089  	ssthresh:800   	state:CongAvoid   	info:Base: 24701 -> 24801
2026-03-27 13:54:42:434	EVENT:SEND           	base:24801   	next:24901   	cwnd:2089  	ssthresh:800   	state:CongAvoid   	info:DATA_seq: 24801
2026-03-27 13:54:42:434	EVENT:NEW_ACK        	base:24801   	next:24901   	cwnd:2089  	ssthresh:800   	state:CongAvoid   	info:AckNum: 24801
2026-03-27 13:54:42:434	EVENT:WINDOW_SLIDE   	base:24901   	next:24901   	cwnd:2093  	ssthresh:800   	state:CongAvoid   	info:Base: 24801 -> 24901
2026-03-27 13:54:42:446	EVENT:SEND           	base:24901   	next:25001   	cwnd:2093  	ssthresh:800   	state:CongAvoid   	info:DATA_seq: 24901
2026-03-27 13:54:42:447	EVENT:NEW_ACK        	base:24901   	next:25001   	cwnd:2093  	ssthresh:800   	state:CongAvoid   	info:AckNum: 24901
2026-03-27 13:54:42:447	EVENT:WINDOW_SLIDE   	base:25001   	next:25001   	cwnd:2097  	ssthresh:800   	state:CongAvoid   	info:Base: 24901 -> 25001
2026-03-27 13:54:42:459	EVENT:SEND           	base:25001   	next:25101   	cwnd:2097  	ssthresh:800   	state:CongAvoid   	info:DATA_seq: 25001
2026-03-27 13:54:42:459	EVENT:NEW_ACK        	base:25001   	next:25101   	cwnd:2097  	ssthresh:800   	state:CongAvoid   	info:AckNum: 25001
2026-03-27 13:54:42:459	EVENT:WINDOW_SLIDE   	base:25101   	next:25101   	cwnd:2101  	ssthresh:800   	state:CongAvoid   	info:Base: 25001 -> 25101
2026-03-27 13:54:42:472	EVENT:SEND           	base:25101   	next:25201   	cwnd:2101  	ssthresh:800   	state:CongAvoid   	info:DATA_seq: 25101
2026-03-27 13:54:42:472	EVENT:NEW_ACK        	base:25101   	next:25201   	cwnd:2101  	ssthresh:800   	state:CongAvoid   	info:AckNum: 25101
2026-03-27 13:54:42:472	EVENT:WINDOW_SLIDE   	base:25201   	next:25201   	cwnd:2105  	ssthresh:800   	state:CongAvoid   	info:Base: 25101 -> 25201
2026-03-27 13:54:42:483	EVENT:SEND           	base:25201   	next:25301   	cwnd:2105  	ssthresh:800   	state:CongAvoid   	info:DATA_seq: 25201
2026-03-27 13:54:42:484	EVENT:NEW_ACK        	base:25201   	next:25301   	cwnd:2105  	ssthresh:800   	state:CongAvoid   	info:AckNum: 25201
2026-03-27 13:54:42:484	EVENT:WINDOW_SLIDE   	base:25301   	next:25301   	cwnd:2109  	ssthresh:800   	state:CongAvoid   	info:Base: 25201 -> 25301
2026-03-27 13:54:42:496	EVENT:SEND           	base:25301   	next:25401   	cwnd:2109  	ssthresh:800   	state:CongAvoid   	info:DATA_seq: 25301
2026-03-27 13:54:42:496	EVENT:NEW_ACK        	base:25301   	next:25401   	cwnd:2109  	ssthresh:800   	state:CongAvoid   	info:AckNum: 25301
2026-03-27 13:54:42:496	EVENT:WINDOW_SLIDE   	base:25401   	next:25401   	cwnd:2113  	ssthresh:800   	state:CongAvoid   	info:Base: 25301 -> 25401
2026-03-27 13:54:42:507	EVENT:SEND           	base:25401   	next:25501   	cwnd:2113  	ssthresh:800   	state:CongAvoid   	info:DATA_seq: 25401
2026-03-27 13:54:42:508	EVENT:NEW_ACK        	base:25401   	next:25501   	cwnd:2113  	ssthresh:800   	state:CongAvoid   	info:AckNum: 25401
2026-03-27 13:54:42:508	EVENT:WINDOW_SLIDE   	base:25501   	next:25501   	cwnd:2117  	ssthresh:800   	state:CongAvoid   	info:Base: 25401 -> 25501
2026-03-27 13:54:42:520	EVENT:SEND           	base:25501   	next:25601   	cwnd:2117  	ssthresh:800   	state:CongAvoid   	info:DATA_seq: 25501
2026-03-27 13:54:42:521	EVENT:NEW_ACK        	base:25501   	next:25601   	cwnd:2117  	ssthresh:800   	state:CongAvoid   	info:AckNum: 25501
2026-03-27 13:54:42:521	EVENT:WINDOW_SLIDE   	base:25601   	next:25601   	cwnd:2121  	ssthresh:800   	state:CongAvoid   	info:Base: 25501 -> 25601
2026-03-27 13:54:42:533	EVENT:SEND           	base:25601   	next:25701   	cwnd:2121  	ssthresh:800   	state:CongAvoid   	info:DATA_seq: 25601
2026-03-27 13:54:42:534	EVENT:NEW_ACK        	base:25601   	next:25701   	cwnd:2121  	ssthresh:800   	state:CongAvoid   	info:AckNum: 25601
2026-03-27 13:54:42:534	EVENT:WINDOW_SLIDE   	base:25701   	next:25701   	cwnd:2125  	ssthresh:800   	state:CongAvoid   	info:Base: 25601 -> 25701
2026-03-27 13:54:42:546	EVENT:SEND           	base:25701   	next:25801   	cwnd:2125  	ssthresh:800   	state:CongAvoid   	info:DATA_seq: 25701
2026-03-27 13:54:42:547	EVENT:NEW_ACK        	base:25701   	next:25801   	cwnd:2125  	ssthresh:800   	state:CongAvoid   	info:AckNum: 25701
2026-03-27 13:54:42:547	EVENT:WINDOW_SLIDE   	base:25801   	next:25801   	cwnd:2129  	ssthresh:800   	state:CongAvoid   	info:Base: 25701 -> 25801
2026-03-27 13:54:42:559	EVENT:SEND           	base:25801   	next:25901   	cwnd:2129  	ssthresh:800   	state:CongAvoid   	info:DATA_seq: 25801
2026-03-27 13:54:42:560	EVENT:NEW_ACK        	base:25801   	next:25901   	cwnd:2129  	ssthresh:800   	state:CongAvoid   	info:AckNum: 25801
2026-03-27 13:54:42:560	EVENT:WINDOW_SLIDE   	base:25901   	next:25901   	cwnd:2133  	ssthresh:800   	state:CongAvoid   	info:Base: 25801 -> 25901
2026-03-27 13:54:42:570	EVENT:SEND           	base:25901   	next:26001   	cwnd:2133  	ssthresh:800   	state:CongAvoid   	info:DATA_seq: 25901
2026-03-27 13:54:42:572	EVENT:NEW_ACK        	base:25901   	next:26001   	cwnd:2133  	ssthresh:800   	state:CongAvoid   	info:AckNum: 25901
2026-03-27 13:54:42:572	EVENT:WINDOW_SLIDE   	base:26001   	next:26001   	cwnd:2137  	ssthresh:800   	state:CongAvoid   	info:Base: 25901 -> 26001
2026-03-27 13:54:42:583	EVENT:SEND           	base:26001   	next:26101   	cwnd:2137  	ssthresh:800   	state:CongAvoid   	info:DATA_seq: 26001
2026-03-27 13:54:42:584	EVENT:NEW_ACK        	base:26001   	next:26101   	cwnd:2137  	ssthresh:800   	state:CongAvoid   	info:AckNum: 26001
2026-03-27 13:54:42:584	EVENT:WINDOW_SLIDE   	base:26101   	next:26101   	cwnd:2141  	ssthresh:800   	state:CongAvoid   	info:Base: 26001 -> 26101
2026-03-27 13:54:42:596	EVENT:SEND           	base:26101   	next:26201   	cwnd:2141  	ssthresh:800   	state:CongAvoid   	info:DATA_seq: 26101
2026-03-27 13:54:42:597	EVENT:NEW_ACK        	base:26101   	next:26201   	cwnd:2141  	ssthresh:800   	state:CongAvoid   	info:AckNum: 26101
2026-03-27 13:54:42:597	EVENT:WINDOW_SLIDE   	base:26201   	next:26201   	cwnd:2145  	ssthresh:800   	state:CongAvoid   	info:Base: 26101 -> 26201
2026-03-27 13:54:42:610	EVENT:SEND           	base:26201   	next:26301   	cwnd:2145  	ssthresh:800   	state:CongAvoid   	info:DATA_seq: 26201
2026-03-27 13:54:42:610	EVENT:NEW_ACK        	base:26201   	next:26301   	cwnd:2145  	ssthresh:800   	state:CongAvoid   	info:AckNum: 26201
2026-03-27 13:54:42:610	EVENT:WINDOW_SLIDE   	base:26301   	next:26301   	cwnd:2149  	ssthresh:800   	state:CongAvoid   	info:Base: 26201 -> 26301
2026-03-27 13:54:42:623	EVENT:SEND           	base:26301   	next:26401   	cwnd:2149  	ssthresh:800   	state:CongAvoid   	info:DATA_seq: 26301
2026-03-27 13:54:42:624	EVENT:NEW_ACK        	base:26301   	next:26401   	cwnd:2149  	ssthresh:800   	state:CongAvoid   	info:AckNum: 26301
2026-03-27 13:54:42:624	EVENT:WINDOW_SLIDE   	base:26401   	next:26401   	cwnd:2153  	ssthresh:800   	state:CongAvoid   	info:Base: 26301 -> 26401
2026-03-27 13:54:42:636	EVENT:SEND           	base:26401   	next:26501   	cwnd:2153  	ssthresh:800   	state:CongAvoid   	info:DATA_seq: 26401
2026-03-27 13:54:42:637	EVENT:NEW_ACK        	base:26401   	next:26501   	cwnd:2153  	ssthresh:800   	state:CongAvoid   	info:AckNum: 26401
2026-03-27 13:54:42:637	EVENT:WINDOW_SLIDE   	base:26501   	next:26501   	cwnd:2157  	ssthresh:800   	state:CongAvoid   	info:Base: 26401 -> 26501
2026-03-27 13:54:42:649	EVENT:SEND           	base:26501   	next:26601   	cwnd:2157  	ssthresh:800   	state:CongAvoid   	info:DATA_seq: 26501
2026-03-27 13:54:42:650	EVENT:NEW_ACK        	base:26501   	next:26601   	cwnd:2157  	ssthresh:800   	state:CongAvoid   	info:AckNum: 26501
2026-03-27 13:54:42:650	EVENT:WINDOW_SLIDE   	base:26601   	next:26601   	cwnd:2161  	ssthresh:800   	state:CongAvoid   	info:Base: 26501 -> 26601
2026-03-27 13:54:42:661	EVENT:SEND           	base:26601   	next:26701   	cwnd:2161  	ssthresh:800   	state:CongAvoid   	info:DATA_seq: 26601
2026-03-27 13:54:42:662	EVENT:NEW_ACK        	base:26601   	next:26701   	cwnd:2161  	ssthresh:800   	state:CongAvoid   	info:AckNum: 26601
2026-03-27 13:54:42:662	EVENT:WINDOW_SLIDE   	base:26701   	next:26701   	cwnd:2165  	ssthresh:800   	state:CongAvoid   	info:Base: 26601 -> 26701
2026-03-27 13:54:42:672	EVENT:SEND           	base:26701   	next:26801   	cwnd:2165  	ssthresh:800   	state:CongAvoid   	info:DATA_seq: 26701
2026-03-27 13:54:42:673	EVENT:NEW_ACK        	base:26701   	next:26801   	cwnd:2165  	ssthresh:800   	state:CongAvoid   	info:AckNum: 26701
2026-03-27 13:54:42:673	EVENT:WINDOW_SLIDE   	base:26801   	next:26801   	cwnd:2169  	ssthresh:800   	state:CongAvoid   	info:Base: 26701 -> 26801
2026-03-27 13:54:42:685	EVENT:SEND           	base:26801   	next:26901   	cwnd:2169  	ssthresh:800   	state:CongAvoid   	info:DATA_seq: 26801
2026-03-27 13:54:42:686	EVENT:NEW_ACK        	base:26801   	next:26901   	cwnd:2169  	ssthresh:800   	state:CongAvoid   	info:AckNum: 26801
2026-03-27 13:54:42:686	EVENT:WINDOW_SLIDE   	base:26901   	next:26901   	cwnd:2173  	ssthresh:800   	state:CongAvoid   	info:Base: 26801 -> 26901
2026-03-27 13:54:42:698	EVENT:SEND           	base:26901   	next:27001   	cwnd:2173  	ssthresh:800   	state:CongAvoid   	info:DATA_seq: 26901
2026-03-27 13:54:42:698	EVENT:NEW_ACK        	base:26901   	next:27001   	cwnd:2173  	ssthresh:800   	state:CongAvoid   	info:AckNum: 26901
2026-03-27 13:54:42:698	EVENT:WINDOW_SLIDE   	base:27001   	next:27001   	cwnd:2177  	ssthresh:800   	state:CongAvoid   	info:Base: 26901 -> 27001
2026-03-27 13:54:42:711	EVENT:SEND           	base:27001   	next:27101   	cwnd:2177  	ssthresh:800   	state:CongAvoid   	info:DATA_seq: 27001
2026-03-27 13:54:42:711	EVENT:NEW_ACK        	base:27001   	next:27101   	cwnd:2177  	ssthresh:800   	state:CongAvoid   	info:AckNum: 27001
2026-03-27 13:54:42:711	EVENT:WINDOW_SLIDE   	base:27101   	next:27101   	cwnd:2181  	ssthresh:800   	state:CongAvoid   	info:Base: 27001 -> 27101
2026-03-27 13:54:42:723	EVENT:SEND           	base:27101   	next:27201   	cwnd:2181  	ssthresh:800   	state:CongAvoid   	info:DATA_seq: 27101
2026-03-27 13:54:42:724	EVENT:NEW_ACK        	base:27101   	next:27201   	cwnd:2181  	ssthresh:800   	state:CongAvoid   	info:AckNum: 27101
2026-03-27 13:54:42:724	EVENT:WINDOW_SLIDE   	base:27201   	next:27201   	cwnd:2185  	ssthresh:800   	state:CongAvoid   	info:Base: 27101 -> 27201
2026-03-27 13:54:42:736	EVENT:SEND           	base:27201   	next:27301   	cwnd:2185  	ssthresh:800   	state:CongAvoid   	info:DATA_seq: 27201
2026-03-27 13:54:42:737	EVENT:NEW_ACK        	base:27201   	next:27301   	cwnd:2185  	ssthresh:800   	state:CongAvoid   	info:AckNum: 27201
2026-03-27 13:54:42:737	EVENT:WINDOW_SLIDE   	base:27301   	next:27301   	cwnd:2189  	ssthresh:800   	state:CongAvoid   	info:Base: 27201 -> 27301
2026-03-27 13:54:42:749	EVENT:SEND           	base:27301   	next:27401   	cwnd:2189  	ssthresh:800   	state:CongAvoid   	info:DATA_seq: 27301
2026-03-27 13:54:42:750	EVENT:NEW_ACK        	base:27301   	next:27401   	cwnd:2189  	ssthresh:800   	state:CongAvoid   	info:AckNum: 27301
2026-03-27 13:54:42:750	EVENT:WINDOW_SLIDE   	base:27401   	next:27401   	cwnd:2193  	ssthresh:800   	state:CongAvoid   	info:Base: 27301 -> 27401
2026-03-27 13:54:42:762	EVENT:SEND           	base:27401   	next:27501   	cwnd:2193  	ssthresh:800   	state:CongAvoid   	info:DATA_seq: 27401
2026-03-27 13:54:42:762	EVENT:NEW_ACK        	base:27401   	next:27501   	cwnd:2193  	ssthresh:800   	state:CongAvoid   	info:AckNum: 27401
2026-03-27 13:54:42:762	EVENT:WINDOW_SLIDE   	base:27501   	next:27501   	cwnd:2197  	ssthresh:800   	state:CongAvoid   	info:Base: 27401 -> 27501
2026-03-27 13:54:42:775	EVENT:SEND           	base:27501   	next:27601   	cwnd:2197  	ssthresh:800   	state:CongAvoid   	info:DATA_seq: 27501
2026-03-27 13:54:42:775	EVENT:NEW_ACK        	base:27501   	next:27601   	cwnd:2197  	ssthresh:800   	state:CongAvoid   	info:AckNum: 27501
2026-03-27 13:54:42:775	EVENT:WINDOW_SLIDE   	base:27601   	next:27601   	cwnd:2201  	ssthresh:800   	state:CongAvoid   	info:Base: 27501 -> 27601
2026-03-27 13:54:42:787	EVENT:SEND           	base:27601   	next:27701   	cwnd:2201  	ssthresh:800   	state:CongAvoid   	info:DATA_seq: 27601
2026-03-27 13:54:42:788	EVENT:NEW_ACK        	base:27601   	next:27701   	cwnd:2201  	ssthresh:800   	state:CongAvoid   	info:AckNum: 27601
2026-03-27 13:54:42:788	EVENT:WINDOW_SLIDE   	base:27701   	next:27701   	cwnd:2205  	ssthresh:800   	state:CongAvoid   	info:Base: 27601 -> 27701
2026-03-27 13:54:42:800	EVENT:SEND           	base:27701   	next:27801   	cwnd:2205  	ssthresh:800   	state:CongAvoid   	info:DATA_seq: 27701
2026-03-27 13:54:42:801	EVENT:NEW_ACK        	base:27701   	next:27801   	cwnd:2205  	ssthresh:800   	state:CongAvoid   	info:AckNum: 27701
2026-03-27 13:54:42:801	EVENT:WINDOW_SLIDE   	base:27801   	next:27801   	cwnd:2209  	ssthresh:800   	state:CongAvoid   	info:Base: 27701 -> 27801
2026-03-27 13:54:42:813	EVENT:SEND           	base:27801   	next:27901   	cwnd:2209  	ssthresh:800   	state:CongAvoid   	info:DATA_seq: 27801
2026-03-27 13:54:42:814	EVENT:NEW_ACK        	base:27801   	next:27901   	cwnd:2209  	ssthresh:800   	state:CongAvoid   	info:AckNum: 27801
2026-03-27 13:54:42:814	EVENT:WINDOW_SLIDE   	base:27901   	next:27901   	cwnd:2213  	ssthresh:800   	state:CongAvoid   	info:Base: 27801 -> 27901
2026-03-27 13:54:42:826	EVENT:SEND           	base:27901   	next:28001   	cwnd:2213  	ssthresh:800   	state:CongAvoid   	info:DATA_seq: 27901
2026-03-27 13:54:42:828	EVENT:NEW_ACK        	base:27901   	next:28001   	cwnd:2213  	ssthresh:800   	state:CongAvoid   	info:AckNum: 27901
2026-03-27 13:54:42:828	EVENT:WINDOW_SLIDE   	base:28001   	next:28001   	cwnd:2217  	ssthresh:800   	state:CongAvoid   	info:Base: 27901 -> 28001
2026-03-27 13:54:42:837	EVENT:SEND           	base:28001   	next:28101   	cwnd:2217  	ssthresh:800   	state:CongAvoid   	info:DATA_seq: 28001
2026-03-27 13:54:42:838	EVENT:NEW_ACK        	base:28001   	next:28101   	cwnd:2217  	ssthresh:800   	state:CongAvoid   	info:AckNum: 28001
2026-03-27 13:54:42:838	EVENT:WINDOW_SLIDE   	base:28101   	next:28101   	cwnd:2221  	ssthresh:800   	state:CongAvoid   	info:Base: 28001 -> 28101
2026-03-27 13:54:42:850	EVENT:SEND           	base:28101   	next:28201   	cwnd:2221  	ssthresh:800   	state:CongAvoid   	info:DATA_seq: 28101
2026-03-27 13:54:42:851	EVENT:NEW_ACK        	base:28101   	next:28201   	cwnd:2221  	ssthresh:800   	state:CongAvoid   	info:AckNum: 28101
2026-03-27 13:54:42:851	EVENT:WINDOW_SLIDE   	base:28201   	next:28201   	cwnd:2225  	ssthresh:800   	state:CongAvoid   	info:Base: 28101 -> 28201
2026-03-27 13:54:42:862	EVENT:SEND           	base:28201   	next:28301   	cwnd:2225  	ssthresh:800   	state:CongAvoid   	info:DATA_seq: 28201
2026-03-27 13:54:42:863	EVENT:NEW_ACK        	base:28201   	next:28301   	cwnd:2225  	ssthresh:800   	state:CongAvoid   	info:AckNum: 28201
2026-03-27 13:54:42:863	EVENT:WINDOW_SLIDE   	base:28301   	next:28301   	cwnd:2229  	ssthresh:800   	state:CongAvoid   	info:Base: 28201 -> 28301
2026-03-27 13:54:42:875	EVENT:SEND           	base:28301   	next:28401   	cwnd:2229  	ssthresh:800   	state:CongAvoid   	info:DATA_seq: 28301
2026-03-27 13:54:42:876	EVENT:NEW_ACK        	base:28301   	next:28401   	cwnd:2229  	ssthresh:800   	state:CongAvoid   	info:AckNum: 28301
2026-03-27 13:54:42:876	EVENT:WINDOW_SLIDE   	base:28401   	next:28401   	cwnd:2233  	ssthresh:800   	state:CongAvoid   	info:Base: 28301 -> 28401
2026-03-27 13:54:42:888	EVENT:SEND           	base:28401   	next:28501   	cwnd:2233  	ssthresh:800   	state:CongAvoid   	info:DATA_seq: 28401
2026-03-27 13:54:42:889	EVENT:NEW_ACK        	base:28401   	next:28501   	cwnd:2233  	ssthresh:800   	state:CongAvoid   	info:AckNum: 28401
2026-03-27 13:54:42:889	EVENT:WINDOW_SLIDE   	base:28501   	next:28501   	cwnd:2237  	ssthresh:800   	state:CongAvoid   	info:Base: 28401 -> 28501
2026-03-27 13:54:42:901	EVENT:SEND           	base:28501   	next:28601   	cwnd:2237  	ssthresh:800   	state:CongAvoid   	info:DATA_seq: 28501
2026-03-27 13:54:42:902	EVENT:NEW_ACK        	base:28501   	next:28601   	cwnd:2237  	ssthresh:800   	state:CongAvoid   	info:AckNum: 28501
2026-03-27 13:54:42:902	EVENT:WINDOW_SLIDE   	base:28601   	next:28601   	cwnd:2241  	ssthresh:800   	state:CongAvoid   	info:Base: 28501 -> 28601
2026-03-27 13:54:42:914	EVENT:SEND           	base:28601   	next:28701   	cwnd:2241  	ssthresh:800   	state:CongAvoid   	info:DATA_seq: 28601
2026-03-27 13:54:42:915	EVENT:NEW_ACK        	base:28601   	next:28701   	cwnd:2241  	ssthresh:800   	state:CongAvoid   	info:AckNum: 28601
2026-03-27 13:54:42:915	EVENT:WINDOW_SLIDE   	base:28701   	next:28701   	cwnd:2245  	ssthresh:800   	state:CongAvoid   	info:Base: 28601 -> 28701
2026-03-27 13:54:42:926	EVENT:SEND           	base:28701   	next:28801   	cwnd:2245  	ssthresh:800   	state:CongAvoid   	info:DATA_seq: 28701
2026-03-27 13:54:42:926	EVENT:NEW_ACK        	base:28701   	next:28801   	cwnd:2245  	ssthresh:800   	state:CongAvoid   	info:AckNum: 28701
2026-03-27 13:54:42:926	EVENT:WINDOW_SLIDE   	base:28801   	next:28801   	cwnd:2249  	ssthresh:800   	state:CongAvoid   	info:Base: 28701 -> 28801
2026-03-27 13:54:42:939	EVENT:SEND           	base:28801   	next:28901   	cwnd:2249  	ssthresh:800   	state:CongAvoid   	info:DATA_seq: 28801
2026-03-27 13:54:42:939	EVENT:NEW_ACK        	base:28801   	next:28901   	cwnd:2249  	ssthresh:800   	state:CongAvoid   	info:AckNum: 28801
2026-03-27 13:54:42:939	EVENT:WINDOW_SLIDE   	base:28901   	next:28901   	cwnd:2253  	ssthresh:800   	state:CongAvoid   	info:Base: 28801 -> 28901
2026-03-27 13:54:42:952	EVENT:SEND           	base:28901   	next:29001   	cwnd:2253  	ssthresh:800   	state:CongAvoid   	info:DATA_seq: 28901
2026-03-27 13:54:42:952	EVENT:NEW_ACK        	base:28901   	next:29001   	cwnd:2253  	ssthresh:800   	state:CongAvoid   	info:AckNum: 28901
2026-03-27 13:54:42:952	EVENT:WINDOW_SLIDE   	base:29001   	next:29001   	cwnd:2257  	ssthresh:800   	state:CongAvoid   	info:Base: 28901 -> 29001
2026-03-27 13:54:42:964	EVENT:SEND           	base:29001   	next:29101   	cwnd:2257  	ssthresh:800   	state:CongAvoid   	info:DATA_seq: 29001
2026-03-27 13:54:42:965	EVENT:NEW_ACK        	base:29001   	next:29101   	cwnd:2257  	ssthresh:800   	state:CongAvoid   	info:AckNum: 29001
2026-03-27 13:54:42:965	EVENT:WINDOW_SLIDE   	base:29101   	next:29101   	cwnd:2261  	ssthresh:800   	state:CongAvoid   	info:Base: 29001 -> 29101
2026-03-27 13:54:42:977	EVENT:SEND           	base:29101   	next:29201   	cwnd:2261  	ssthresh:800   	state:CongAvoid   	info:DATA_seq: 29101
2026-03-27 13:54:42:978	EVENT:NEW_ACK        	base:29101   	next:29201   	cwnd:2261  	ssthresh:800   	state:CongAvoid   	info:AckNum: 29101
2026-03-27 13:54:42:978	EVENT:WINDOW_SLIDE   	base:29201   	next:29201   	cwnd:2265  	ssthresh:800   	state:CongAvoid   	info:Base: 29101 -> 29201
2026-03-27 13:54:42:988	EVENT:SEND           	base:29201   	next:29301   	cwnd:2265  	ssthresh:800   	state:CongAvoid   	info:DATA_seq: 29201
2026-03-27 13:54:42:989	EVENT:NEW_ACK        	base:29201   	next:29301   	cwnd:2265  	ssthresh:800   	state:CongAvoid   	info:AckNum: 29201
2026-03-27 13:54:42:989	EVENT:WINDOW_SLIDE   	base:29301   	next:29301   	cwnd:2269  	ssthresh:800   	state:CongAvoid   	info:Base: 29201 -> 29301
2026-03-27 13:54:43:001	EVENT:SEND           	base:29301   	next:29401   	cwnd:2269  	ssthresh:800   	state:CongAvoid   	info:DATA_seq: 29301
2026-03-27 13:54:43:002	EVENT:NEW_ACK        	base:29301   	next:29401   	cwnd:2269  	ssthresh:800   	state:CongAvoid   	info:AckNum: 29301
2026-03-27 13:54:43:002	EVENT:WINDOW_SLIDE   	base:29401   	next:29401   	cwnd:2273  	ssthresh:800   	state:CongAvoid   	info:Base: 29301 -> 29401
2026-03-27 13:54:43:014	EVENT:SEND           	base:29401   	next:29501   	cwnd:2273  	ssthresh:800   	state:CongAvoid   	info:DATA_seq: 29401
2026-03-27 13:54:43:015	EVENT:NEW_ACK        	base:29401   	next:29501   	cwnd:2273  	ssthresh:800   	state:CongAvoid   	info:AckNum: 29401
2026-03-27 13:54:43:015	EVENT:WINDOW_SLIDE   	base:29501   	next:29501   	cwnd:2277  	ssthresh:800   	state:CongAvoid   	info:Base: 29401 -> 29501
2026-03-27 13:54:43:027	EVENT:SEND           	base:29501   	next:29601   	cwnd:2277  	ssthresh:800   	state:CongAvoid   	info:DATA_seq: 29501
2026-03-27 13:54:43:028	EVENT:NEW_ACK        	base:29501   	next:29601   	cwnd:2277  	ssthresh:800   	state:CongAvoid   	info:AckNum: 29501
2026-03-27 13:54:43:028	EVENT:WINDOW_SLIDE   	base:29601   	next:29601   	cwnd:2281  	ssthresh:800   	state:CongAvoid   	info:Base: 29501 -> 29601
2026-03-27 13:54:43:040	EVENT:SEND           	base:29601   	next:29701   	cwnd:2281  	ssthresh:800   	state:CongAvoid   	info:DATA_seq: 29601
2026-03-27 13:54:43:041	EVENT:NEW_ACK        	base:29601   	next:29701   	cwnd:2281  	ssthresh:800   	state:CongAvoid   	info:AckNum: 29601
2026-03-27 13:54:43:041	EVENT:WINDOW_SLIDE   	base:29701   	next:29701   	cwnd:2285  	ssthresh:800   	state:CongAvoid   	info:Base: 29601 -> 29701
2026-03-27 13:54:43:051	EVENT:SEND           	base:29701   	next:29801   	cwnd:2285  	ssthresh:800   	state:CongAvoid   	info:DATA_seq: 29701
2026-03-27 13:54:43:052	EVENT:NEW_ACK        	base:29701   	next:29801   	cwnd:2285  	ssthresh:800   	state:CongAvoid   	info:AckNum: 29701
2026-03-27 13:54:43:052	EVENT:WINDOW_SLIDE   	base:29801   	next:29801   	cwnd:2289  	ssthresh:800   	state:CongAvoid   	info:Base: 29701 -> 29801
2026-03-27 13:54:43:064	EVENT:SEND           	base:29801   	next:29901   	cwnd:2289  	ssthresh:800   	state:CongAvoid   	info:DATA_seq: 29801
2026-03-27 13:54:43:065	EVENT:NEW_ACK        	base:29801   	next:29901   	cwnd:2289  	ssthresh:800   	state:CongAvoid   	info:AckNum: 29801
2026-03-27 13:54:43:065	EVENT:WINDOW_SLIDE   	base:29901   	next:29901   	cwnd:2293  	ssthresh:800   	state:CongAvoid   	info:Base: 29801 -> 29901
2026-03-27 13:54:43:077	EVENT:SEND           	base:29901   	next:30001   	cwnd:2293  	ssthresh:800   	state:CongAvoid   	info:DATA_seq: 29901
2026-03-27 13:54:43:079	EVENT:NEW_ACK        	base:29901   	next:30001   	cwnd:2293  	ssthresh:800   	state:CongAvoid   	info:AckNum: 29901
2026-03-27 13:54:43:079	EVENT:WINDOW_SLIDE   	base:30001   	next:30001   	cwnd:2297  	ssthresh:800   	state:CongAvoid   	info:Base: 29901 -> 30001
2026-03-27 13:54:43:088	EVENT:SEND           	base:30001   	next:30101   	cwnd:2297  	ssthresh:800   	state:CongAvoid   	info:DATA_seq: 30001
2026-03-27 13:54:43:089	EVENT:NEW_ACK        	base:30001   	next:30101   	cwnd:2297  	ssthresh:800   	state:CongAvoid   	info:AckNum: 30001
2026-03-27 13:54:43:089	EVENT:WINDOW_SLIDE   	base:30101   	next:30101   	cwnd:2301  	ssthresh:800   	state:CongAvoid   	info:Base: 30001 -> 30101
2026-03-27 13:54:43:100	EVENT:SEND           	base:30101   	next:30201   	cwnd:2301  	ssthresh:800   	state:CongAvoid   	info:DATA_seq: 30101
2026-03-27 13:54:43:101	EVENT:NEW_ACK        	base:30101   	next:30201   	cwnd:2301  	ssthresh:800   	state:CongAvoid   	info:AckNum: 30101
2026-03-27 13:54:43:101	EVENT:WINDOW_SLIDE   	base:30201   	next:30201   	cwnd:2305  	ssthresh:800   	state:CongAvoid   	info:Base: 30101 -> 30201
2026-03-27 13:54:43:113	EVENT:SEND           	base:30201   	next:30301   	cwnd:2305  	ssthresh:800   	state:CongAvoid   	info:DATA_seq: 30201
2026-03-27 13:54:43:115	EVENT:NEW_ACK        	base:30201   	next:30301   	cwnd:2305  	ssthresh:800   	state:CongAvoid   	info:AckNum: 30201
2026-03-27 13:54:43:115	EVENT:WINDOW_SLIDE   	base:30301   	next:30301   	cwnd:2309  	ssthresh:800   	state:CongAvoid   	info:Base: 30201 -> 30301
2026-03-27 13:54:43:126	EVENT:SEND           	base:30301   	next:30401   	cwnd:2309  	ssthresh:800   	state:CongAvoid   	info:DATA_seq: 30301
2026-03-27 13:54:43:127	EVENT:NEW_ACK        	base:30301   	next:30401   	cwnd:2309  	ssthresh:800   	state:CongAvoid   	info:AckNum: 30301
2026-03-27 13:54:43:127	EVENT:WINDOW_SLIDE   	base:30401   	next:30401   	cwnd:2313  	ssthresh:800   	state:CongAvoid   	info:Base: 30301 -> 30401
2026-03-27 13:54:43:139	EVENT:SEND           	base:30401   	next:30501   	cwnd:2313  	ssthresh:800   	state:CongAvoid   	info:DATA_seq: 30401
2026-03-27 13:54:43:140	EVENT:NEW_ACK        	base:30401   	next:30501   	cwnd:2313  	ssthresh:800   	state:CongAvoid   	info:AckNum: 30401
2026-03-27 13:54:43:140	EVENT:WINDOW_SLIDE   	base:30501   	next:30501   	cwnd:2317  	ssthresh:800   	state:CongAvoid   	info:Base: 30401 -> 30501
2026-03-27 13:54:43:152	EVENT:SEND           	base:30501   	next:30601   	cwnd:2317  	ssthresh:800   	state:CongAvoid   	info:DATA_seq: 30501
2026-03-27 13:54:43:153	EVENT:NEW_ACK        	base:30501   	next:30601   	cwnd:2317  	ssthresh:800   	state:CongAvoid   	info:AckNum: 30501
2026-03-27 13:54:43:153	EVENT:WINDOW_SLIDE   	base:30601   	next:30601   	cwnd:2321  	ssthresh:800   	state:CongAvoid   	info:Base: 30501 -> 30601
2026-03-27 13:54:43:165	EVENT:SEND           	base:30601   	next:30701   	cwnd:2321  	ssthresh:800   	state:CongAvoid   	info:DATA_seq: 30601
2026-03-27 13:54:43:166	EVENT:DUP_ACK        	base:30601   	next:30701   	cwnd:2321  	ssthresh:800   	state:CongAvoid   	info:AckNum: 30501 count: 1
2026-03-27 13:54:43:178	EVENT:SEND           	base:30601   	next:30801   	cwnd:2321  	ssthresh:800   	state:CongAvoid   	info:DATA_seq: 30701
2026-03-27 13:54:43:178	EVENT:DUP_ACK        	base:30601   	next:30801   	cwnd:2321  	ssthresh:800   	state:CongAvoid   	info:AckNum: 30501 count: 2
2026-03-27 13:54:43:191	EVENT:SEND           	base:30601   	next:30901   	cwnd:2321  	ssthresh:800   	state:CongAvoid   	info:DATA_seq: 30801
2026-03-27 13:54:43:191	EVENT:DUP_ACK        	base:30601   	next:30901   	cwnd:2321  	ssthresh:800   	state:CongAvoid   	info:AckNum: 30501 count: 3
2026-03-27 13:54:43:191	EVENT:FAST_RETRANS   	base:30601   	next:30901   	cwnd:1400  	ssthresh:1100  	state:FastRecovery	info:Retransmit seq: 30601
2026-03-27 13:54:43:192	EVENT:NEW_ACK        	base:30601   	next:30901   	cwnd:1400  	ssthresh:1100  	state:FastRecovery	info:AckNum: 30601
2026-03-27 13:54:43:192	EVENT:EXIT_FR        	base:30601   	next:30901   	cwnd:1100  	ssthresh:1100  	state:CongAvoid   	info:Exit Fast Recovery
2026-03-27 13:54:43:192	EVENT:WINDOW_SLIDE   	base:30701   	next:30901   	cwnd:1100  	ssthresh:1100  	state:CongAvoid   	info:Base: 30601 -> 30701
2026-03-27 13:54:43:203	EVENT:SEND           	base:30701   	next:31001   	cwnd:1100  	ssthresh:1100  	state:CongAvoid   	info:DATA_seq: 30901
2026-03-27 13:54:43:204	EVENT:NEW_ACK        	base:30701   	next:31001   	cwnd:1100  	ssthresh:1100  	state:CongAvoid   	info:AckNum: 30901
2026-03-27 13:54:43:204	EVENT:WINDOW_SLIDE   	base:31001   	next:31001   	cwnd:1109  	ssthresh:1100  	state:CongAvoid   	info:Base: 30701 -> 31001
2026-03-27 13:54:43:216	EVENT:SEND           	base:31001   	next:31101   	cwnd:1109  	ssthresh:1100  	state:CongAvoid   	info:DATA_seq: 31001
2026-03-27 13:54:43:216	EVENT:NEW_ACK        	base:31001   	next:31101   	cwnd:1109  	ssthresh:1100  	state:CongAvoid   	info:AckNum: 31001
2026-03-27 13:54:43:216	EVENT:WINDOW_SLIDE   	base:31101   	next:31101   	cwnd:1118  	ssthresh:1100  	state:CongAvoid   	info:Base: 31001 -> 31101
2026-03-27 13:54:43:229	EVENT:SEND           	base:31101   	next:31201   	cwnd:1118  	ssthresh:1100  	state:CongAvoid   	info:DATA_seq: 31101
2026-03-27 13:54:43:229	EVENT:NEW_ACK        	base:31101   	next:31201   	cwnd:1118  	ssthresh:1100  	state:CongAvoid   	info:AckNum: 31101
2026-03-27 13:54:43:229	EVENT:WINDOW_SLIDE   	base:31201   	next:31201   	cwnd:1126  	ssthresh:1100  	state:CongAvoid   	info:Base: 31101 -> 31201
2026-03-27 13:54:43:240	EVENT:SEND           	base:31201   	next:31301   	cwnd:1126  	ssthresh:1100  	state:CongAvoid   	info:DATA_seq: 31201
2026-03-27 13:54:43:241	EVENT:NEW_ACK        	base:31201   	next:31301   	cwnd:1126  	ssthresh:1100  	state:CongAvoid   	info:AckNum: 31201
2026-03-27 13:54:43:241	EVENT:WINDOW_SLIDE   	base:31301   	next:31301   	cwnd:1134  	ssthresh:1100  	state:CongAvoid   	info:Base: 31201 -> 31301
2026-03-27 13:54:43:251	EVENT:SEND           	base:31301   	next:31401   	cwnd:1134  	ssthresh:1100  	state:CongAvoid   	info:DATA_seq: 31301
2026-03-27 13:54:43:252	EVENT:NEW_ACK        	base:31301   	next:31401   	cwnd:1134  	ssthresh:1100  	state:CongAvoid   	info:AckNum: 31301
2026-03-27 13:54:43:252	EVENT:WINDOW_SLIDE   	base:31401   	next:31401   	cwnd:1142  	ssthresh:1100  	state:CongAvoid   	info:Base: 31301 -> 31401
2026-03-27 13:54:43:264	EVENT:SEND           	base:31401   	next:31501   	cwnd:1142  	ssthresh:1100  	state:CongAvoid   	info:DATA_seq: 31401
2026-03-27 13:54:43:265	EVENT:NEW_ACK        	base:31401   	next:31501   	cwnd:1142  	ssthresh:1100  	state:CongAvoid   	info:AckNum: 31401
2026-03-27 13:54:43:265	EVENT:WINDOW_SLIDE   	base:31501   	next:31501   	cwnd:1150  	ssthresh:1100  	state:CongAvoid   	info:Base: 31401 -> 31501
2026-03-27 13:54:43:277	EVENT:SEND           	base:31501   	next:31601   	cwnd:1150  	ssthresh:1100  	state:CongAvoid   	info:DATA_seq: 31501
2026-03-27 13:54:43:278	EVENT:NEW_ACK        	base:31501   	next:31601   	cwnd:1150  	ssthresh:1100  	state:CongAvoid   	info:AckNum: 31501
2026-03-27 13:54:43:278	EVENT:WINDOW_SLIDE   	base:31601   	next:31601   	cwnd:1158  	ssthresh:1100  	state:CongAvoid   	info:Base: 31501 -> 31601
2026-03-27 13:54:43:290	EVENT:SEND           	base:31601   	next:31701   	cwnd:1158  	ssthresh:1100  	state:CongAvoid   	info:DATA_seq: 31601
2026-03-27 13:54:43:291	EVENT:NEW_ACK        	base:31601   	next:31701   	cwnd:1158  	ssthresh:1100  	state:CongAvoid   	info:AckNum: 31601
2026-03-27 13:54:43:291	EVENT:WINDOW_SLIDE   	base:31701   	next:31701   	cwnd:1166  	ssthresh:1100  	state:CongAvoid   	info:Base: 31601 -> 31701
2026-03-27 13:54:43:303	EVENT:SEND           	base:31701   	next:31801   	cwnd:1166  	ssthresh:1100  	state:CongAvoid   	info:DATA_seq: 31701
2026-03-27 13:54:43:304	EVENT:NEW_ACK        	base:31701   	next:31801   	cwnd:1166  	ssthresh:1100  	state:CongAvoid   	info:AckNum: 31701
2026-03-27 13:54:43:304	EVENT:WINDOW_SLIDE   	base:31801   	next:31801   	cwnd:1174  	ssthresh:1100  	state:CongAvoid   	info:Base: 31701 -> 31801
2026-03-27 13:54:43:316	EVENT:SEND           	base:31801   	next:31901   	cwnd:1174  	ssthresh:1100  	state:CongAvoid   	info:DATA_seq: 31801
2026-03-27 13:54:43:316	EVENT:NEW_ACK        	base:31801   	next:31901   	cwnd:1174  	ssthresh:1100  	state:CongAvoid   	info:AckNum: 31801
2026-03-27 13:54:43:316	EVENT:WINDOW_SLIDE   	base:31901   	next:31901   	cwnd:1182  	ssthresh:1100  	state:CongAvoid   	info:Base: 31801 -> 31901
2026-03-27 13:54:43:329	EVENT:SEND           	base:31901   	next:32001   	cwnd:1182  	ssthresh:1100  	state:CongAvoid   	info:DATA_seq: 31901
2026-03-27 13:54:43:330	EVENT:NEW_ACK        	base:31901   	next:32001   	cwnd:1182  	ssthresh:1100  	state:CongAvoid   	info:AckNum: 31901
2026-03-27 13:54:43:330	EVENT:WINDOW_SLIDE   	base:32001   	next:32001   	cwnd:1190  	ssthresh:1100  	state:CongAvoid   	info:Base: 31901 -> 32001
2026-03-27 13:54:43:339	EVENT:SEND           	base:32001   	next:32101   	cwnd:1190  	ssthresh:1100  	state:CongAvoid   	info:DATA_seq: 32001
2026-03-27 13:54:43:340	EVENT:NEW_ACK        	base:32001   	next:32101   	cwnd:1190  	ssthresh:1100  	state:CongAvoid   	info:AckNum: 32001
2026-03-27 13:54:43:340	EVENT:WINDOW_SLIDE   	base:32101   	next:32101   	cwnd:1198  	ssthresh:1100  	state:CongAvoid   	info:Base: 32001 -> 32101
2026-03-27 13:54:43:352	EVENT:SEND           	base:32101   	next:32201   	cwnd:1198  	ssthresh:1100  	state:CongAvoid   	info:DATA_seq: 32101
2026-03-27 13:54:43:353	EVENT:NEW_ACK        	base:32101   	next:32201   	cwnd:1198  	ssthresh:1100  	state:CongAvoid   	info:AckNum: 32101
2026-03-27 13:54:43:353	EVENT:WINDOW_SLIDE   	base:32201   	next:32201   	cwnd:1206  	ssthresh:1100  	state:CongAvoid   	info:Base: 32101 -> 32201
2026-03-27 13:54:43:364	EVENT:SEND           	base:32201   	next:32301   	cwnd:1206  	ssthresh:1100  	state:CongAvoid   	info:DATA_seq: 32201
2026-03-27 13:54:43:364	EVENT:NEW_ACK        	base:32201   	next:32301   	cwnd:1206  	ssthresh:1100  	state:CongAvoid   	info:AckNum: 32201
2026-03-27 13:54:43:364	EVENT:WINDOW_SLIDE   	base:32301   	next:32301   	cwnd:1214  	ssthresh:1100  	state:CongAvoid   	info:Base: 32201 -> 32301
2026-03-27 13:54:43:377	EVENT:SEND           	base:32301   	next:32401   	cwnd:1214  	ssthresh:1100  	state:CongAvoid   	info:DATA_seq: 32301
2026-03-27 13:54:43:377	EVENT:NEW_ACK        	base:32301   	next:32401   	cwnd:1214  	ssthresh:1100  	state:CongAvoid   	info:AckNum: 32301
2026-03-27 13:54:43:377	EVENT:WINDOW_SLIDE   	base:32401   	next:32401   	cwnd:1222  	ssthresh:1100  	state:CongAvoid   	info:Base: 32301 -> 32401
2026-03-27 13:54:43:389	EVENT:SEND           	base:32401   	next:32501   	cwnd:1222  	ssthresh:1100  	state:CongAvoid   	info:DATA_seq: 32401
2026-03-27 13:54:43:390	EVENT:NEW_ACK        	base:32401   	next:32501   	cwnd:1222  	ssthresh:1100  	state:CongAvoid   	info:AckNum: 32401
2026-03-27 13:54:43:390	EVENT:WINDOW_SLIDE   	base:32501   	next:32501   	cwnd:1230  	ssthresh:1100  	state:CongAvoid   	info:Base: 32401 -> 32501
2026-03-27 13:54:43:402	EVENT:SEND           	base:32501   	next:32601   	cwnd:1230  	ssthresh:1100  	state:CongAvoid   	info:DATA_seq: 32501
2026-03-27 13:54:43:403	EVENT:NEW_ACK        	base:32501   	next:32601   	cwnd:1230  	ssthresh:1100  	state:CongAvoid   	info:AckNum: 32501
2026-03-27 13:54:43:403	EVENT:WINDOW_SLIDE   	base:32601   	next:32601   	cwnd:1238  	ssthresh:1100  	state:CongAvoid   	info:Base: 32501 -> 32601
2026-03-27 13:54:43:415	EVENT:SEND           	base:32601   	next:32701   	cwnd:1238  	ssthresh:1100  	state:CongAvoid   	info:DATA_seq: 32601
2026-03-27 13:54:43:415	EVENT:NEW_ACK        	base:32601   	next:32701   	cwnd:1238  	ssthresh:1100  	state:CongAvoid   	info:AckNum: 32601
2026-03-27 13:54:43:415	EVENT:WINDOW_SLIDE   	base:32701   	next:32701   	cwnd:1246  	ssthresh:1100  	state:CongAvoid   	info:Base: 32601 -> 32701
2026-03-27 13:54:43:426	EVENT:SEND           	base:32701   	next:32801   	cwnd:1246  	ssthresh:1100  	state:CongAvoid   	info:DATA_seq: 32701
2026-03-27 13:54:43:427	EVENT:NEW_ACK        	base:32701   	next:32801   	cwnd:1246  	ssthresh:1100  	state:CongAvoid   	info:AckNum: 32701
2026-03-27 13:54:43:427	EVENT:WINDOW_SLIDE   	base:32801   	next:32801   	cwnd:1254  	ssthresh:1100  	state:CongAvoid   	info:Base: 32701 -> 32801
2026-03-27 13:54:43:439	EVENT:SEND           	base:32801   	next:32901   	cwnd:1254  	ssthresh:1100  	state:CongAvoid   	info:DATA_seq: 32801
2026-03-27 13:54:43:440	EVENT:NEW_ACK        	base:32801   	next:32901   	cwnd:1254  	ssthresh:1100  	state:CongAvoid   	info:AckNum: 32801
2026-03-27 13:54:43:440	EVENT:WINDOW_SLIDE   	base:32901   	next:32901   	cwnd:1261  	ssthresh:1100  	state:CongAvoid   	info:Base: 32801 -> 32901
2026-03-27 13:54:43:452	EVENT:SEND           	base:32901   	next:33001   	cwnd:1261  	ssthresh:1100  	state:CongAvoid   	info:DATA_seq: 32901
2026-03-27 13:54:43:452	EVENT:NEW_ACK        	base:32901   	next:33001   	cwnd:1261  	ssthresh:1100  	state:CongAvoid   	info:AckNum: 32901
2026-03-27 13:54:43:452	EVENT:WINDOW_SLIDE   	base:33001   	next:33001   	cwnd:1268  	ssthresh:1100  	state:CongAvoid   	info:Base: 32901 -> 33001
2026-03-27 13:54:43:465	EVENT:SEND           	base:33001   	next:33101   	cwnd:1268  	ssthresh:1100  	state:CongAvoid   	info:DATA_seq: 33001
2026-03-27 13:54:43:465	EVENT:NEW_ACK        	base:33001   	next:33101   	cwnd:1268  	ssthresh:1100  	state:CongAvoid   	info:AckNum: 33001
2026-03-27 13:54:43:465	EVENT:WINDOW_SLIDE   	base:33101   	next:33101   	cwnd:1275  	ssthresh:1100  	state:CongAvoid   	info:Base: 33001 -> 33101
2026-03-27 13:54:43:478	EVENT:SEND           	base:33101   	next:33201   	cwnd:1275  	ssthresh:1100  	state:CongAvoid   	info:DATA_seq: 33101
2026-03-27 13:54:43:478	EVENT:NEW_ACK        	base:33101   	next:33201   	cwnd:1275  	ssthresh:1100  	state:CongAvoid   	info:AckNum: 33101
2026-03-27 13:54:43:480	EVENT:WINDOW_SLIDE   	base:33201   	next:33201   	cwnd:1282  	ssthresh:1100  	state:CongAvoid   	info:Base: 33101 -> 33201
2026-03-27 13:54:43:491	EVENT:SEND           	base:33201   	next:33301   	cwnd:1282  	ssthresh:1100  	state:CongAvoid   	info:DATA_seq: 33201
2026-03-27 13:54:43:491	EVENT:NEW_ACK        	base:33201   	next:33301   	cwnd:1282  	ssthresh:1100  	state:CongAvoid   	info:AckNum: 33201
2026-03-27 13:54:43:491	EVENT:WINDOW_SLIDE   	base:33301   	next:33301   	cwnd:1289  	ssthresh:1100  	state:CongAvoid   	info:Base: 33201 -> 33301
2026-03-27 13:54:43:503	EVENT:SEND           	base:33301   	next:33401   	cwnd:1289  	ssthresh:1100  	state:CongAvoid   	info:DATA_seq: 33301
2026-03-27 13:54:43:504	EVENT:NEW_ACK        	base:33301   	next:33401   	cwnd:1289  	ssthresh:1100  	state:CongAvoid   	info:AckNum: 33301
2026-03-27 13:54:43:504	EVENT:WINDOW_SLIDE   	base:33401   	next:33401   	cwnd:1296  	ssthresh:1100  	state:CongAvoid   	info:Base: 33301 -> 33401
2026-03-27 13:54:43:516	EVENT:SEND           	base:33401   	next:33501   	cwnd:1296  	ssthresh:1100  	state:CongAvoid   	info:DATA_seq: 33401
2026-03-27 13:54:43:517	EVENT:NEW_ACK        	base:33401   	next:33501   	cwnd:1296  	ssthresh:1100  	state:CongAvoid   	info:AckNum: 33401
2026-03-27 13:54:43:517	EVENT:WINDOW_SLIDE   	base:33501   	next:33501   	cwnd:1303  	ssthresh:1100  	state:CongAvoid   	info:Base: 33401 -> 33501
2026-03-27 13:54:43:528	EVENT:SEND           	base:33501   	next:33601   	cwnd:1303  	ssthresh:1100  	state:CongAvoid   	info:DATA_seq: 33501
2026-03-27 13:54:43:528	EVENT:NEW_ACK        	base:33501   	next:33601   	cwnd:1303  	ssthresh:1100  	state:CongAvoid   	info:AckNum: 33501
2026-03-27 13:54:43:528	EVENT:WINDOW_SLIDE   	base:33601   	next:33601   	cwnd:1310  	ssthresh:1100  	state:CongAvoid   	info:Base: 33501 -> 33601
2026-03-27 13:54:43:539	EVENT:SEND           	base:33601   	next:33701   	cwnd:1310  	ssthresh:1100  	state:CongAvoid   	info:DATA_seq: 33601
2026-03-27 13:54:43:540	EVENT:NEW_ACK        	base:33601   	next:33701   	cwnd:1310  	ssthresh:1100  	state:CongAvoid   	info:AckNum: 33601
2026-03-27 13:54:43:540	EVENT:WINDOW_SLIDE   	base:33701   	next:33701   	cwnd:1317  	ssthresh:1100  	state:CongAvoid   	info:Base: 33601 -> 33701
2026-03-27 13:54:43:550	EVENT:SEND           	base:33701   	next:33801   	cwnd:1317  	ssthresh:1100  	state:CongAvoid   	info:DATA_seq: 33701
2026-03-27 13:54:43:551	EVENT:NEW_ACK        	base:33701   	next:33801   	cwnd:1317  	ssthresh:1100  	state:CongAvoid   	info:AckNum: 33701
2026-03-27 13:54:43:551	EVENT:WINDOW_SLIDE   	base:33801   	next:33801   	cwnd:1324  	ssthresh:1100  	state:CongAvoid   	info:Base: 33701 -> 33801
2026-03-27 13:54:43:563	EVENT:SEND           	base:33801   	next:33901   	cwnd:1324  	ssthresh:1100  	state:CongAvoid   	info:DATA_seq: 33801
2026-03-27 13:54:43:564	EVENT:NEW_ACK        	base:33801   	next:33901   	cwnd:1324  	ssthresh:1100  	state:CongAvoid   	info:AckNum: 33801
2026-03-27 13:54:43:564	EVENT:WINDOW_SLIDE   	base:33901   	next:33901   	cwnd:1331  	ssthresh:1100  	state:CongAvoid   	info:Base: 33801 -> 33901
2026-03-27 13:54:43:576	EVENT:SEND           	base:33901   	next:34001   	cwnd:1331  	ssthresh:1100  	state:CongAvoid   	info:DATA_seq: 33901
2026-03-27 13:54:43:577	EVENT:NEW_ACK        	base:33901   	next:34001   	cwnd:1331  	ssthresh:1100  	state:CongAvoid   	info:AckNum: 33901
2026-03-27 13:54:43:577	EVENT:WINDOW_SLIDE   	base:34001   	next:34001   	cwnd:1338  	ssthresh:1100  	state:CongAvoid   	info:Base: 33901 -> 34001
2026-03-27 13:54:43:587	EVENT:SEND           	base:34001   	next:34101   	cwnd:1338  	ssthresh:1100  	state:CongAvoid   	info:DATA_seq: 34001
2026-03-27 13:54:43:588	EVENT:NEW_ACK        	base:34001   	next:34101   	cwnd:1338  	ssthresh:1100  	state:CongAvoid   	info:AckNum: 34001
2026-03-27 13:54:43:588	EVENT:WINDOW_SLIDE   	base:34101   	next:34101   	cwnd:1345  	ssthresh:1100  	state:CongAvoid   	info:Base: 34001 -> 34101
2026-03-27 13:54:43:598	EVENT:SEND           	base:34101   	next:34201   	cwnd:1345  	ssthresh:1100  	state:CongAvoid   	info:DATA_seq: 34101
2026-03-27 13:54:43:599	EVENT:NEW_ACK        	base:34101   	next:34201   	cwnd:1345  	ssthresh:1100  	state:CongAvoid   	info:AckNum: 34101
2026-03-27 13:54:43:599	EVENT:WINDOW_SLIDE   	base:34201   	next:34201   	cwnd:1352  	ssthresh:1100  	state:CongAvoid   	info:Base: 34101 -> 34201
2026-03-27 13:54:43:611	EVENT:SEND           	base:34201   	next:34301   	cwnd:1352  	ssthresh:1100  	state:CongAvoid   	info:DATA_seq: 34201
2026-03-27 13:54:43:612	EVENT:NEW_ACK        	base:34201   	next:34301   	cwnd:1352  	ssthresh:1100  	state:CongAvoid   	info:AckNum: 34201
2026-03-27 13:54:43:612	EVENT:WINDOW_SLIDE   	base:34301   	next:34301   	cwnd:1359  	ssthresh:1100  	state:CongAvoid   	info:Base: 34201 -> 34301
2026-03-27 13:54:43:624	EVENT:SEND           	base:34301   	next:34401   	cwnd:1359  	ssthresh:1100  	state:CongAvoid   	info:DATA_seq: 34301
2026-03-27 13:54:43:625	EVENT:NEW_ACK        	base:34301   	next:34401   	cwnd:1359  	ssthresh:1100  	state:CongAvoid   	info:AckNum: 34301
2026-03-27 13:54:43:625	EVENT:WINDOW_SLIDE   	base:34401   	next:34401   	cwnd:1366  	ssthresh:1100  	state:CongAvoid   	info:Base: 34301 -> 34401
2026-03-27 13:54:43:637	EVENT:SEND           	base:34401   	next:34501   	cwnd:1366  	ssthresh:1100  	state:CongAvoid   	info:DATA_seq: 34401
2026-03-27 13:54:43:637	EVENT:NEW_ACK        	base:34401   	next:34501   	cwnd:1366  	ssthresh:1100  	state:CongAvoid   	info:AckNum: 34401
2026-03-27 13:54:43:637	EVENT:WINDOW_SLIDE   	base:34501   	next:34501   	cwnd:1373  	ssthresh:1100  	state:CongAvoid   	info:Base: 34401 -> 34501
2026-03-27 13:54:43:650	EVENT:SEND           	base:34501   	next:34601   	cwnd:1373  	ssthresh:1100  	state:CongAvoid   	info:DATA_seq: 34501
2026-03-27 13:54:43:650	EVENT:NEW_ACK        	base:34501   	next:34601   	cwnd:1373  	ssthresh:1100  	state:CongAvoid   	info:AckNum: 34501
2026-03-27 13:54:43:650	EVENT:WINDOW_SLIDE   	base:34601   	next:34601   	cwnd:1380  	ssthresh:1100  	state:CongAvoid   	info:Base: 34501 -> 34601
2026-03-27 13:54:43:662	EVENT:SEND           	base:34601   	next:34701   	cwnd:1380  	ssthresh:1100  	state:CongAvoid   	info:DATA_seq: 34601
2026-03-27 13:54:43:663	EVENT:NEW_ACK        	base:34601   	next:34701   	cwnd:1380  	ssthresh:1100  	state:CongAvoid   	info:AckNum: 34601
2026-03-27 13:54:43:663	EVENT:WINDOW_SLIDE   	base:34701   	next:34701   	cwnd:1387  	ssthresh:1100  	state:CongAvoid   	info:Base: 34601 -> 34701
2026-03-27 13:54:43:675	EVENT:SEND           	base:34701   	next:34801   	cwnd:1387  	ssthresh:1100  	state:CongAvoid   	info:DATA_seq: 34701
2026-03-27 13:54:43:676	EVENT:NEW_ACK        	base:34701   	next:34801   	cwnd:1387  	ssthresh:1100  	state:CongAvoid   	info:AckNum: 34701
2026-03-27 13:54:43:676	EVENT:WINDOW_SLIDE   	base:34801   	next:34801   	cwnd:1394  	ssthresh:1100  	state:CongAvoid   	info:Base: 34701 -> 34801
2026-03-27 13:54:43:686	EVENT:SEND           	base:34801   	next:34901   	cwnd:1394  	ssthresh:1100  	state:CongAvoid   	info:DATA_seq: 34801
2026-03-27 13:54:43:687	EVENT:NEW_ACK        	base:34801   	next:34901   	cwnd:1394  	ssthresh:1100  	state:CongAvoid   	info:AckNum: 34801
2026-03-27 13:54:43:690	EVENT:WINDOW_SLIDE   	base:34901   	next:34901   	cwnd:1401  	ssthresh:1100  	state:CongAvoid   	info:Base: 34801 -> 34901
2026-03-27 13:54:43:699	EVENT:SEND           	base:34901   	next:35001   	cwnd:1401  	ssthresh:1100  	state:CongAvoid   	info:DATA_seq: 34901
2026-03-27 13:54:43:700	EVENT:NEW_ACK        	base:34901   	next:35001   	cwnd:1401  	ssthresh:1100  	state:CongAvoid   	info:AckNum: 34901
2026-03-27 13:54:43:700	EVENT:WINDOW_SLIDE   	base:35001   	next:35001   	cwnd:1408  	ssthresh:1100  	state:CongAvoid   	info:Base: 34901 -> 35001
2026-03-27 13:54:43:712	EVENT:SEND           	base:35001   	next:35101   	cwnd:1408  	ssthresh:1100  	state:CongAvoid   	info:DATA_seq: 35001
2026-03-27 13:54:43:713	EVENT:NEW_ACK        	base:35001   	next:35101   	cwnd:1408  	ssthresh:1100  	state:CongAvoid   	info:AckNum: 35001
2026-03-27 13:54:43:713	EVENT:WINDOW_SLIDE   	base:35101   	next:35101   	cwnd:1415  	ssthresh:1100  	state:CongAvoid   	info:Base: 35001 -> 35101
2026-03-27 13:54:43:725	EVENT:SEND           	base:35101   	next:35201   	cwnd:1415  	ssthresh:1100  	state:CongAvoid   	info:DATA_seq: 35101
2026-03-27 13:54:43:726	EVENT:NEW_ACK        	base:35101   	next:35201   	cwnd:1415  	ssthresh:1100  	state:CongAvoid   	info:AckNum: 35101
2026-03-27 13:54:43:726	EVENT:WINDOW_SLIDE   	base:35201   	next:35201   	cwnd:1422  	ssthresh:1100  	state:CongAvoid   	info:Base: 35101 -> 35201
2026-03-27 13:54:43:737	EVENT:SEND           	base:35201   	next:35301   	cwnd:1422  	ssthresh:1100  	state:CongAvoid   	info:DATA_seq: 35201
2026-03-27 13:54:43:738	EVENT:NEW_ACK        	base:35201   	next:35301   	cwnd:1422  	ssthresh:1100  	state:CongAvoid   	info:AckNum: 35201
2026-03-27 13:54:43:738	EVENT:WINDOW_SLIDE   	base:35301   	next:35301   	cwnd:1429  	ssthresh:1100  	state:CongAvoid   	info:Base: 35201 -> 35301
2026-03-27 13:54:43:750	EVENT:SEND           	base:35301   	next:35401   	cwnd:1429  	ssthresh:1100  	state:CongAvoid   	info:DATA_seq: 35301
2026-03-27 13:54:43:751	EVENT:NEW_ACK        	base:35301   	next:35401   	cwnd:1429  	ssthresh:1100  	state:CongAvoid   	info:AckNum: 35301
2026-03-27 13:54:43:751	EVENT:WINDOW_SLIDE   	base:35401   	next:35401   	cwnd:1435  	ssthresh:1100  	state:CongAvoid   	info:Base: 35301 -> 35401
2026-03-27 13:54:43:763	EVENT:SEND           	base:35401   	next:35501   	cwnd:1435  	ssthresh:1100  	state:CongAvoid   	info:DATA_seq: 35401
2026-03-27 13:54:43:763	EVENT:NEW_ACK        	base:35401   	next:35501   	cwnd:1435  	ssthresh:1100  	state:CongAvoid   	info:AckNum: 35401
2026-03-27 13:54:43:763	EVENT:WINDOW_SLIDE   	base:35501   	next:35501   	cwnd:1441  	ssthresh:1100  	state:CongAvoid   	info:Base: 35401 -> 35501
2026-03-27 13:54:43:775	EVENT:SEND           	base:35501   	next:35601   	cwnd:1441  	ssthresh:1100  	state:CongAvoid   	info:DATA_seq: 35501
2026-03-27 13:54:43:776	EVENT:NEW_ACK        	base:35501   	next:35601   	cwnd:1441  	ssthresh:1100  	state:CongAvoid   	info:AckNum: 35501
2026-03-27 13:54:43:776	EVENT:WINDOW_SLIDE   	base:35601   	next:35601   	cwnd:1447  	ssthresh:1100  	state:CongAvoid   	info:Base: 35501 -> 35601
2026-03-27 13:54:43:788	EVENT:SEND           	base:35601   	next:35701   	cwnd:1447  	ssthresh:1100  	state:CongAvoid   	info:DATA_seq: 35601
2026-03-27 13:54:43:789	EVENT:NEW_ACK        	base:35601   	next:35701   	cwnd:1447  	ssthresh:1100  	state:CongAvoid   	info:AckNum: 35601
2026-03-27 13:54:43:789	EVENT:WINDOW_SLIDE   	base:35701   	next:35701   	cwnd:1453  	ssthresh:1100  	state:CongAvoid   	info:Base: 35601 -> 35701
2026-03-27 13:54:43:801	EVENT:SEND           	base:35701   	next:35801   	cwnd:1453  	ssthresh:1100  	state:CongAvoid   	info:DATA_seq: 35701
2026-03-27 13:54:43:801	EVENT:NEW_ACK        	base:35701   	next:35801   	cwnd:1453  	ssthresh:1100  	state:CongAvoid   	info:AckNum: 35701
2026-03-27 13:54:43:801	EVENT:WINDOW_SLIDE   	base:35801   	next:35801   	cwnd:1459  	ssthresh:1100  	state:CongAvoid   	info:Base: 35701 -> 35801
2026-03-27 13:54:43:814	EVENT:SEND           	base:35801   	next:35901   	cwnd:1459  	ssthresh:1100  	state:CongAvoid   	info:DATA_seq: 35801
2026-03-27 13:54:43:814	EVENT:NEW_ACK        	base:35801   	next:35901   	cwnd:1459  	ssthresh:1100  	state:CongAvoid   	info:AckNum: 35801
2026-03-27 13:54:43:814	EVENT:WINDOW_SLIDE   	base:35901   	next:35901   	cwnd:1465  	ssthresh:1100  	state:CongAvoid   	info:Base: 35801 -> 35901
2026-03-27 13:54:43:827	EVENT:SEND           	base:35901   	next:36001   	cwnd:1465  	ssthresh:1100  	state:CongAvoid   	info:DATA_seq: 35901
2026-03-27 13:54:43:827	EVENT:NEW_ACK        	base:35901   	next:36001   	cwnd:1465  	ssthresh:1100  	state:CongAvoid   	info:AckNum: 35901
2026-03-27 13:54:43:828	EVENT:WINDOW_SLIDE   	base:36001   	next:36001   	cwnd:1471  	ssthresh:1100  	state:CongAvoid   	info:Base: 35901 -> 36001
2026-03-27 13:54:43:839	EVENT:SEND           	base:36001   	next:36101   	cwnd:1471  	ssthresh:1100  	state:CongAvoid   	info:DATA_seq: 36001
2026-03-27 13:54:43:840	EVENT:NEW_ACK        	base:36001   	next:36101   	cwnd:1471  	ssthresh:1100  	state:CongAvoid   	info:AckNum: 36001
2026-03-27 13:54:43:840	EVENT:WINDOW_SLIDE   	base:36101   	next:36101   	cwnd:1477  	ssthresh:1100  	state:CongAvoid   	info:Base: 36001 -> 36101
2026-03-27 13:54:43:852	EVENT:SEND           	base:36101   	next:36201   	cwnd:1477  	ssthresh:1100  	state:CongAvoid   	info:DATA_seq: 36101
2026-03-27 13:54:43:853	EVENT:NEW_ACK        	base:36101   	next:36201   	cwnd:1477  	ssthresh:1100  	state:CongAvoid   	info:AckNum: 36101
2026-03-27 13:54:43:853	EVENT:WINDOW_SLIDE   	base:36201   	next:36201   	cwnd:1483  	ssthresh:1100  	state:CongAvoid   	info:Base: 36101 -> 36201
2026-03-27 13:54:43:865	EVENT:SEND           	base:36201   	next:36301   	cwnd:1483  	ssthresh:1100  	state:CongAvoid   	info:DATA_seq: 36201
2026-03-27 13:54:43:865	EVENT:NEW_ACK        	base:36201   	next:36301   	cwnd:1483  	ssthresh:1100  	state:CongAvoid   	info:AckNum: 36201
2026-03-27 13:54:43:865	EVENT:WINDOW_SLIDE   	base:36301   	next:36301   	cwnd:1489  	ssthresh:1100  	state:CongAvoid   	info:Base: 36201 -> 36301
2026-03-27 13:54:43:878	EVENT:SEND           	base:36301   	next:36401   	cwnd:1489  	ssthresh:1100  	state:CongAvoid   	info:DATA_seq: 36301
2026-03-27 13:54:43:878	EVENT:NEW_ACK        	base:36301   	next:36401   	cwnd:1489  	ssthresh:1100  	state:CongAvoid   	info:AckNum: 36301
2026-03-27 13:54:43:878	EVENT:WINDOW_SLIDE   	base:36401   	next:36401   	cwnd:1495  	ssthresh:1100  	state:CongAvoid   	info:Base: 36301 -> 36401
2026-03-27 13:54:43:888	EVENT:SEND           	base:36401   	next:36501   	cwnd:1495  	ssthresh:1100  	state:CongAvoid   	info:DATA_seq: 36401
2026-03-27 13:54:43:888	EVENT:NEW_ACK        	base:36401   	next:36501   	cwnd:1495  	ssthresh:1100  	state:CongAvoid   	info:AckNum: 36401
2026-03-27 13:54:43:888	EVENT:WINDOW_SLIDE   	base:36501   	next:36501   	cwnd:1501  	ssthresh:1100  	state:CongAvoid   	info:Base: 36401 -> 36501
2026-03-27 13:54:43:900	EVENT:SEND           	base:36501   	next:36601   	cwnd:1501  	ssthresh:1100  	state:CongAvoid   	info:DATA_seq: 36501
2026-03-27 13:54:43:900	EVENT:NEW_ACK        	base:36501   	next:36601   	cwnd:1501  	ssthresh:1100  	state:CongAvoid   	info:AckNum: 36501
2026-03-27 13:54:43:901	EVENT:WINDOW_SLIDE   	base:36601   	next:36601   	cwnd:1507  	ssthresh:1100  	state:CongAvoid   	info:Base: 36501 -> 36601
2026-03-27 13:54:43:913	EVENT:SEND           	base:36601   	next:36701   	cwnd:1507  	ssthresh:1100  	state:CongAvoid   	info:DATA_seq: 36601
2026-03-27 13:54:43:913	EVENT:NEW_ACK        	base:36601   	next:36701   	cwnd:1507  	ssthresh:1100  	state:CongAvoid   	info:AckNum: 36601
2026-03-27 13:54:43:913	EVENT:WINDOW_SLIDE   	base:36701   	next:36701   	cwnd:1513  	ssthresh:1100  	state:CongAvoid   	info:Base: 36601 -> 36701
2026-03-27 13:54:43:924	EVENT:SEND           	base:36701   	next:36801   	cwnd:1513  	ssthresh:1100  	state:CongAvoid   	info:DATA_seq: 36701
2026-03-27 13:54:43:925	EVENT:NEW_ACK        	base:36701   	next:36801   	cwnd:1513  	ssthresh:1100  	state:CongAvoid   	info:AckNum: 36701
2026-03-27 13:54:43:925	EVENT:WINDOW_SLIDE   	base:36801   	next:36801   	cwnd:1519  	ssthresh:1100  	state:CongAvoid   	info:Base: 36701 -> 36801
2026-03-27 13:54:43:937	EVENT:SEND           	base:36801   	next:36901   	cwnd:1519  	ssthresh:1100  	state:CongAvoid   	info:DATA_seq: 36801
2026-03-27 13:54:43:938	EVENT:NEW_ACK        	base:36801   	next:36901   	cwnd:1519  	ssthresh:1100  	state:CongAvoid   	info:AckNum: 36801
2026-03-27 13:54:43:938	EVENT:WINDOW_SLIDE   	base:36901   	next:36901   	cwnd:1525  	ssthresh:1100  	state:CongAvoid   	info:Base: 36801 -> 36901
2026-03-27 13:54:43:948	EVENT:SEND           	base:36901   	next:37001   	cwnd:1525  	ssthresh:1100  	state:CongAvoid   	info:DATA_seq: 36901
2026-03-27 13:54:43:949	EVENT:NEW_ACK        	base:36901   	next:37001   	cwnd:1525  	ssthresh:1100  	state:CongAvoid   	info:AckNum: 36901
2026-03-27 13:54:43:949	EVENT:WINDOW_SLIDE   	base:37001   	next:37001   	cwnd:1531  	ssthresh:1100  	state:CongAvoid   	info:Base: 36901 -> 37001
2026-03-27 13:54:43:960	EVENT:SEND           	base:37001   	next:37101   	cwnd:1531  	ssthresh:1100  	state:CongAvoid   	info:DATA_seq: 37001
2026-03-27 13:54:43:961	EVENT:NEW_ACK        	base:37001   	next:37101   	cwnd:1531  	ssthresh:1100  	state:CongAvoid   	info:AckNum: 37001
2026-03-27 13:54:43:961	EVENT:WINDOW_SLIDE   	base:37101   	next:37101   	cwnd:1537  	ssthresh:1100  	state:CongAvoid   	info:Base: 37001 -> 37101
2026-03-27 13:54:43:973	EVENT:SEND           	base:37101   	next:37201   	cwnd:1537  	ssthresh:1100  	state:CongAvoid   	info:DATA_seq: 37101
2026-03-27 13:54:43:973	EVENT:NEW_ACK        	base:37101   	next:37201   	cwnd:1537  	ssthresh:1100  	state:CongAvoid   	info:AckNum: 37101
2026-03-27 13:54:43:973	EVENT:WINDOW_SLIDE   	base:37201   	next:37201   	cwnd:1543  	ssthresh:1100  	state:CongAvoid   	info:Base: 37101 -> 37201
2026-03-27 13:54:43:985	EVENT:SEND           	base:37201   	next:37301   	cwnd:1543  	ssthresh:1100  	state:CongAvoid   	info:DATA_seq: 37201
2026-03-27 13:54:43:986	EVENT:NEW_ACK        	base:37201   	next:37301   	cwnd:1543  	ssthresh:1100  	state:CongAvoid   	info:AckNum: 37201
2026-03-27 13:54:43:986	EVENT:WINDOW_SLIDE   	base:37301   	next:37301   	cwnd:1549  	ssthresh:1100  	state:CongAvoid   	info:Base: 37201 -> 37301
2026-03-27 13:54:43:998	EVENT:SEND           	base:37301   	next:37401   	cwnd:1549  	ssthresh:1100  	state:CongAvoid   	info:DATA_seq: 37301
2026-03-27 13:54:43:999	EVENT:NEW_ACK        	base:37301   	next:37401   	cwnd:1549  	ssthresh:1100  	state:CongAvoid   	info:AckNum: 37301
2026-03-27 13:54:43:999	EVENT:WINDOW_SLIDE   	base:37401   	next:37401   	cwnd:1555  	ssthresh:1100  	state:CongAvoid   	info:Base: 37301 -> 37401
2026-03-27 13:54:44:011	EVENT:SEND           	base:37401   	next:37501   	cwnd:1555  	ssthresh:1100  	state:CongAvoid   	info:DATA_seq: 37401
2026-03-27 13:54:44:012	EVENT:NEW_ACK        	base:37401   	next:37501   	cwnd:1555  	ssthresh:1100  	state:CongAvoid   	info:AckNum: 37401
2026-03-27 13:54:44:012	EVENT:WINDOW_SLIDE   	base:37501   	next:37501   	cwnd:1561  	ssthresh:1100  	state:CongAvoid   	info:Base: 37401 -> 37501
2026-03-27 13:54:44:024	EVENT:SEND           	base:37501   	next:37601   	cwnd:1561  	ssthresh:1100  	state:CongAvoid   	info:DATA_seq: 37501
2026-03-27 13:54:44:025	EVENT:NEW_ACK        	base:37501   	next:37601   	cwnd:1561  	ssthresh:1100  	state:CongAvoid   	info:AckNum: 37501
2026-03-27 13:54:44:025	EVENT:WINDOW_SLIDE   	base:37601   	next:37601   	cwnd:1567  	ssthresh:1100  	state:CongAvoid   	info:Base: 37501 -> 37601
2026-03-27 13:54:44:037	EVENT:SEND           	base:37601   	next:37701   	cwnd:1567  	ssthresh:1100  	state:CongAvoid   	info:DATA_seq: 37601
2026-03-27 13:54:44:037	EVENT:NEW_ACK        	base:37601   	next:37701   	cwnd:1567  	ssthresh:1100  	state:CongAvoid   	info:AckNum: 37601
2026-03-27 13:54:44:037	EVENT:WINDOW_SLIDE   	base:37701   	next:37701   	cwnd:1573  	ssthresh:1100  	state:CongAvoid   	info:Base: 37601 -> 37701
2026-03-27 13:54:44:050	EVENT:SEND           	base:37701   	next:37801   	cwnd:1573  	ssthresh:1100  	state:CongAvoid   	info:DATA_seq: 37701
2026-03-27 13:54:44:051	EVENT:NEW_ACK        	base:37701   	next:37801   	cwnd:1573  	ssthresh:1100  	state:CongAvoid   	info:AckNum: 37701
2026-03-27 13:54:44:051	EVENT:WINDOW_SLIDE   	base:37801   	next:37801   	cwnd:1579  	ssthresh:1100  	state:CongAvoid   	info:Base: 37701 -> 37801
2026-03-27 13:54:44:063	EVENT:SEND           	base:37801   	next:37901   	cwnd:1579  	ssthresh:1100  	state:CongAvoid   	info:DATA_seq: 37801
2026-03-27 13:54:44:064	EVENT:NEW_ACK        	base:37801   	next:37901   	cwnd:1579  	ssthresh:1100  	state:CongAvoid   	info:AckNum: 37801
2026-03-27 13:54:44:064	EVENT:WINDOW_SLIDE   	base:37901   	next:37901   	cwnd:1585  	ssthresh:1100  	state:CongAvoid   	info:Base: 37801 -> 37901
2026-03-27 13:54:44:076	EVENT:SEND           	base:37901   	next:38001   	cwnd:1585  	ssthresh:1100  	state:CongAvoid   	info:DATA_seq: 37901
2026-03-27 13:54:44:078	EVENT:NEW_ACK        	base:37901   	next:38001   	cwnd:1585  	ssthresh:1100  	state:CongAvoid   	info:AckNum: 37901
2026-03-27 13:54:44:078	EVENT:WINDOW_SLIDE   	base:38001   	next:38001   	cwnd:1591  	ssthresh:1100  	state:CongAvoid   	info:Base: 37901 -> 38001
2026-03-27 13:54:44:089	EVENT:SEND           	base:38001   	next:38101   	cwnd:1591  	ssthresh:1100  	state:CongAvoid   	info:DATA_seq: 38001
2026-03-27 13:54:44:090	EVENT:NEW_ACK        	base:38001   	next:38101   	cwnd:1591  	ssthresh:1100  	state:CongAvoid   	info:AckNum: 38001
2026-03-27 13:54:44:090	EVENT:WINDOW_SLIDE   	base:38101   	next:38101   	cwnd:1597  	ssthresh:1100  	state:CongAvoid   	info:Base: 38001 -> 38101
2026-03-27 13:54:44:100	EVENT:SEND           	base:38101   	next:38201   	cwnd:1597  	ssthresh:1100  	state:CongAvoid   	info:DATA_seq: 38101
2026-03-27 13:54:44:101	EVENT:NEW_ACK        	base:38101   	next:38201   	cwnd:1597  	ssthresh:1100  	state:CongAvoid   	info:AckNum: 38101
2026-03-27 13:54:44:101	EVENT:WINDOW_SLIDE   	base:38201   	next:38201   	cwnd:1603  	ssthresh:1100  	state:CongAvoid   	info:Base: 38101 -> 38201
2026-03-27 13:54:44:112	EVENT:SEND           	base:38201   	next:38301   	cwnd:1603  	ssthresh:1100  	state:CongAvoid   	info:DATA_seq: 38201
2026-03-27 13:54:44:113	EVENT:NEW_ACK        	base:38201   	next:38301   	cwnd:1603  	ssthresh:1100  	state:CongAvoid   	info:AckNum: 38201
2026-03-27 13:54:44:113	EVENT:WINDOW_SLIDE   	base:38301   	next:38301   	cwnd:1609  	ssthresh:1100  	state:CongAvoid   	info:Base: 38201 -> 38301
2026-03-27 13:54:44:125	EVENT:SEND           	base:38301   	next:38401   	cwnd:1609  	ssthresh:1100  	state:CongAvoid   	info:DATA_seq: 38301
2026-03-27 13:54:44:125	EVENT:NEW_ACK        	base:38301   	next:38401   	cwnd:1609  	ssthresh:1100  	state:CongAvoid   	info:AckNum: 38301
2026-03-27 13:54:44:125	EVENT:WINDOW_SLIDE   	base:38401   	next:38401   	cwnd:1615  	ssthresh:1100  	state:CongAvoid   	info:Base: 38301 -> 38401
2026-03-27 13:54:44:137	EVENT:SEND           	base:38401   	next:38501   	cwnd:1615  	ssthresh:1100  	state:CongAvoid   	info:DATA_seq: 38401
2026-03-27 13:54:44:138	EVENT:NEW_ACK        	base:38401   	next:38501   	cwnd:1615  	ssthresh:1100  	state:CongAvoid   	info:AckNum: 38401
2026-03-27 13:54:44:138	EVENT:WINDOW_SLIDE   	base:38501   	next:38501   	cwnd:1621  	ssthresh:1100  	state:CongAvoid   	info:Base: 38401 -> 38501
2026-03-27 13:54:44:150	EVENT:SEND           	base:38501   	next:38601   	cwnd:1621  	ssthresh:1100  	state:CongAvoid   	info:DATA_seq: 38501
2026-03-27 13:54:44:150	EVENT:NEW_ACK        	base:38501   	next:38601   	cwnd:1621  	ssthresh:1100  	state:CongAvoid   	info:AckNum: 38501
2026-03-27 13:54:44:150	EVENT:WINDOW_SLIDE   	base:38601   	next:38601   	cwnd:1627  	ssthresh:1100  	state:CongAvoid   	info:Base: 38501 -> 38601
2026-03-27 13:54:44:162	EVENT:SEND           	base:38601   	next:38701   	cwnd:1627  	ssthresh:1100  	state:CongAvoid   	info:DATA_seq: 38601
2026-03-27 13:54:44:163	EVENT:NEW_ACK        	base:38601   	next:38701   	cwnd:1627  	ssthresh:1100  	state:CongAvoid   	info:AckNum: 38601
2026-03-27 13:54:44:163	EVENT:WINDOW_SLIDE   	base:38701   	next:38701   	cwnd:1633  	ssthresh:1100  	state:CongAvoid   	info:Base: 38601 -> 38701
2026-03-27 13:54:44:174	EVENT:SEND           	base:38701   	next:38801   	cwnd:1633  	ssthresh:1100  	state:CongAvoid   	info:DATA_seq: 38701
2026-03-27 13:54:44:174	EVENT:NEW_ACK        	base:38701   	next:38801   	cwnd:1633  	ssthresh:1100  	state:CongAvoid   	info:AckNum: 38701
2026-03-27 13:54:44:174	EVENT:WINDOW_SLIDE   	base:38801   	next:38801   	cwnd:1639  	ssthresh:1100  	state:CongAvoid   	info:Base: 38701 -> 38801
2026-03-27 13:54:44:187	EVENT:SEND           	base:38801   	next:38901   	cwnd:1639  	ssthresh:1100  	state:CongAvoid   	info:DATA_seq: 38801
2026-03-27 13:54:44:187	EVENT:NEW_ACK        	base:38801   	next:38901   	cwnd:1639  	ssthresh:1100  	state:CongAvoid   	info:AckNum: 38801
2026-03-27 13:54:44:187	EVENT:WINDOW_SLIDE   	base:38901   	next:38901   	cwnd:1645  	ssthresh:1100  	state:CongAvoid   	info:Base: 38801 -> 38901
2026-03-27 13:54:44:198	EVENT:SEND           	base:38901   	next:39001   	cwnd:1645  	ssthresh:1100  	state:CongAvoid   	info:DATA_seq: 38901
2026-03-27 13:54:44:199	EVENT:NEW_ACK        	base:38901   	next:39001   	cwnd:1645  	ssthresh:1100  	state:CongAvoid   	info:AckNum: 38901
2026-03-27 13:54:44:199	EVENT:WINDOW_SLIDE   	base:39001   	next:39001   	cwnd:1651  	ssthresh:1100  	state:CongAvoid   	info:Base: 38901 -> 39001
2026-03-27 13:54:44:211	EVENT:SEND           	base:39001   	next:39101   	cwnd:1651  	ssthresh:1100  	state:CongAvoid   	info:DATA_seq: 39001
2026-03-27 13:54:44:212	EVENT:NEW_ACK        	base:39001   	next:39101   	cwnd:1651  	ssthresh:1100  	state:CongAvoid   	info:AckNum: 39001
2026-03-27 13:54:44:212	EVENT:WINDOW_SLIDE   	base:39101   	next:39101   	cwnd:1657  	ssthresh:1100  	state:CongAvoid   	info:Base: 39001 -> 39101
2026-03-27 13:54:44:224	EVENT:SEND           	base:39101   	next:39201   	cwnd:1657  	ssthresh:1100  	state:CongAvoid   	info:DATA_seq: 39101
2026-03-27 13:54:44:224	EVENT:NEW_ACK        	base:39101   	next:39201   	cwnd:1657  	ssthresh:1100  	state:CongAvoid   	info:AckNum: 39101
2026-03-27 13:54:44:224	EVENT:WINDOW_SLIDE   	base:39201   	next:39201   	cwnd:1663  	ssthresh:1100  	state:CongAvoid   	info:Base: 39101 -> 39201
2026-03-27 13:54:44:237	EVENT:SEND           	base:39201   	next:39301   	cwnd:1663  	ssthresh:1100  	state:CongAvoid   	info:DATA_seq: 39201
2026-03-27 13:54:44:237	EVENT:NEW_ACK        	base:39201   	next:39301   	cwnd:1663  	ssthresh:1100  	state:CongAvoid   	info:AckNum: 39201
2026-03-27 13:54:44:237	EVENT:WINDOW_SLIDE   	base:39301   	next:39301   	cwnd:1669  	ssthresh:1100  	state:CongAvoid   	info:Base: 39201 -> 39301
2026-03-27 13:54:44:250	EVENT:SEND           	base:39301   	next:39401   	cwnd:1669  	ssthresh:1100  	state:CongAvoid   	info:DATA_seq: 39301
2026-03-27 13:54:44:250	EVENT:NEW_ACK        	base:39301   	next:39401   	cwnd:1669  	ssthresh:1100  	state:CongAvoid   	info:AckNum: 39301
2026-03-27 13:54:44:250	EVENT:WINDOW_SLIDE   	base:39401   	next:39401   	cwnd:1674  	ssthresh:1100  	state:CongAvoid   	info:Base: 39301 -> 39401
2026-03-27 13:54:44:263	EVENT:SEND           	base:39401   	next:39501   	cwnd:1674  	ssthresh:1100  	state:CongAvoid   	info:DATA_seq: 39401
2026-03-27 13:54:44:264	EVENT:NEW_ACK        	base:39401   	next:39501   	cwnd:1674  	ssthresh:1100  	state:CongAvoid   	info:AckNum: 39401
2026-03-27 13:54:44:264	EVENT:WINDOW_SLIDE   	base:39501   	next:39501   	cwnd:1679  	ssthresh:1100  	state:CongAvoid   	info:Base: 39401 -> 39501
2026-03-27 13:54:44:274	EVENT:SEND           	base:39501   	next:39601   	cwnd:1679  	ssthresh:1100  	state:CongAvoid   	info:DATA_seq: 39501
2026-03-27 13:54:44:275	EVENT:NEW_ACK        	base:39501   	next:39601   	cwnd:1679  	ssthresh:1100  	state:CongAvoid   	info:AckNum: 39501
2026-03-27 13:54:44:275	EVENT:WINDOW_SLIDE   	base:39601   	next:39601   	cwnd:1684  	ssthresh:1100  	state:CongAvoid   	info:Base: 39501 -> 39601
2026-03-27 13:54:44:287	EVENT:SEND           	base:39601   	next:39701   	cwnd:1684  	ssthresh:1100  	state:CongAvoid   	info:DATA_seq: 39601
2026-03-27 13:54:44:288	EVENT:NEW_ACK        	base:39601   	next:39701   	cwnd:1684  	ssthresh:1100  	state:CongAvoid   	info:AckNum: 39601
2026-03-27 13:54:44:288	EVENT:WINDOW_SLIDE   	base:39701   	next:39701   	cwnd:1689  	ssthresh:1100  	state:CongAvoid   	info:Base: 39601 -> 39701
2026-03-27 13:54:44:300	EVENT:SEND           	base:39701   	next:39801   	cwnd:1689  	ssthresh:1100  	state:CongAvoid   	info:DATA_seq: 39701
2026-03-27 13:54:44:301	EVENT:NEW_ACK        	base:39701   	next:39801   	cwnd:1689  	ssthresh:1100  	state:CongAvoid   	info:AckNum: 39701
2026-03-27 13:54:44:301	EVENT:WINDOW_SLIDE   	base:39801   	next:39801   	cwnd:1694  	ssthresh:1100  	state:CongAvoid   	info:Base: 39701 -> 39801
2026-03-27 13:54:44:313	EVENT:SEND           	base:39801   	next:39901   	cwnd:1694  	ssthresh:1100  	state:CongAvoid   	info:DATA_seq: 39801
2026-03-27 13:54:44:314	EVENT:NEW_ACK        	base:39801   	next:39901   	cwnd:1694  	ssthresh:1100  	state:CongAvoid   	info:AckNum: 39801
2026-03-27 13:54:44:315	EVENT:WINDOW_SLIDE   	base:39901   	next:39901   	cwnd:1699  	ssthresh:1100  	state:CongAvoid   	info:Base: 39801 -> 39901
2026-03-27 13:54:44:327	EVENT:SEND           	base:39901   	next:40001   	cwnd:1699  	ssthresh:1100  	state:CongAvoid   	info:DATA_seq: 39901
2026-03-27 13:54:44:329	EVENT:NEW_ACK        	base:39901   	next:40001   	cwnd:1699  	ssthresh:1100  	state:CongAvoid   	info:AckNum: 39901
2026-03-27 13:54:44:329	EVENT:WINDOW_SLIDE   	base:40001   	next:40001   	cwnd:1704  	ssthresh:1100  	state:CongAvoid   	info:Base: 39901 -> 40001
2026-03-27 13:54:44:340	EVENT:SEND           	base:40001   	next:40101   	cwnd:1704  	ssthresh:1100  	state:CongAvoid   	info:DATA_seq: 40001
2026-03-27 13:54:44:341	EVENT:NEW_ACK        	base:40001   	next:40101   	cwnd:1704  	ssthresh:1100  	state:CongAvoid   	info:AckNum: 40001
2026-03-27 13:54:44:341	EVENT:WINDOW_SLIDE   	base:40101   	next:40101   	cwnd:1709  	ssthresh:1100  	state:CongAvoid   	info:Base: 40001 -> 40101
2026-03-27 13:54:44:352	EVENT:SEND           	base:40101   	next:40201   	cwnd:1709  	ssthresh:1100  	state:CongAvoid   	info:DATA_seq: 40101
2026-03-27 13:54:44:353	EVENT:NEW_ACK        	base:40101   	next:40201   	cwnd:1709  	ssthresh:1100  	state:CongAvoid   	info:AckNum: 40101
2026-03-27 13:54:44:353	EVENT:WINDOW_SLIDE   	base:40201   	next:40201   	cwnd:1714  	ssthresh:1100  	state:CongAvoid   	info:Base: 40101 -> 40201
2026-03-27 13:54:44:364	EVENT:SEND           	base:40201   	next:40301   	cwnd:1714  	ssthresh:1100  	state:CongAvoid   	info:DATA_seq: 40201
2026-03-27 13:54:44:365	EVENT:NEW_ACK        	base:40201   	next:40301   	cwnd:1714  	ssthresh:1100  	state:CongAvoid   	info:AckNum: 40201
2026-03-27 13:54:44:365	EVENT:WINDOW_SLIDE   	base:40301   	next:40301   	cwnd:1719  	ssthresh:1100  	state:CongAvoid   	info:Base: 40201 -> 40301
2026-03-27 13:54:44:377	EVENT:SEND           	base:40301   	next:40401   	cwnd:1719  	ssthresh:1100  	state:CongAvoid   	info:DATA_seq: 40301
2026-03-27 13:54:44:377	EVENT:NEW_ACK        	base:40301   	next:40401   	cwnd:1719  	ssthresh:1100  	state:CongAvoid   	info:AckNum: 40301
2026-03-27 13:54:44:377	EVENT:WINDOW_SLIDE   	base:40401   	next:40401   	cwnd:1724  	ssthresh:1100  	state:CongAvoid   	info:Base: 40301 -> 40401
2026-03-27 13:54:44:390	EVENT:SEND           	base:40401   	next:40501   	cwnd:1724  	ssthresh:1100  	state:CongAvoid   	info:DATA_seq: 40401
2026-03-27 13:54:44:390	EVENT:NEW_ACK        	base:40401   	next:40501   	cwnd:1724  	ssthresh:1100  	state:CongAvoid   	info:AckNum: 40401
2026-03-27 13:54:44:390	EVENT:WINDOW_SLIDE   	base:40501   	next:40501   	cwnd:1729  	ssthresh:1100  	state:CongAvoid   	info:Base: 40401 -> 40501
2026-03-27 13:54:44:400	EVENT:SEND           	base:40501   	next:40601   	cwnd:1729  	ssthresh:1100  	state:CongAvoid   	info:DATA_seq: 40501
2026-03-27 13:54:44:401	EVENT:NEW_ACK        	base:40501   	next:40601   	cwnd:1729  	ssthresh:1100  	state:CongAvoid   	info:AckNum: 40501
2026-03-27 13:54:44:401	EVENT:WINDOW_SLIDE   	base:40601   	next:40601   	cwnd:1734  	ssthresh:1100  	state:CongAvoid   	info:Base: 40501 -> 40601
2026-03-27 13:54:44:413	EVENT:SEND           	base:40601   	next:40701   	cwnd:1734  	ssthresh:1100  	state:CongAvoid   	info:DATA_seq: 40601
2026-03-27 13:54:44:414	EVENT:NEW_ACK        	base:40601   	next:40701   	cwnd:1734  	ssthresh:1100  	state:CongAvoid   	info:AckNum: 40601
2026-03-27 13:54:44:414	EVENT:WINDOW_SLIDE   	base:40701   	next:40701   	cwnd:1739  	ssthresh:1100  	state:CongAvoid   	info:Base: 40601 -> 40701
2026-03-27 13:54:44:426	EVENT:SEND           	base:40701   	next:40801   	cwnd:1739  	ssthresh:1100  	state:CongAvoid   	info:DATA_seq: 40701
2026-03-27 13:54:44:427	EVENT:NEW_ACK        	base:40701   	next:40801   	cwnd:1739  	ssthresh:1100  	state:CongAvoid   	info:AckNum: 40701
2026-03-27 13:54:44:427	EVENT:WINDOW_SLIDE   	base:40801   	next:40801   	cwnd:1744  	ssthresh:1100  	state:CongAvoid   	info:Base: 40701 -> 40801
2026-03-27 13:54:44:439	EVENT:SEND           	base:40801   	next:40901   	cwnd:1744  	ssthresh:1100  	state:CongAvoid   	info:DATA_seq: 40801
2026-03-27 13:54:44:440	EVENT:NEW_ACK        	base:40801   	next:40901   	cwnd:1744  	ssthresh:1100  	state:CongAvoid   	info:AckNum: 40801
2026-03-27 13:54:44:440	EVENT:WINDOW_SLIDE   	base:40901   	next:40901   	cwnd:1749  	ssthresh:1100  	state:CongAvoid   	info:Base: 40801 -> 40901
2026-03-27 13:54:44:452	EVENT:SEND           	base:40901   	next:41001   	cwnd:1749  	ssthresh:1100  	state:CongAvoid   	info:DATA_seq: 40901
2026-03-27 13:54:44:453	EVENT:NEW_ACK        	base:40901   	next:41001   	cwnd:1749  	ssthresh:1100  	state:CongAvoid   	info:AckNum: 40901
2026-03-27 13:54:44:453	EVENT:WINDOW_SLIDE   	base:41001   	next:41001   	cwnd:1754  	ssthresh:1100  	state:CongAvoid   	info:Base: 40901 -> 41001
2026-03-27 13:54:44:465	EVENT:SEND           	base:41001   	next:41101   	cwnd:1754  	ssthresh:1100  	state:CongAvoid   	info:DATA_seq: 41001
2026-03-27 13:54:44:466	EVENT:NEW_ACK        	base:41001   	next:41101   	cwnd:1754  	ssthresh:1100  	state:CongAvoid   	info:AckNum: 41001
2026-03-27 13:54:44:466	EVENT:WINDOW_SLIDE   	base:41101   	next:41101   	cwnd:1759  	ssthresh:1100  	state:CongAvoid   	info:Base: 41001 -> 41101
2026-03-27 13:54:44:477	EVENT:SEND           	base:41101   	next:41201   	cwnd:1759  	ssthresh:1100  	state:CongAvoid   	info:DATA_seq: 41101
2026-03-27 13:54:44:478	EVENT:NEW_ACK        	base:41101   	next:41201   	cwnd:1759  	ssthresh:1100  	state:CongAvoid   	info:AckNum: 41101
2026-03-27 13:54:44:478	EVENT:WINDOW_SLIDE   	base:41201   	next:41201   	cwnd:1764  	ssthresh:1100  	state:CongAvoid   	info:Base: 41101 -> 41201
2026-03-27 13:54:44:490	EVENT:SEND           	base:41201   	next:41301   	cwnd:1764  	ssthresh:1100  	state:CongAvoid   	info:DATA_seq: 41201
2026-03-27 13:54:44:491	EVENT:NEW_ACK        	base:41201   	next:41301   	cwnd:1764  	ssthresh:1100  	state:CongAvoid   	info:AckNum: 41201
2026-03-27 13:54:44:491	EVENT:WINDOW_SLIDE   	base:41301   	next:41301   	cwnd:1769  	ssthresh:1100  	state:CongAvoid   	info:Base: 41201 -> 41301
2026-03-27 13:54:44:503	EVENT:SEND           	base:41301   	next:41401   	cwnd:1769  	ssthresh:1100  	state:CongAvoid   	info:DATA_seq: 41301
2026-03-27 13:54:44:504	EVENT:NEW_ACK        	base:41301   	next:41401   	cwnd:1769  	ssthresh:1100  	state:CongAvoid   	info:AckNum: 41301
2026-03-27 13:54:44:504	EVENT:WINDOW_SLIDE   	base:41401   	next:41401   	cwnd:1774  	ssthresh:1100  	state:CongAvoid   	info:Base: 41301 -> 41401
2026-03-27 13:54:44:516	EVENT:SEND           	base:41401   	next:41501   	cwnd:1774  	ssthresh:1100  	state:CongAvoid   	info:DATA_seq: 41401
2026-03-27 13:54:44:517	EVENT:NEW_ACK        	base:41401   	next:41501   	cwnd:1774  	ssthresh:1100  	state:CongAvoid   	info:AckNum: 41401
2026-03-27 13:54:44:517	EVENT:WINDOW_SLIDE   	base:41501   	next:41501   	cwnd:1779  	ssthresh:1100  	state:CongAvoid   	info:Base: 41401 -> 41501
2026-03-27 13:54:44:529	EVENT:SEND           	base:41501   	next:41601   	cwnd:1779  	ssthresh:1100  	state:CongAvoid   	info:DATA_seq: 41501
2026-03-27 13:54:44:529	EVENT:NEW_ACK        	base:41501   	next:41601   	cwnd:1779  	ssthresh:1100  	state:CongAvoid   	info:AckNum: 41501
2026-03-27 13:54:44:529	EVENT:WINDOW_SLIDE   	base:41601   	next:41601   	cwnd:1784  	ssthresh:1100  	state:CongAvoid   	info:Base: 41501 -> 41601
2026-03-27 13:54:44:541	EVENT:SEND           	base:41601   	next:41701   	cwnd:1784  	ssthresh:1100  	state:CongAvoid   	info:DATA_seq: 41601
2026-03-27 13:54:44:541	EVENT:NEW_ACK        	base:41601   	next:41701   	cwnd:1784  	ssthresh:1100  	state:CongAvoid   	info:AckNum: 41601
2026-03-27 13:54:44:541	EVENT:WINDOW_SLIDE   	base:41701   	next:41701   	cwnd:1789  	ssthresh:1100  	state:CongAvoid   	info:Base: 41601 -> 41701
2026-03-27 13:54:44:554	EVENT:SEND           	base:41701   	next:41801   	cwnd:1789  	ssthresh:1100  	state:CongAvoid   	info:DATA_seq: 41701
2026-03-27 13:54:44:555	EVENT:NEW_ACK        	base:41701   	next:41801   	cwnd:1789  	ssthresh:1100  	state:CongAvoid   	info:AckNum: 41701
2026-03-27 13:54:44:555	EVENT:WINDOW_SLIDE   	base:41801   	next:41801   	cwnd:1794  	ssthresh:1100  	state:CongAvoid   	info:Base: 41701 -> 41801
2026-03-27 13:54:44:565	EVENT:SEND           	base:41801   	next:41901   	cwnd:1794  	ssthresh:1100  	state:CongAvoid   	info:DATA_seq: 41801
2026-03-27 13:54:44:565	EVENT:NEW_ACK        	base:41801   	next:41901   	cwnd:1794  	ssthresh:1100  	state:CongAvoid   	info:AckNum: 41801
2026-03-27 13:54:44:565	EVENT:WINDOW_SLIDE   	base:41901   	next:41901   	cwnd:1799  	ssthresh:1100  	state:CongAvoid   	info:Base: 41801 -> 41901
2026-03-27 13:54:44:577	EVENT:SEND           	base:41901   	next:42001   	cwnd:1799  	ssthresh:1100  	state:CongAvoid   	info:DATA_seq: 41901
2026-03-27 13:54:44:579	EVENT:NEW_ACK        	base:41901   	next:42001   	cwnd:1799  	ssthresh:1100  	state:CongAvoid   	info:AckNum: 41901
2026-03-27 13:54:44:579	EVENT:WINDOW_SLIDE   	base:42001   	next:42001   	cwnd:1804  	ssthresh:1100  	state:CongAvoid   	info:Base: 41901 -> 42001
2026-03-27 13:54:44:589	EVENT:SEND           	base:42001   	next:42101   	cwnd:1804  	ssthresh:1100  	state:CongAvoid   	info:DATA_seq: 42001
2026-03-27 13:54:44:590	EVENT:NEW_ACK        	base:42001   	next:42101   	cwnd:1804  	ssthresh:1100  	state:CongAvoid   	info:AckNum: 42001
2026-03-27 13:54:44:590	EVENT:WINDOW_SLIDE   	base:42101   	next:42101   	cwnd:1809  	ssthresh:1100  	state:CongAvoid   	info:Base: 42001 -> 42101
2026-03-27 13:54:44:601	EVENT:SEND           	base:42101   	next:42201   	cwnd:1809  	ssthresh:1100  	state:CongAvoid   	info:DATA_seq: 42101
2026-03-27 13:54:44:602	EVENT:NEW_ACK        	base:42101   	next:42201   	cwnd:1809  	ssthresh:1100  	state:CongAvoid   	info:AckNum: 42101
2026-03-27 13:54:44:602	EVENT:WINDOW_SLIDE   	base:42201   	next:42201   	cwnd:1814  	ssthresh:1100  	state:CongAvoid   	info:Base: 42101 -> 42201
2026-03-27 13:54:44:612	EVENT:SEND           	base:42201   	next:42301   	cwnd:1814  	ssthresh:1100  	state:CongAvoid   	info:DATA_seq: 42201
2026-03-27 13:54:44:613	EVENT:NEW_ACK        	base:42201   	next:42301   	cwnd:1814  	ssthresh:1100  	state:CongAvoid   	info:AckNum: 42201
2026-03-27 13:54:44:613	EVENT:WINDOW_SLIDE   	base:42301   	next:42301   	cwnd:1819  	ssthresh:1100  	state:CongAvoid   	info:Base: 42201 -> 42301
2026-03-27 13:54:44:625	EVENT:SEND           	base:42301   	next:42401   	cwnd:1819  	ssthresh:1100  	state:CongAvoid   	info:DATA_seq: 42301
2026-03-27 13:54:44:626	EVENT:NEW_ACK        	base:42301   	next:42401   	cwnd:1819  	ssthresh:1100  	state:CongAvoid   	info:AckNum: 42301
2026-03-27 13:54:44:626	EVENT:WINDOW_SLIDE   	base:42401   	next:42401   	cwnd:1824  	ssthresh:1100  	state:CongAvoid   	info:Base: 42301 -> 42401
2026-03-27 13:54:44:638	EVENT:SEND           	base:42401   	next:42501   	cwnd:1824  	ssthresh:1100  	state:CongAvoid   	info:DATA_seq: 42401
2026-03-27 13:54:44:639	EVENT:NEW_ACK        	base:42401   	next:42501   	cwnd:1824  	ssthresh:1100  	state:CongAvoid   	info:AckNum: 42401
2026-03-27 13:54:44:639	EVENT:WINDOW_SLIDE   	base:42501   	next:42501   	cwnd:1829  	ssthresh:1100  	state:CongAvoid   	info:Base: 42401 -> 42501
2026-03-27 13:54:44:651	EVENT:SEND           	base:42501   	next:42601   	cwnd:1829  	ssthresh:1100  	state:CongAvoid   	info:DATA_seq: 42501
2026-03-27 13:54:44:652	EVENT:NEW_ACK        	base:42501   	next:42601   	cwnd:1829  	ssthresh:1100  	state:CongAvoid   	info:AckNum: 42501
2026-03-27 13:54:44:652	EVENT:WINDOW_SLIDE   	base:42601   	next:42601   	cwnd:1834  	ssthresh:1100  	state:CongAvoid   	info:Base: 42501 -> 42601
2026-03-27 13:54:44:662	EVENT:SEND           	base:42601   	next:42701   	cwnd:1834  	ssthresh:1100  	state:CongAvoid   	info:DATA_seq: 42601
2026-03-27 13:54:44:663	EVENT:NEW_ACK        	base:42601   	next:42701   	cwnd:1834  	ssthresh:1100  	state:CongAvoid   	info:AckNum: 42601
2026-03-27 13:54:44:663	EVENT:WINDOW_SLIDE   	base:42701   	next:42701   	cwnd:1839  	ssthresh:1100  	state:CongAvoid   	info:Base: 42601 -> 42701
2026-03-27 13:54:44:675	EVENT:SEND           	base:42701   	next:42801   	cwnd:1839  	ssthresh:1100  	state:CongAvoid   	info:DATA_seq: 42701
2026-03-27 13:54:44:676	EVENT:NEW_ACK        	base:42701   	next:42801   	cwnd:1839  	ssthresh:1100  	state:CongAvoid   	info:AckNum: 42701
2026-03-27 13:54:44:676	EVENT:WINDOW_SLIDE   	base:42801   	next:42801   	cwnd:1844  	ssthresh:1100  	state:CongAvoid   	info:Base: 42701 -> 42801
2026-03-27 13:54:44:688	EVENT:SEND           	base:42801   	next:42901   	cwnd:1844  	ssthresh:1100  	state:CongAvoid   	info:DATA_seq: 42801
2026-03-27 13:54:44:689	EVENT:NEW_ACK        	base:42801   	next:42901   	cwnd:1844  	ssthresh:1100  	state:CongAvoid   	info:AckNum: 42801
2026-03-27 13:54:44:689	EVENT:WINDOW_SLIDE   	base:42901   	next:42901   	cwnd:1849  	ssthresh:1100  	state:CongAvoid   	info:Base: 42801 -> 42901
2026-03-27 13:54:44:701	EVENT:SEND           	base:42901   	next:43001   	cwnd:1849  	ssthresh:1100  	state:CongAvoid   	info:DATA_seq: 42901
2026-03-27 13:54:44:702	EVENT:NEW_ACK        	base:42901   	next:43001   	cwnd:1849  	ssthresh:1100  	state:CongAvoid   	info:AckNum: 42901
2026-03-27 13:54:44:702	EVENT:WINDOW_SLIDE   	base:43001   	next:43001   	cwnd:1854  	ssthresh:1100  	state:CongAvoid   	info:Base: 42901 -> 43001
2026-03-27 13:54:44:714	EVENT:SEND           	base:43001   	next:43101   	cwnd:1854  	ssthresh:1100  	state:CongAvoid   	info:DATA_seq: 43001
2026-03-27 13:54:44:714	EVENT:NEW_ACK        	base:43001   	next:43101   	cwnd:1854  	ssthresh:1100  	state:CongAvoid   	info:AckNum: 43001
2026-03-27 13:54:44:715	EVENT:WINDOW_SLIDE   	base:43101   	next:43101   	cwnd:1859  	ssthresh:1100  	state:CongAvoid   	info:Base: 43001 -> 43101
2026-03-27 13:54:44:727	EVENT:SEND           	base:43101   	next:43201   	cwnd:1859  	ssthresh:1100  	state:CongAvoid   	info:DATA_seq: 43101
2026-03-27 13:54:44:728	EVENT:NEW_ACK        	base:43101   	next:43201   	cwnd:1859  	ssthresh:1100  	state:CongAvoid   	info:AckNum: 43101
2026-03-27 13:54:44:728	EVENT:WINDOW_SLIDE   	base:43201   	next:43201   	cwnd:1864  	ssthresh:1100  	state:CongAvoid   	info:Base: 43101 -> 43201
2026-03-27 13:54:44:740	EVENT:SEND           	base:43201   	next:43301   	cwnd:1864  	ssthresh:1100  	state:CongAvoid   	info:DATA_seq: 43201
2026-03-27 13:54:44:740	EVENT:NEW_ACK        	base:43201   	next:43301   	cwnd:1864  	ssthresh:1100  	state:CongAvoid   	info:AckNum: 43201
2026-03-27 13:54:44:740	EVENT:WINDOW_SLIDE   	base:43301   	next:43301   	cwnd:1869  	ssthresh:1100  	state:CongAvoid   	info:Base: 43201 -> 43301
2026-03-27 13:54:44:753	EVENT:SEND           	base:43301   	next:43401   	cwnd:1869  	ssthresh:1100  	state:CongAvoid   	info:DATA_seq: 43301
2026-03-27 13:54:44:753	EVENT:NEW_ACK        	base:43301   	next:43401   	cwnd:1869  	ssthresh:1100  	state:CongAvoid   	info:AckNum: 43301
2026-03-27 13:54:44:753	EVENT:WINDOW_SLIDE   	base:43401   	next:43401   	cwnd:1874  	ssthresh:1100  	state:CongAvoid   	info:Base: 43301 -> 43401
2026-03-27 13:54:44:766	EVENT:SEND           	base:43401   	next:43501   	cwnd:1874  	ssthresh:1100  	state:CongAvoid   	info:DATA_seq: 43401
2026-03-27 13:54:44:766	EVENT:NEW_ACK        	base:43401   	next:43501   	cwnd:1874  	ssthresh:1100  	state:CongAvoid   	info:AckNum: 43401
2026-03-27 13:54:44:766	EVENT:WINDOW_SLIDE   	base:43501   	next:43501   	cwnd:1879  	ssthresh:1100  	state:CongAvoid   	info:Base: 43401 -> 43501
2026-03-27 13:54:44:779	EVENT:SEND           	base:43501   	next:43601   	cwnd:1879  	ssthresh:1100  	state:CongAvoid   	info:DATA_seq: 43501
2026-03-27 13:54:44:779	EVENT:NEW_ACK        	base:43501   	next:43601   	cwnd:1879  	ssthresh:1100  	state:CongAvoid   	info:AckNum: 43501
2026-03-27 13:54:44:779	EVENT:WINDOW_SLIDE   	base:43601   	next:43601   	cwnd:1884  	ssthresh:1100  	state:CongAvoid   	info:Base: 43501 -> 43601
2026-03-27 13:54:44:791	EVENT:SEND           	base:43601   	next:43701   	cwnd:1884  	ssthresh:1100  	state:CongAvoid   	info:DATA_seq: 43601
2026-03-27 13:54:44:792	EVENT:NEW_ACK        	base:43601   	next:43701   	cwnd:1884  	ssthresh:1100  	state:CongAvoid   	info:AckNum: 43601
2026-03-27 13:54:44:792	EVENT:WINDOW_SLIDE   	base:43701   	next:43701   	cwnd:1889  	ssthresh:1100  	state:CongAvoid   	info:Base: 43601 -> 43701
2026-03-27 13:54:44:804	EVENT:SEND           	base:43701   	next:43801   	cwnd:1889  	ssthresh:1100  	state:CongAvoid   	info:DATA_seq: 43701
2026-03-27 13:54:44:804	EVENT:NEW_ACK        	base:43701   	next:43801   	cwnd:1889  	ssthresh:1100  	state:CongAvoid   	info:AckNum: 43701
2026-03-27 13:54:44:804	EVENT:WINDOW_SLIDE   	base:43801   	next:43801   	cwnd:1894  	ssthresh:1100  	state:CongAvoid   	info:Base: 43701 -> 43801
2026-03-27 13:54:44:815	EVENT:SEND           	base:43801   	next:43901   	cwnd:1894  	ssthresh:1100  	state:CongAvoid   	info:DATA_seq: 43801
2026-03-27 13:54:44:815	EVENT:NEW_ACK        	base:43801   	next:43901   	cwnd:1894  	ssthresh:1100  	state:CongAvoid   	info:AckNum: 43801
2026-03-27 13:54:44:815	EVENT:WINDOW_SLIDE   	base:43901   	next:43901   	cwnd:1899  	ssthresh:1100  	state:CongAvoid   	info:Base: 43801 -> 43901
2026-03-27 13:54:44:828	EVENT:SEND           	base:43901   	next:44001   	cwnd:1899  	ssthresh:1100  	state:CongAvoid   	info:DATA_seq: 43901
2026-03-27 13:54:44:829	EVENT:NEW_ACK        	base:43901   	next:44001   	cwnd:1899  	ssthresh:1100  	state:CongAvoid   	info:AckNum: 43901
2026-03-27 13:54:44:829	EVENT:WINDOW_SLIDE   	base:44001   	next:44001   	cwnd:1904  	ssthresh:1100  	state:CongAvoid   	info:Base: 43901 -> 44001
2026-03-27 13:54:44:840	EVENT:SEND           	base:44001   	next:44101   	cwnd:1904  	ssthresh:1100  	state:CongAvoid   	info:DATA_seq: 44001
2026-03-27 13:54:44:841	EVENT:NEW_ACK        	base:44001   	next:44101   	cwnd:1904  	ssthresh:1100  	state:CongAvoid   	info:AckNum: 44001
2026-03-27 13:54:44:841	EVENT:WINDOW_SLIDE   	base:44101   	next:44101   	cwnd:1909  	ssthresh:1100  	state:CongAvoid   	info:Base: 44001 -> 44101
2026-03-27 13:54:44:853	EVENT:SEND           	base:44101   	next:44201   	cwnd:1909  	ssthresh:1100  	state:CongAvoid   	info:DATA_seq: 44101
2026-03-27 13:54:44:854	EVENT:NEW_ACK        	base:44101   	next:44201   	cwnd:1909  	ssthresh:1100  	state:CongAvoid   	info:AckNum: 44101
2026-03-27 13:54:44:854	EVENT:WINDOW_SLIDE   	base:44201   	next:44201   	cwnd:1914  	ssthresh:1100  	state:CongAvoid   	info:Base: 44101 -> 44201
2026-03-27 13:54:44:866	EVENT:SEND           	base:44201   	next:44301   	cwnd:1914  	ssthresh:1100  	state:CongAvoid   	info:DATA_seq: 44201
2026-03-27 13:54:44:866	EVENT:NEW_ACK        	base:44201   	next:44301   	cwnd:1914  	ssthresh:1100  	state:CongAvoid   	info:AckNum: 44201
2026-03-27 13:54:44:866	EVENT:WINDOW_SLIDE   	base:44301   	next:44301   	cwnd:1919  	ssthresh:1100  	state:CongAvoid   	info:Base: 44201 -> 44301
2026-03-27 13:54:44:879	EVENT:SEND           	base:44301   	next:44401   	cwnd:1919  	ssthresh:1100  	state:CongAvoid   	info:DATA_seq: 44301
2026-03-27 13:54:44:879	EVENT:NEW_ACK        	base:44301   	next:44401   	cwnd:1919  	ssthresh:1100  	state:CongAvoid   	info:AckNum: 44301
2026-03-27 13:54:44:879	EVENT:WINDOW_SLIDE   	base:44401   	next:44401   	cwnd:1924  	ssthresh:1100  	state:CongAvoid   	info:Base: 44301 -> 44401
2026-03-27 13:54:44:892	EVENT:SEND           	base:44401   	next:44501   	cwnd:1924  	ssthresh:1100  	state:CongAvoid   	info:DATA_seq: 44401
2026-03-27 13:54:44:892	EVENT:NEW_ACK        	base:44401   	next:44501   	cwnd:1924  	ssthresh:1100  	state:CongAvoid   	info:AckNum: 44401
2026-03-27 13:54:44:892	EVENT:WINDOW_SLIDE   	base:44501   	next:44501   	cwnd:1929  	ssthresh:1100  	state:CongAvoid   	info:Base: 44401 -> 44501
2026-03-27 13:54:44:904	EVENT:SEND           	base:44501   	next:44601   	cwnd:1929  	ssthresh:1100  	state:CongAvoid   	info:DATA_seq: 44501
2026-03-27 13:54:44:905	EVENT:NEW_ACK        	base:44501   	next:44601   	cwnd:1929  	ssthresh:1100  	state:CongAvoid   	info:AckNum: 44501
2026-03-27 13:54:44:905	EVENT:WINDOW_SLIDE   	base:44601   	next:44601   	cwnd:1934  	ssthresh:1100  	state:CongAvoid   	info:Base: 44501 -> 44601
2026-03-27 13:54:44:917	EVENT:SEND           	base:44601   	next:44701   	cwnd:1934  	ssthresh:1100  	state:CongAvoid   	info:DATA_seq: 44601
2026-03-27 13:54:44:918	EVENT:NEW_ACK        	base:44601   	next:44701   	cwnd:1934  	ssthresh:1100  	state:CongAvoid   	info:AckNum: 44601
2026-03-27 13:54:44:918	EVENT:WINDOW_SLIDE   	base:44701   	next:44701   	cwnd:1939  	ssthresh:1100  	state:CongAvoid   	info:Base: 44601 -> 44701
2026-03-27 13:54:44:928	EVENT:SEND           	base:44701   	next:44801   	cwnd:1939  	ssthresh:1100  	state:CongAvoid   	info:DATA_seq: 44701
2026-03-27 13:54:44:939	EVENT:SEND           	base:44701   	next:44901   	cwnd:1939  	ssthresh:1100  	state:CongAvoid   	info:DATA_seq: 44801
2026-03-27 13:54:44:940	EVENT:NEW_ACK        	base:44701   	next:44901   	cwnd:1939  	ssthresh:1100  	state:CongAvoid   	info:AckNum: 44801
2026-03-27 13:54:44:940	EVENT:WINDOW_SLIDE   	base:44901   	next:44901   	cwnd:1944  	ssthresh:1100  	state:CongAvoid   	info:Base: 44701 -> 44901
2026-03-27 13:54:44:952	EVENT:SEND           	base:44901   	next:45001   	cwnd:1944  	ssthresh:1100  	state:CongAvoid   	info:DATA_seq: 44901
2026-03-27 13:54:44:953	EVENT:NEW_ACK        	base:44901   	next:45001   	cwnd:1944  	ssthresh:1100  	state:CongAvoid   	info:AckNum: 44901
2026-03-27 13:54:44:953	EVENT:WINDOW_SLIDE   	base:45001   	next:45001   	cwnd:1949  	ssthresh:1100  	state:CongAvoid   	info:Base: 44901 -> 45001
2026-03-27 13:54:44:963	EVENT:SEND           	base:45001   	next:45101   	cwnd:1949  	ssthresh:1100  	state:CongAvoid   	info:DATA_seq: 45001
2026-03-27 13:54:44:964	EVENT:NEW_ACK        	base:45001   	next:45101   	cwnd:1949  	ssthresh:1100  	state:CongAvoid   	info:AckNum: 45001
2026-03-27 13:54:44:964	EVENT:WINDOW_SLIDE   	base:45101   	next:45101   	cwnd:1954  	ssthresh:1100  	state:CongAvoid   	info:Base: 45001 -> 45101
2026-03-27 13:54:44:976	EVENT:SEND           	base:45101   	next:45201   	cwnd:1954  	ssthresh:1100  	state:CongAvoid   	info:DATA_seq: 45101
2026-03-27 13:54:44:977	EVENT:NEW_ACK        	base:45101   	next:45201   	cwnd:1954  	ssthresh:1100  	state:CongAvoid   	info:AckNum: 45101
2026-03-27 13:54:44:977	EVENT:WINDOW_SLIDE   	base:45201   	next:45201   	cwnd:1959  	ssthresh:1100  	state:CongAvoid   	info:Base: 45101 -> 45201
2026-03-27 13:54:44:988	EVENT:SEND           	base:45201   	next:45301   	cwnd:1959  	ssthresh:1100  	state:CongAvoid   	info:DATA_seq: 45201
2026-03-27 13:54:44:989	EVENT:NEW_ACK        	base:45201   	next:45301   	cwnd:1959  	ssthresh:1100  	state:CongAvoid   	info:AckNum: 45201
2026-03-27 13:54:44:989	EVENT:WINDOW_SLIDE   	base:45301   	next:45301   	cwnd:1964  	ssthresh:1100  	state:CongAvoid   	info:Base: 45201 -> 45301
2026-03-27 13:54:45:000	EVENT:SEND           	base:45301   	next:45401   	cwnd:1964  	ssthresh:1100  	state:CongAvoid   	info:DATA_seq: 45301
2026-03-27 13:54:45:001	EVENT:NEW_ACK        	base:45301   	next:45401   	cwnd:1964  	ssthresh:1100  	state:CongAvoid   	info:AckNum: 45301
2026-03-27 13:54:45:001	EVENT:WINDOW_SLIDE   	base:45401   	next:45401   	cwnd:1969  	ssthresh:1100  	state:CongAvoid   	info:Base: 45301 -> 45401
2026-03-27 13:54:45:012	EVENT:SEND           	base:45401   	next:45501   	cwnd:1969  	ssthresh:1100  	state:CongAvoid   	info:DATA_seq: 45401
2026-03-27 13:54:45:013	EVENT:NEW_ACK        	base:45401   	next:45501   	cwnd:1969  	ssthresh:1100  	state:CongAvoid   	info:AckNum: 45401
2026-03-27 13:54:45:013	EVENT:WINDOW_SLIDE   	base:45501   	next:45501   	cwnd:1974  	ssthresh:1100  	state:CongAvoid   	info:Base: 45401 -> 45501
2026-03-27 13:54:45:025	EVENT:SEND           	base:45501   	next:45601   	cwnd:1974  	ssthresh:1100  	state:CongAvoid   	info:DATA_seq: 45501
2026-03-27 13:54:45:026	EVENT:NEW_ACK        	base:45501   	next:45601   	cwnd:1974  	ssthresh:1100  	state:CongAvoid   	info:AckNum: 45501
2026-03-27 13:54:45:026	EVENT:WINDOW_SLIDE   	base:45601   	next:45601   	cwnd:1979  	ssthresh:1100  	state:CongAvoid   	info:Base: 45501 -> 45601
2026-03-27 13:54:45:038	EVENT:SEND           	base:45601   	next:45701   	cwnd:1979  	ssthresh:1100  	state:CongAvoid   	info:DATA_seq: 45601
2026-03-27 13:54:45:039	EVENT:NEW_ACK        	base:45601   	next:45701   	cwnd:1979  	ssthresh:1100  	state:CongAvoid   	info:AckNum: 45601
2026-03-27 13:54:45:039	EVENT:WINDOW_SLIDE   	base:45701   	next:45701   	cwnd:1984  	ssthresh:1100  	state:CongAvoid   	info:Base: 45601 -> 45701
2026-03-27 13:54:45:049	EVENT:SEND           	base:45701   	next:45801   	cwnd:1984  	ssthresh:1100  	state:CongAvoid   	info:DATA_seq: 45701
2026-03-27 13:54:45:049	EVENT:NEW_ACK        	base:45701   	next:45801   	cwnd:1984  	ssthresh:1100  	state:CongAvoid   	info:AckNum: 45701
2026-03-27 13:54:45:050	EVENT:WINDOW_SLIDE   	base:45801   	next:45801   	cwnd:1989  	ssthresh:1100  	state:CongAvoid   	info:Base: 45701 -> 45801
2026-03-27 13:54:45:061	EVENT:SEND           	base:45801   	next:45901   	cwnd:1989  	ssthresh:1100  	state:CongAvoid   	info:DATA_seq: 45801
2026-03-27 13:54:45:062	EVENT:NEW_ACK        	base:45801   	next:45901   	cwnd:1989  	ssthresh:1100  	state:CongAvoid   	info:AckNum: 45801
2026-03-27 13:54:45:062	EVENT:WINDOW_SLIDE   	base:45901   	next:45901   	cwnd:1994  	ssthresh:1100  	state:CongAvoid   	info:Base: 45801 -> 45901
2026-03-27 13:54:45:074	EVENT:SEND           	base:45901   	next:46001   	cwnd:1994  	ssthresh:1100  	state:CongAvoid   	info:DATA_seq: 45901
2026-03-27 13:54:45:075	EVENT:NEW_ACK        	base:45901   	next:46001   	cwnd:1994  	ssthresh:1100  	state:CongAvoid   	info:AckNum: 45901
2026-03-27 13:54:45:075	EVENT:WINDOW_SLIDE   	base:46001   	next:46001   	cwnd:1999  	ssthresh:1100  	state:CongAvoid   	info:Base: 45901 -> 46001
2026-03-27 13:54:45:087	EVENT:SEND           	base:46001   	next:46101   	cwnd:1999  	ssthresh:1100  	state:CongAvoid   	info:DATA_seq: 46001
2026-03-27 13:54:45:088	EVENT:NEW_ACK        	base:46001   	next:46101   	cwnd:1999  	ssthresh:1100  	state:CongAvoid   	info:AckNum: 46001
2026-03-27 13:54:45:088	EVENT:WINDOW_SLIDE   	base:46101   	next:46101   	cwnd:2004  	ssthresh:1100  	state:CongAvoid   	info:Base: 46001 -> 46101
2026-03-27 13:54:45:100	EVENT:SEND           	base:46101   	next:46201   	cwnd:2004  	ssthresh:1100  	state:CongAvoid   	info:DATA_seq: 46101
2026-03-27 13:54:45:101	EVENT:NEW_ACK        	base:46101   	next:46201   	cwnd:2004  	ssthresh:1100  	state:CongAvoid   	info:AckNum: 46101
2026-03-27 13:54:45:101	EVENT:WINDOW_SLIDE   	base:46201   	next:46201   	cwnd:2008  	ssthresh:1100  	state:CongAvoid   	info:Base: 46101 -> 46201
2026-03-27 13:54:45:113	EVENT:SEND           	base:46201   	next:46301   	cwnd:2008  	ssthresh:1100  	state:CongAvoid   	info:DATA_seq: 46201
2026-03-27 13:54:45:114	EVENT:NEW_ACK        	base:46201   	next:46301   	cwnd:2008  	ssthresh:1100  	state:CongAvoid   	info:AckNum: 46201
2026-03-27 13:54:45:114	EVENT:WINDOW_SLIDE   	base:46301   	next:46301   	cwnd:2012  	ssthresh:1100  	state:CongAvoid   	info:Base: 46201 -> 46301
2026-03-27 13:54:45:126	EVENT:SEND           	base:46301   	next:46401   	cwnd:2012  	ssthresh:1100  	state:CongAvoid   	info:DATA_seq: 46301
2026-03-27 13:54:45:127	EVENT:NEW_ACK        	base:46301   	next:46401   	cwnd:2012  	ssthresh:1100  	state:CongAvoid   	info:AckNum: 46301
2026-03-27 13:54:45:127	EVENT:WINDOW_SLIDE   	base:46401   	next:46401   	cwnd:2016  	ssthresh:1100  	state:CongAvoid   	info:Base: 46301 -> 46401
2026-03-27 13:54:45:136	EVENT:SEND           	base:46401   	next:46501   	cwnd:2016  	ssthresh:1100  	state:CongAvoid   	info:DATA_seq: 46401
2026-03-27 13:54:45:137	EVENT:NEW_ACK        	base:46401   	next:46501   	cwnd:2016  	ssthresh:1100  	state:CongAvoid   	info:AckNum: 46401
2026-03-27 13:54:45:137	EVENT:WINDOW_SLIDE   	base:46501   	next:46501   	cwnd:2020  	ssthresh:1100  	state:CongAvoid   	info:Base: 46401 -> 46501
2026-03-27 13:54:45:149	EVENT:SEND           	base:46501   	next:46601   	cwnd:2020  	ssthresh:1100  	state:CongAvoid   	info:DATA_seq: 46501
2026-03-27 13:54:45:150	EVENT:NEW_ACK        	base:46501   	next:46601   	cwnd:2020  	ssthresh:1100  	state:CongAvoid   	info:AckNum: 46501
2026-03-27 13:54:45:150	EVENT:WINDOW_SLIDE   	base:46601   	next:46601   	cwnd:2024  	ssthresh:1100  	state:CongAvoid   	info:Base: 46501 -> 46601
2026-03-27 13:54:45:162	EVENT:SEND           	base:46601   	next:46701   	cwnd:2024  	ssthresh:1100  	state:CongAvoid   	info:DATA_seq: 46601
2026-03-27 13:54:45:163	EVENT:NEW_ACK        	base:46601   	next:46701   	cwnd:2024  	ssthresh:1100  	state:CongAvoid   	info:AckNum: 46601
2026-03-27 13:54:45:163	EVENT:WINDOW_SLIDE   	base:46701   	next:46701   	cwnd:2028  	ssthresh:1100  	state:CongAvoid   	info:Base: 46601 -> 46701
2026-03-27 13:54:45:175	EVENT:SEND           	base:46701   	next:46801   	cwnd:2028  	ssthresh:1100  	state:CongAvoid   	info:DATA_seq: 46701
2026-03-27 13:54:45:176	EVENT:NEW_ACK        	base:46701   	next:46801   	cwnd:2028  	ssthresh:1100  	state:CongAvoid   	info:AckNum: 46701
2026-03-27 13:54:45:176	EVENT:WINDOW_SLIDE   	base:46801   	next:46801   	cwnd:2032  	ssthresh:1100  	state:CongAvoid   	info:Base: 46701 -> 46801
2026-03-27 13:54:45:188	EVENT:SEND           	base:46801   	next:46901   	cwnd:2032  	ssthresh:1100  	state:CongAvoid   	info:DATA_seq: 46801
2026-03-27 13:54:45:189	EVENT:NEW_ACK        	base:46801   	next:46901   	cwnd:2032  	ssthresh:1100  	state:CongAvoid   	info:AckNum: 46801
2026-03-27 13:54:45:189	EVENT:WINDOW_SLIDE   	base:46901   	next:46901   	cwnd:2036  	ssthresh:1100  	state:CongAvoid   	info:Base: 46801 -> 46901
2026-03-27 13:54:45:201	EVENT:SEND           	base:46901   	next:47001   	cwnd:2036  	ssthresh:1100  	state:CongAvoid   	info:DATA_seq: 46901
2026-03-27 13:54:45:201	EVENT:NEW_ACK        	base:46901   	next:47001   	cwnd:2036  	ssthresh:1100  	state:CongAvoid   	info:AckNum: 46901
2026-03-27 13:54:45:201	EVENT:WINDOW_SLIDE   	base:47001   	next:47001   	cwnd:2040  	ssthresh:1100  	state:CongAvoid   	info:Base: 46901 -> 47001
2026-03-27 13:54:45:212	EVENT:SEND           	base:47001   	next:47101   	cwnd:2040  	ssthresh:1100  	state:CongAvoid   	info:DATA_seq: 47001
2026-03-27 13:54:45:213	EVENT:NEW_ACK        	base:47001   	next:47101   	cwnd:2040  	ssthresh:1100  	state:CongAvoid   	info:AckNum: 47001
2026-03-27 13:54:45:213	EVENT:WINDOW_SLIDE   	base:47101   	next:47101   	cwnd:2044  	ssthresh:1100  	state:CongAvoid   	info:Base: 47001 -> 47101
2026-03-27 13:54:45:225	EVENT:SEND           	base:47101   	next:47201   	cwnd:2044  	ssthresh:1100  	state:CongAvoid   	info:DATA_seq: 47101
2026-03-27 13:54:45:225	EVENT:NEW_ACK        	base:47101   	next:47201   	cwnd:2044  	ssthresh:1100  	state:CongAvoid   	info:AckNum: 47101
2026-03-27 13:54:45:225	EVENT:WINDOW_SLIDE   	base:47201   	next:47201   	cwnd:2048  	ssthresh:1100  	state:CongAvoid   	info:Base: 47101 -> 47201
2026-03-27 13:54:45:238	EVENT:SEND           	base:47201   	next:47301   	cwnd:2048  	ssthresh:1100  	state:CongAvoid   	info:DATA_seq: 47201
2026-03-27 13:54:45:238	EVENT:NEW_ACK        	base:47201   	next:47301   	cwnd:2048  	ssthresh:1100  	state:CongAvoid   	info:AckNum: 47201
2026-03-27 13:54:45:238	EVENT:WINDOW_SLIDE   	base:47301   	next:47301   	cwnd:2052  	ssthresh:1100  	state:CongAvoid   	info:Base: 47201 -> 47301
2026-03-27 13:54:45:250	EVENT:SEND           	base:47301   	next:47401   	cwnd:2052  	ssthresh:1100  	state:CongAvoid   	info:DATA_seq: 47301
2026-03-27 13:54:45:251	EVENT:NEW_ACK        	base:47301   	next:47401   	cwnd:2052  	ssthresh:1100  	state:CongAvoid   	info:AckNum: 47301
2026-03-27 13:54:45:251	EVENT:WINDOW_SLIDE   	base:47401   	next:47401   	cwnd:2056  	ssthresh:1100  	state:CongAvoid   	info:Base: 47301 -> 47401
2026-03-27 13:54:45:263	EVENT:SEND           	base:47401   	next:47501   	cwnd:2056  	ssthresh:1100  	state:CongAvoid   	info:DATA_seq: 47401
2026-03-27 13:54:45:264	EVENT:NEW_ACK        	base:47401   	next:47501   	cwnd:2056  	ssthresh:1100  	state:CongAvoid   	info:AckNum: 47401
2026-03-27 13:54:45:264	EVENT:WINDOW_SLIDE   	base:47501   	next:47501   	cwnd:2060  	ssthresh:1100  	state:CongAvoid   	info:Base: 47401 -> 47501
2026-03-27 13:54:45:276	EVENT:SEND           	base:47501   	next:47601   	cwnd:2060  	ssthresh:1100  	state:CongAvoid   	info:DATA_seq: 47501
2026-03-27 13:54:45:277	EVENT:NEW_ACK        	base:47501   	next:47601   	cwnd:2060  	ssthresh:1100  	state:CongAvoid   	info:AckNum: 47501
2026-03-27 13:54:45:277	EVENT:WINDOW_SLIDE   	base:47601   	next:47601   	cwnd:2064  	ssthresh:1100  	state:CongAvoid   	info:Base: 47501 -> 47601
2026-03-27 13:54:45:288	EVENT:SEND           	base:47601   	next:47701   	cwnd:2064  	ssthresh:1100  	state:CongAvoid   	info:DATA_seq: 47601
2026-03-27 13:54:45:289	EVENT:NEW_ACK        	base:47601   	next:47701   	cwnd:2064  	ssthresh:1100  	state:CongAvoid   	info:AckNum: 47601
2026-03-27 13:54:45:289	EVENT:WINDOW_SLIDE   	base:47701   	next:47701   	cwnd:2068  	ssthresh:1100  	state:CongAvoid   	info:Base: 47601 -> 47701
2026-03-27 13:54:45:302	EVENT:SEND           	base:47701   	next:47801   	cwnd:2068  	ssthresh:1100  	state:CongAvoid   	info:DATA_seq: 47701
2026-03-27 13:54:45:312	EVENT:SEND           	base:47701   	next:47901   	cwnd:2068  	ssthresh:1100  	state:CongAvoid   	info:DATA_seq: 47801
2026-03-27 13:54:45:313	EVENT:NEW_ACK        	base:47701   	next:47901   	cwnd:2068  	ssthresh:1100  	state:CongAvoid   	info:AckNum: 47801
2026-03-27 13:54:45:313	EVENT:WINDOW_SLIDE   	base:47901   	next:47901   	cwnd:2072  	ssthresh:1100  	state:CongAvoid   	info:Base: 47701 -> 47901
2026-03-27 13:54:45:324	EVENT:SEND           	base:47901   	next:48001   	cwnd:2072  	ssthresh:1100  	state:CongAvoid   	info:DATA_seq: 47901
2026-03-27 13:54:45:326	EVENT:NEW_ACK        	base:47901   	next:48001   	cwnd:2072  	ssthresh:1100  	state:CongAvoid   	info:AckNum: 47901
2026-03-27 13:54:45:326	EVENT:WINDOW_SLIDE   	base:48001   	next:48001   	cwnd:2076  	ssthresh:1100  	state:CongAvoid   	info:Base: 47901 -> 48001
2026-03-27 13:54:45:337	EVENT:SEND           	base:48001   	next:48101   	cwnd:2076  	ssthresh:1100  	state:CongAvoid   	info:DATA_seq: 48001
2026-03-27 13:54:45:337	EVENT:NEW_ACK        	base:48001   	next:48101   	cwnd:2076  	ssthresh:1100  	state:CongAvoid   	info:AckNum: 48001
2026-03-27 13:54:45:337	EVENT:WINDOW_SLIDE   	base:48101   	next:48101   	cwnd:2080  	ssthresh:1100  	state:CongAvoid   	info:Base: 48001 -> 48101
2026-03-27 13:54:45:348	EVENT:SEND           	base:48101   	next:48201   	cwnd:2080  	ssthresh:1100  	state:CongAvoid   	info:DATA_seq: 48101
2026-03-27 13:54:45:349	EVENT:NEW_ACK        	base:48101   	next:48201   	cwnd:2080  	ssthresh:1100  	state:CongAvoid   	info:AckNum: 48101
2026-03-27 13:54:45:349	EVENT:WINDOW_SLIDE   	base:48201   	next:48201   	cwnd:2084  	ssthresh:1100  	state:CongAvoid   	info:Base: 48101 -> 48201
2026-03-27 13:54:45:361	EVENT:SEND           	base:48201   	next:48301   	cwnd:2084  	ssthresh:1100  	state:CongAvoid   	info:DATA_seq: 48201
2026-03-27 13:54:45:362	EVENT:NEW_ACK        	base:48201   	next:48301   	cwnd:2084  	ssthresh:1100  	state:CongAvoid   	info:AckNum: 48201
2026-03-27 13:54:45:362	EVENT:WINDOW_SLIDE   	base:48301   	next:48301   	cwnd:2088  	ssthresh:1100  	state:CongAvoid   	info:Base: 48201 -> 48301
2026-03-27 13:54:45:373	EVENT:SEND           	base:48301   	next:48401   	cwnd:2088  	ssthresh:1100  	state:CongAvoid   	info:DATA_seq: 48301
2026-03-27 13:54:45:374	EVENT:NEW_ACK        	base:48301   	next:48401   	cwnd:2088  	ssthresh:1100  	state:CongAvoid   	info:AckNum: 48301
2026-03-27 13:54:45:374	EVENT:WINDOW_SLIDE   	base:48401   	next:48401   	cwnd:2092  	ssthresh:1100  	state:CongAvoid   	info:Base: 48301 -> 48401
2026-03-27 13:54:45:384	EVENT:SEND           	base:48401   	next:48501   	cwnd:2092  	ssthresh:1100  	state:CongAvoid   	info:DATA_seq: 48401
2026-03-27 13:54:45:385	EVENT:NEW_ACK        	base:48401   	next:48501   	cwnd:2092  	ssthresh:1100  	state:CongAvoid   	info:AckNum: 48401
2026-03-27 13:54:45:385	EVENT:WINDOW_SLIDE   	base:48501   	next:48501   	cwnd:2096  	ssthresh:1100  	state:CongAvoid   	info:Base: 48401 -> 48501
2026-03-27 13:54:45:397	EVENT:SEND           	base:48501   	next:48601   	cwnd:2096  	ssthresh:1100  	state:CongAvoid   	info:DATA_seq: 48501
2026-03-27 13:54:45:398	EVENT:NEW_ACK        	base:48501   	next:48601   	cwnd:2096  	ssthresh:1100  	state:CongAvoid   	info:AckNum: 48501
2026-03-27 13:54:45:398	EVENT:WINDOW_SLIDE   	base:48601   	next:48601   	cwnd:2100  	ssthresh:1100  	state:CongAvoid   	info:Base: 48501 -> 48601
2026-03-27 13:54:45:410	EVENT:SEND           	base:48601   	next:48701   	cwnd:2100  	ssthresh:1100  	state:CongAvoid   	info:DATA_seq: 48601
2026-03-27 13:54:45:411	EVENT:NEW_ACK        	base:48601   	next:48701   	cwnd:2100  	ssthresh:1100  	state:CongAvoid   	info:AckNum: 48601
2026-03-27 13:54:45:411	EVENT:WINDOW_SLIDE   	base:48701   	next:48701   	cwnd:2104  	ssthresh:1100  	state:CongAvoid   	info:Base: 48601 -> 48701
2026-03-27 13:54:45:423	EVENT:SEND           	base:48701   	next:48801   	cwnd:2104  	ssthresh:1100  	state:CongAvoid   	info:DATA_seq: 48701
2026-03-27 13:54:45:423	EVENT:NEW_ACK        	base:48701   	next:48801   	cwnd:2104  	ssthresh:1100  	state:CongAvoid   	info:AckNum: 48701
2026-03-27 13:54:45:423	EVENT:WINDOW_SLIDE   	base:48801   	next:48801   	cwnd:2108  	ssthresh:1100  	state:CongAvoid   	info:Base: 48701 -> 48801
2026-03-27 13:54:45:433	EVENT:SEND           	base:48801   	next:48901   	cwnd:2108  	ssthresh:1100  	state:CongAvoid   	info:DATA_seq: 48801
2026-03-27 13:54:45:434	EVENT:NEW_ACK        	base:48801   	next:48901   	cwnd:2108  	ssthresh:1100  	state:CongAvoid   	info:AckNum: 48801
2026-03-27 13:54:45:434	EVENT:WINDOW_SLIDE   	base:48901   	next:48901   	cwnd:2112  	ssthresh:1100  	state:CongAvoid   	info:Base: 48801 -> 48901
2026-03-27 13:54:45:446	EVENT:SEND           	base:48901   	next:49001   	cwnd:2112  	ssthresh:1100  	state:CongAvoid   	info:DATA_seq: 48901
2026-03-27 13:54:45:447	EVENT:NEW_ACK        	base:48901   	next:49001   	cwnd:2112  	ssthresh:1100  	state:CongAvoid   	info:AckNum: 48901
2026-03-27 13:54:45:447	EVENT:WINDOW_SLIDE   	base:49001   	next:49001   	cwnd:2116  	ssthresh:1100  	state:CongAvoid   	info:Base: 48901 -> 49001
2026-03-27 13:54:45:459	EVENT:SEND           	base:49001   	next:49101   	cwnd:2116  	ssthresh:1100  	state:CongAvoid   	info:DATA_seq: 49001
2026-03-27 13:54:45:460	EVENT:NEW_ACK        	base:49001   	next:49101   	cwnd:2116  	ssthresh:1100  	state:CongAvoid   	info:AckNum: 49001
2026-03-27 13:54:45:460	EVENT:WINDOW_SLIDE   	base:49101   	next:49101   	cwnd:2120  	ssthresh:1100  	state:CongAvoid   	info:Base: 49001 -> 49101
2026-03-27 13:54:45:470	EVENT:SEND           	base:49101   	next:49201   	cwnd:2120  	ssthresh:1100  	state:CongAvoid   	info:DATA_seq: 49101
2026-03-27 13:54:45:471	EVENT:NEW_ACK        	base:49101   	next:49201   	cwnd:2120  	ssthresh:1100  	state:CongAvoid   	info:AckNum: 49101
2026-03-27 13:54:45:471	EVENT:WINDOW_SLIDE   	base:49201   	next:49201   	cwnd:2124  	ssthresh:1100  	state:CongAvoid   	info:Base: 49101 -> 49201
2026-03-27 13:54:45:483	EVENT:SEND           	base:49201   	next:49301   	cwnd:2124  	ssthresh:1100  	state:CongAvoid   	info:DATA_seq: 49201
2026-03-27 13:54:45:484	EVENT:NEW_ACK        	base:49201   	next:49301   	cwnd:2124  	ssthresh:1100  	state:CongAvoid   	info:AckNum: 49201
2026-03-27 13:54:45:484	EVENT:WINDOW_SLIDE   	base:49301   	next:49301   	cwnd:2128  	ssthresh:1100  	state:CongAvoid   	info:Base: 49201 -> 49301
2026-03-27 13:54:45:494	EVENT:SEND           	base:49301   	next:49401   	cwnd:2128  	ssthresh:1100  	state:CongAvoid   	info:DATA_seq: 49301
2026-03-27 13:54:45:494	EVENT:NEW_ACK        	base:49301   	next:49401   	cwnd:2128  	ssthresh:1100  	state:CongAvoid   	info:AckNum: 49301
2026-03-27 13:54:45:494	EVENT:WINDOW_SLIDE   	base:49401   	next:49401   	cwnd:2132  	ssthresh:1100  	state:CongAvoid   	info:Base: 49301 -> 49401
2026-03-27 13:54:45:507	EVENT:SEND           	base:49401   	next:49501   	cwnd:2132  	ssthresh:1100  	state:CongAvoid   	info:DATA_seq: 49401
2026-03-27 13:54:45:507	EVENT:NEW_ACK        	base:49401   	next:49501   	cwnd:2132  	ssthresh:1100  	state:CongAvoid   	info:AckNum: 49401
2026-03-27 13:54:45:507	EVENT:WINDOW_SLIDE   	base:49501   	next:49501   	cwnd:2136  	ssthresh:1100  	state:CongAvoid   	info:Base: 49401 -> 49501
2026-03-27 13:54:45:519	EVENT:SEND           	base:49501   	next:49601   	cwnd:2136  	ssthresh:1100  	state:CongAvoid   	info:DATA_seq: 49501
2026-03-27 13:54:45:520	EVENT:NEW_ACK        	base:49501   	next:49601   	cwnd:2136  	ssthresh:1100  	state:CongAvoid   	info:AckNum: 49501
2026-03-27 13:54:45:520	EVENT:WINDOW_SLIDE   	base:49601   	next:49601   	cwnd:2140  	ssthresh:1100  	state:CongAvoid   	info:Base: 49501 -> 49601
2026-03-27 13:54:45:532	EVENT:SEND           	base:49601   	next:49701   	cwnd:2140  	ssthresh:1100  	state:CongAvoid   	info:DATA_seq: 49601
2026-03-27 13:54:45:532	EVENT:NEW_ACK        	base:49601   	next:49701   	cwnd:2140  	ssthresh:1100  	state:CongAvoid   	info:AckNum: 49601
2026-03-27 13:54:45:532	EVENT:WINDOW_SLIDE   	base:49701   	next:49701   	cwnd:2144  	ssthresh:1100  	state:CongAvoid   	info:Base: 49601 -> 49701
2026-03-27 13:54:45:545	EVENT:SEND           	base:49701   	next:49801   	cwnd:2144  	ssthresh:1100  	state:CongAvoid   	info:DATA_seq: 49701
2026-03-27 13:54:45:545	EVENT:NEW_ACK        	base:49701   	next:49801   	cwnd:2144  	ssthresh:1100  	state:CongAvoid   	info:AckNum: 49701
2026-03-27 13:54:45:545	EVENT:WINDOW_SLIDE   	base:49801   	next:49801   	cwnd:2148  	ssthresh:1100  	state:CongAvoid   	info:Base: 49701 -> 49801
2026-03-27 13:54:45:556	EVENT:SEND           	base:49801   	next:49901   	cwnd:2148  	ssthresh:1100  	state:CongAvoid   	info:DATA_seq: 49801
2026-03-27 13:54:45:557	EVENT:NEW_ACK        	base:49801   	next:49901   	cwnd:2148  	ssthresh:1100  	state:CongAvoid   	info:AckNum: 49801
2026-03-27 13:54:45:557	EVENT:WINDOW_SLIDE   	base:49901   	next:49901   	cwnd:2152  	ssthresh:1100  	state:CongAvoid   	info:Base: 49801 -> 49901
2026-03-27 13:54:45:569	EVENT:SEND           	base:49901   	next:50001   	cwnd:2152  	ssthresh:1100  	state:CongAvoid   	info:DATA_seq: 49901
2026-03-27 13:54:45:570	EVENT:NEW_ACK        	base:49901   	next:50001   	cwnd:2152  	ssthresh:1100  	state:CongAvoid   	info:AckNum: 49901
2026-03-27 13:54:45:570	EVENT:WINDOW_SLIDE   	base:50001   	next:50001   	cwnd:2156  	ssthresh:1100  	state:CongAvoid   	info:Base: 49901 -> 50001
2026-03-27 13:54:45:580	EVENT:SEND           	base:50001   	next:50101   	cwnd:2156  	ssthresh:1100  	state:CongAvoid   	info:DATA_seq: 50001
2026-03-27 13:54:45:581	EVENT:NEW_ACK        	base:50001   	next:50101   	cwnd:2156  	ssthresh:1100  	state:CongAvoid   	info:AckNum: 50001
2026-03-27 13:54:45:581	EVENT:WINDOW_SLIDE   	base:50101   	next:50101   	cwnd:2160  	ssthresh:1100  	state:CongAvoid   	info:Base: 50001 -> 50101
2026-03-27 13:54:45:592	EVENT:SEND           	base:50101   	next:50201   	cwnd:2160  	ssthresh:1100  	state:CongAvoid   	info:DATA_seq: 50101
2026-03-27 13:54:45:593	EVENT:NEW_ACK        	base:50101   	next:50201   	cwnd:2160  	ssthresh:1100  	state:CongAvoid   	info:AckNum: 50101
2026-03-27 13:54:45:593	EVENT:WINDOW_SLIDE   	base:50201   	next:50201   	cwnd:2164  	ssthresh:1100  	state:CongAvoid   	info:Base: 50101 -> 50201
2026-03-27 13:54:45:604	EVENT:SEND           	base:50201   	next:50301   	cwnd:2164  	ssthresh:1100  	state:CongAvoid   	info:DATA_seq: 50201
2026-03-27 13:54:45:605	EVENT:NEW_ACK        	base:50201   	next:50301   	cwnd:2164  	ssthresh:1100  	state:CongAvoid   	info:AckNum: 50201
2026-03-27 13:54:45:605	EVENT:WINDOW_SLIDE   	base:50301   	next:50301   	cwnd:2168  	ssthresh:1100  	state:CongAvoid   	info:Base: 50201 -> 50301
2026-03-27 13:54:45:616	EVENT:SEND           	base:50301   	next:50401   	cwnd:2168  	ssthresh:1100  	state:CongAvoid   	info:DATA_seq: 50301
2026-03-27 13:54:45:616	EVENT:NEW_ACK        	base:50301   	next:50401   	cwnd:2168  	ssthresh:1100  	state:CongAvoid   	info:AckNum: 50301
2026-03-27 13:54:45:616	EVENT:WINDOW_SLIDE   	base:50401   	next:50401   	cwnd:2172  	ssthresh:1100  	state:CongAvoid   	info:Base: 50301 -> 50401
2026-03-27 13:54:45:629	EVENT:SEND           	base:50401   	next:50501   	cwnd:2172  	ssthresh:1100  	state:CongAvoid   	info:DATA_seq: 50401
2026-03-27 13:54:45:629	EVENT:NEW_ACK        	base:50401   	next:50501   	cwnd:2172  	ssthresh:1100  	state:CongAvoid   	info:AckNum: 50401
2026-03-27 13:54:45:629	EVENT:WINDOW_SLIDE   	base:50501   	next:50501   	cwnd:2176  	ssthresh:1100  	state:CongAvoid   	info:Base: 50401 -> 50501
2026-03-27 13:54:45:641	EVENT:SEND           	base:50501   	next:50601   	cwnd:2176  	ssthresh:1100  	state:CongAvoid   	info:DATA_seq: 50501
2026-03-27 13:54:45:641	EVENT:NEW_ACK        	base:50501   	next:50601   	cwnd:2176  	ssthresh:1100  	state:CongAvoid   	info:AckNum: 50501
2026-03-27 13:54:45:641	EVENT:WINDOW_SLIDE   	base:50601   	next:50601   	cwnd:2180  	ssthresh:1100  	state:CongAvoid   	info:Base: 50501 -> 50601
2026-03-27 13:54:45:651	EVENT:SEND           	base:50601   	next:50701   	cwnd:2180  	ssthresh:1100  	state:CongAvoid   	info:DATA_seq: 50601
2026-03-27 13:54:45:652	EVENT:NEW_ACK        	base:50601   	next:50701   	cwnd:2180  	ssthresh:1100  	state:CongAvoid   	info:AckNum: 50601
2026-03-27 13:54:45:652	EVENT:WINDOW_SLIDE   	base:50701   	next:50701   	cwnd:2184  	ssthresh:1100  	state:CongAvoid   	info:Base: 50601 -> 50701
2026-03-27 13:54:45:664	EVENT:SEND           	base:50701   	next:50801   	cwnd:2184  	ssthresh:1100  	state:CongAvoid   	info:DATA_seq: 50701
2026-03-27 13:54:45:664	EVENT:NEW_ACK        	base:50701   	next:50801   	cwnd:2184  	ssthresh:1100  	state:CongAvoid   	info:AckNum: 50701
2026-03-27 13:54:45:664	EVENT:WINDOW_SLIDE   	base:50801   	next:50801   	cwnd:2188  	ssthresh:1100  	state:CongAvoid   	info:Base: 50701 -> 50801
2026-03-27 13:54:45:675	EVENT:SEND           	base:50801   	next:50901   	cwnd:2188  	ssthresh:1100  	state:CongAvoid   	info:DATA_seq: 50801
2026-03-27 13:54:45:676	EVENT:NEW_ACK        	base:50801   	next:50901   	cwnd:2188  	ssthresh:1100  	state:CongAvoid   	info:AckNum: 50801
2026-03-27 13:54:45:676	EVENT:WINDOW_SLIDE   	base:50901   	next:50901   	cwnd:2192  	ssthresh:1100  	state:CongAvoid   	info:Base: 50801 -> 50901
2026-03-27 13:54:45:688	EVENT:SEND           	base:50901   	next:51001   	cwnd:2192  	ssthresh:1100  	state:CongAvoid   	info:DATA_seq: 50901
2026-03-27 13:54:45:688	EVENT:NEW_ACK        	base:50901   	next:51001   	cwnd:2192  	ssthresh:1100  	state:CongAvoid   	info:AckNum: 50901
2026-03-27 13:54:45:688	EVENT:WINDOW_SLIDE   	base:51001   	next:51001   	cwnd:2196  	ssthresh:1100  	state:CongAvoid   	info:Base: 50901 -> 51001
2026-03-27 13:54:45:700	EVENT:SEND           	base:51001   	next:51101   	cwnd:2196  	ssthresh:1100  	state:CongAvoid   	info:DATA_seq: 51001
2026-03-27 13:54:45:701	EVENT:NEW_ACK        	base:51001   	next:51101   	cwnd:2196  	ssthresh:1100  	state:CongAvoid   	info:AckNum: 51001
2026-03-27 13:54:45:701	EVENT:WINDOW_SLIDE   	base:51101   	next:51101   	cwnd:2200  	ssthresh:1100  	state:CongAvoid   	info:Base: 51001 -> 51101
2026-03-27 13:54:45:713	EVENT:SEND           	base:51101   	next:51201   	cwnd:2200  	ssthresh:1100  	state:CongAvoid   	info:DATA_seq: 51101
2026-03-27 13:54:45:713	EVENT:NEW_ACK        	base:51101   	next:51201   	cwnd:2200  	ssthresh:1100  	state:CongAvoid   	info:AckNum: 51101
2026-03-27 13:54:45:714	EVENT:WINDOW_SLIDE   	base:51201   	next:51201   	cwnd:2204  	ssthresh:1100  	state:CongAvoid   	info:Base: 51101 -> 51201
2026-03-27 13:54:45:726	EVENT:SEND           	base:51201   	next:51301   	cwnd:2204  	ssthresh:1100  	state:CongAvoid   	info:DATA_seq: 51201
2026-03-27 13:54:45:726	EVENT:NEW_ACK        	base:51201   	next:51301   	cwnd:2204  	ssthresh:1100  	state:CongAvoid   	info:AckNum: 51201
2026-03-27 13:54:45:726	EVENT:WINDOW_SLIDE   	base:51301   	next:51301   	cwnd:2208  	ssthresh:1100  	state:CongAvoid   	info:Base: 51201 -> 51301
2026-03-27 13:54:45:739	EVENT:SEND           	base:51301   	next:51401   	cwnd:2208  	ssthresh:1100  	state:CongAvoid   	info:DATA_seq: 51301
2026-03-27 13:54:45:739	EVENT:NEW_ACK        	base:51301   	next:51401   	cwnd:2208  	ssthresh:1100  	state:CongAvoid   	info:AckNum: 51301
2026-03-27 13:54:45:739	EVENT:WINDOW_SLIDE   	base:51401   	next:51401   	cwnd:2212  	ssthresh:1100  	state:CongAvoid   	info:Base: 51301 -> 51401
2026-03-27 13:54:45:749	EVENT:SEND           	base:51401   	next:51501   	cwnd:2212  	ssthresh:1100  	state:CongAvoid   	info:DATA_seq: 51401
2026-03-27 13:54:45:750	EVENT:NEW_ACK        	base:51401   	next:51501   	cwnd:2212  	ssthresh:1100  	state:CongAvoid   	info:AckNum: 51401
2026-03-27 13:54:45:750	EVENT:WINDOW_SLIDE   	base:51501   	next:51501   	cwnd:2216  	ssthresh:1100  	state:CongAvoid   	info:Base: 51401 -> 51501
2026-03-27 13:54:45:762	EVENT:SEND           	base:51501   	next:51601   	cwnd:2216  	ssthresh:1100  	state:CongAvoid   	info:DATA_seq: 51501
2026-03-27 13:54:45:762	EVENT:NEW_ACK        	base:51501   	next:51601   	cwnd:2216  	ssthresh:1100  	state:CongAvoid   	info:AckNum: 51501
2026-03-27 13:54:45:762	EVENT:WINDOW_SLIDE   	base:51601   	next:51601   	cwnd:2220  	ssthresh:1100  	state:CongAvoid   	info:Base: 51501 -> 51601
2026-03-27 13:54:45:774	EVENT:SEND           	base:51601   	next:51701   	cwnd:2220  	ssthresh:1100  	state:CongAvoid   	info:DATA_seq: 51601
2026-03-27 13:54:45:774	EVENT:NEW_ACK        	base:51601   	next:51701   	cwnd:2220  	ssthresh:1100  	state:CongAvoid   	info:AckNum: 51601
2026-03-27 13:54:45:774	EVENT:WINDOW_SLIDE   	base:51701   	next:51701   	cwnd:2224  	ssthresh:1100  	state:CongAvoid   	info:Base: 51601 -> 51701
2026-03-27 13:54:45:786	EVENT:SEND           	base:51701   	next:51801   	cwnd:2224  	ssthresh:1100  	state:CongAvoid   	info:DATA_seq: 51701
2026-03-27 13:54:45:787	EVENT:NEW_ACK        	base:51701   	next:51801   	cwnd:2224  	ssthresh:1100  	state:CongAvoid   	info:AckNum: 51701
2026-03-27 13:54:45:787	EVENT:WINDOW_SLIDE   	base:51801   	next:51801   	cwnd:2228  	ssthresh:1100  	state:CongAvoid   	info:Base: 51701 -> 51801
2026-03-27 13:54:45:799	EVENT:SEND           	base:51801   	next:51901   	cwnd:2228  	ssthresh:1100  	state:CongAvoid   	info:DATA_seq: 51801
2026-03-27 13:54:45:800	EVENT:NEW_ACK        	base:51801   	next:51901   	cwnd:2228  	ssthresh:1100  	state:CongAvoid   	info:AckNum: 51801
2026-03-27 13:54:45:800	EVENT:WINDOW_SLIDE   	base:51901   	next:51901   	cwnd:2232  	ssthresh:1100  	state:CongAvoid   	info:Base: 51801 -> 51901
2026-03-27 13:54:45:812	EVENT:SEND           	base:51901   	next:52001   	cwnd:2232  	ssthresh:1100  	state:CongAvoid   	info:DATA_seq: 51901
2026-03-27 13:54:45:813	EVENT:NEW_ACK        	base:51901   	next:52001   	cwnd:2232  	ssthresh:1100  	state:CongAvoid   	info:AckNum: 51901
2026-03-27 13:54:45:813	EVENT:WINDOW_SLIDE   	base:52001   	next:52001   	cwnd:2236  	ssthresh:1100  	state:CongAvoid   	info:Base: 51901 -> 52001
2026-03-27 13:54:45:825	EVENT:SEND           	base:52001   	next:52101   	cwnd:2236  	ssthresh:1100  	state:CongAvoid   	info:DATA_seq: 52001
2026-03-27 13:54:45:826	EVENT:NEW_ACK        	base:52001   	next:52101   	cwnd:2236  	ssthresh:1100  	state:CongAvoid   	info:AckNum: 52001
2026-03-27 13:54:45:826	EVENT:WINDOW_SLIDE   	base:52101   	next:52101   	cwnd:2240  	ssthresh:1100  	state:CongAvoid   	info:Base: 52001 -> 52101
2026-03-27 13:54:45:838	EVENT:SEND           	base:52101   	next:52201   	cwnd:2240  	ssthresh:1100  	state:CongAvoid   	info:DATA_seq: 52101
2026-03-27 13:54:45:839	EVENT:NEW_ACK        	base:52101   	next:52201   	cwnd:2240  	ssthresh:1100  	state:CongAvoid   	info:AckNum: 52101
2026-03-27 13:54:45:839	EVENT:WINDOW_SLIDE   	base:52201   	next:52201   	cwnd:2244  	ssthresh:1100  	state:CongAvoid   	info:Base: 52101 -> 52201
2026-03-27 13:54:45:850	EVENT:SEND           	base:52201   	next:52301   	cwnd:2244  	ssthresh:1100  	state:CongAvoid   	info:DATA_seq: 52201
2026-03-27 13:54:45:851	EVENT:NEW_ACK        	base:52201   	next:52301   	cwnd:2244  	ssthresh:1100  	state:CongAvoid   	info:AckNum: 52201
2026-03-27 13:54:45:851	EVENT:WINDOW_SLIDE   	base:52301   	next:52301   	cwnd:2248  	ssthresh:1100  	state:CongAvoid   	info:Base: 52201 -> 52301
2026-03-27 13:54:45:863	EVENT:SEND           	base:52301   	next:52401   	cwnd:2248  	ssthresh:1100  	state:CongAvoid   	info:DATA_seq: 52301
2026-03-27 13:54:45:863	EVENT:NEW_ACK        	base:52301   	next:52401   	cwnd:2248  	ssthresh:1100  	state:CongAvoid   	info:AckNum: 52301
2026-03-27 13:54:45:863	EVENT:WINDOW_SLIDE   	base:52401   	next:52401   	cwnd:2252  	ssthresh:1100  	state:CongAvoid   	info:Base: 52301 -> 52401
2026-03-27 13:54:45:876	EVENT:SEND           	base:52401   	next:52501   	cwnd:2252  	ssthresh:1100  	state:CongAvoid   	info:DATA_seq: 52401
2026-03-27 13:54:45:876	EVENT:NEW_ACK        	base:52401   	next:52501   	cwnd:2252  	ssthresh:1100  	state:CongAvoid   	info:AckNum: 52401
2026-03-27 13:54:45:876	EVENT:WINDOW_SLIDE   	base:52501   	next:52501   	cwnd:2256  	ssthresh:1100  	state:CongAvoid   	info:Base: 52401 -> 52501
2026-03-27 13:54:45:888	EVENT:SEND           	base:52501   	next:52601   	cwnd:2256  	ssthresh:1100  	state:CongAvoid   	info:DATA_seq: 52501
2026-03-27 13:54:45:910	EVENT:NEW_ACK        	base:52501   	next:52601   	cwnd:2256  	ssthresh:1100  	state:CongAvoid   	info:AckNum: 52501
2026-03-27 13:54:45:911	EVENT:WINDOW_SLIDE   	base:52601   	next:52601   	cwnd:2260  	ssthresh:1100  	state:CongAvoid   	info:Base: 52501 -> 52601
2026-03-27 13:54:45:923	EVENT:SEND           	base:52601   	next:52701   	cwnd:2260  	ssthresh:1100  	state:CongAvoid   	info:DATA_seq: 52601
2026-03-27 13:54:45:924	EVENT:NEW_ACK        	base:52601   	next:52701   	cwnd:2260  	ssthresh:1100  	state:CongAvoid   	info:AckNum: 52601
2026-03-27 13:54:45:924	EVENT:WINDOW_SLIDE   	base:52701   	next:52701   	cwnd:2264  	ssthresh:1100  	state:CongAvoid   	info:Base: 52601 -> 52701
2026-03-27 13:54:45:934	EVENT:SEND           	base:52701   	next:52801   	cwnd:2264  	ssthresh:1100  	state:CongAvoid   	info:DATA_seq: 52701
2026-03-27 13:54:45:935	EVENT:NEW_ACK        	base:52701   	next:52801   	cwnd:2264  	ssthresh:1100  	state:CongAvoid   	info:AckNum: 52701
2026-03-27 13:54:45:935	EVENT:WINDOW_SLIDE   	base:52801   	next:52801   	cwnd:2268  	ssthresh:1100  	state:CongAvoid   	info:Base: 52701 -> 52801
2026-03-27 13:54:45:945	EVENT:SEND           	base:52801   	next:52901   	cwnd:2268  	ssthresh:1100  	state:CongAvoid   	info:DATA_seq: 52801
2026-03-27 13:54:45:946	EVENT:DUP_ACK        	base:52801   	next:52901   	cwnd:2268  	ssthresh:1100  	state:CongAvoid   	info:AckNum: 52701 count: 1
2026-03-27 13:54:45:958	EVENT:SEND           	base:52801   	next:53001   	cwnd:2268  	ssthresh:1100  	state:CongAvoid   	info:DATA_seq: 52901
2026-03-27 13:54:45:958	EVENT:DUP_ACK        	base:52801   	next:53001   	cwnd:2268  	ssthresh:1100  	state:CongAvoid   	info:AckNum: 52701 count: 2
2026-03-27 13:54:45:970	EVENT:SEND           	base:52801   	next:53101   	cwnd:2268  	ssthresh:1100  	state:CongAvoid   	info:DATA_seq: 53001
2026-03-27 13:54:45:974	EVENT:DUP_ACK        	base:52801   	next:53101   	cwnd:2268  	ssthresh:1100  	state:CongAvoid   	info:AckNum: 52701 count: 3
2026-03-27 13:54:45:974	EVENT:FAST_RETRANS   	base:52801   	next:53101   	cwnd:1400  	ssthresh:1100  	state:FastRecovery	info:Retransmit seq: 52801
2026-03-27 13:54:45:974	EVENT:NEW_ACK        	base:52801   	next:53101   	cwnd:1400  	ssthresh:1100  	state:FastRecovery	info:AckNum: 52801
2026-03-27 13:54:45:974	EVENT:EXIT_FR        	base:52801   	next:53101   	cwnd:1100  	ssthresh:1100  	state:CongAvoid   	info:Exit Fast Recovery
2026-03-27 13:54:45:974	EVENT:WINDOW_SLIDE   	base:52901   	next:53101   	cwnd:1100  	ssthresh:1100  	state:CongAvoid   	info:Base: 52801 -> 52901
2026-03-27 13:54:45:985	EVENT:SEND           	base:52901   	next:53201   	cwnd:1100  	ssthresh:1100  	state:CongAvoid   	info:DATA_seq: 53101
2026-03-27 13:54:45:986	EVENT:NEW_ACK        	base:52901   	next:53201   	cwnd:1100  	ssthresh:1100  	state:CongAvoid   	info:AckNum: 53101
2026-03-27 13:54:45:986	EVENT:WINDOW_SLIDE   	base:53201   	next:53201   	cwnd:1109  	ssthresh:1100  	state:CongAvoid   	info:Base: 52901 -> 53201
2026-03-27 13:54:45:996	EVENT:SEND           	base:53201   	next:53301   	cwnd:1109  	ssthresh:1100  	state:CongAvoid   	info:DATA_seq: 53201
2026-03-27 13:54:45:996	EVENT:NEW_ACK        	base:53201   	next:53301   	cwnd:1109  	ssthresh:1100  	state:CongAvoid   	info:AckNum: 53201
2026-03-27 13:54:45:996	EVENT:WINDOW_SLIDE   	base:53301   	next:53301   	cwnd:1118  	ssthresh:1100  	state:CongAvoid   	info:Base: 53201 -> 53301
2026-03-27 13:54:46:009	EVENT:SEND           	base:53301   	next:53401   	cwnd:1118  	ssthresh:1100  	state:CongAvoid   	info:DATA_seq: 53301
2026-03-27 13:54:46:009	EVENT:NEW_ACK        	base:53301   	next:53401   	cwnd:1118  	ssthresh:1100  	state:CongAvoid   	info:AckNum: 53301
2026-03-27 13:54:46:009	EVENT:WINDOW_SLIDE   	base:53401   	next:53401   	cwnd:1126  	ssthresh:1100  	state:CongAvoid   	info:Base: 53301 -> 53401
2026-03-27 13:54:46:020	EVENT:SEND           	base:53401   	next:53501   	cwnd:1126  	ssthresh:1100  	state:CongAvoid   	info:DATA_seq: 53401
2026-03-27 13:54:46:021	EVENT:NEW_ACK        	base:53401   	next:53501   	cwnd:1126  	ssthresh:1100  	state:CongAvoid   	info:AckNum: 53401
2026-03-27 13:54:46:021	EVENT:WINDOW_SLIDE   	base:53501   	next:53501   	cwnd:1134  	ssthresh:1100  	state:CongAvoid   	info:Base: 53401 -> 53501
2026-03-27 13:54:46:033	EVENT:SEND           	base:53501   	next:53601   	cwnd:1134  	ssthresh:1100  	state:CongAvoid   	info:DATA_seq: 53501
2026-03-27 13:54:46:034	EVENT:NEW_ACK        	base:53501   	next:53601   	cwnd:1134  	ssthresh:1100  	state:CongAvoid   	info:AckNum: 53501
2026-03-27 13:54:46:034	EVENT:WINDOW_SLIDE   	base:53601   	next:53601   	cwnd:1142  	ssthresh:1100  	state:CongAvoid   	info:Base: 53501 -> 53601
2026-03-27 13:54:46:045	EVENT:SEND           	base:53601   	next:53701   	cwnd:1142  	ssthresh:1100  	state:CongAvoid   	info:DATA_seq: 53601
2026-03-27 13:54:46:045	EVENT:NEW_ACK        	base:53601   	next:53701   	cwnd:1142  	ssthresh:1100  	state:CongAvoid   	info:AckNum: 53601
2026-03-27 13:54:46:045	EVENT:WINDOW_SLIDE   	base:53701   	next:53701   	cwnd:1150  	ssthresh:1100  	state:CongAvoid   	info:Base: 53601 -> 53701
2026-03-27 13:54:46:058	EVENT:SEND           	base:53701   	next:53801   	cwnd:1150  	ssthresh:1100  	state:CongAvoid   	info:DATA_seq: 53701
2026-03-27 13:54:46:058	EVENT:NEW_ACK        	base:53701   	next:53801   	cwnd:1150  	ssthresh:1100  	state:CongAvoid   	info:AckNum: 53701
2026-03-27 13:54:46:058	EVENT:WINDOW_SLIDE   	base:53801   	next:53801   	cwnd:1158  	ssthresh:1100  	state:CongAvoid   	info:Base: 53701 -> 53801
2026-03-27 13:54:46:069	EVENT:SEND           	base:53801   	next:53901   	cwnd:1158  	ssthresh:1100  	state:CongAvoid   	info:DATA_seq: 53801
2026-03-27 13:54:46:070	EVENT:NEW_ACK        	base:53801   	next:53901   	cwnd:1158  	ssthresh:1100  	state:CongAvoid   	info:AckNum: 53801
2026-03-27 13:54:46:070	EVENT:WINDOW_SLIDE   	base:53901   	next:53901   	cwnd:1166  	ssthresh:1100  	state:CongAvoid   	info:Base: 53801 -> 53901
2026-03-27 13:54:46:082	EVENT:SEND           	base:53901   	next:54001   	cwnd:1166  	ssthresh:1100  	state:CongAvoid   	info:DATA_seq: 53901
2026-03-27 13:54:46:083	EVENT:NEW_ACK        	base:53901   	next:54001   	cwnd:1166  	ssthresh:1100  	state:CongAvoid   	info:AckNum: 53901
2026-03-27 13:54:46:083	EVENT:WINDOW_SLIDE   	base:54001   	next:54001   	cwnd:1174  	ssthresh:1100  	state:CongAvoid   	info:Base: 53901 -> 54001
2026-03-27 13:54:46:095	EVENT:SEND           	base:54001   	next:54101   	cwnd:1174  	ssthresh:1100  	state:CongAvoid   	info:DATA_seq: 54001
2026-03-27 13:54:46:096	EVENT:NEW_ACK        	base:54001   	next:54101   	cwnd:1174  	ssthresh:1100  	state:CongAvoid   	info:AckNum: 54001
2026-03-27 13:54:46:096	EVENT:WINDOW_SLIDE   	base:54101   	next:54101   	cwnd:1182  	ssthresh:1100  	state:CongAvoid   	info:Base: 54001 -> 54101
2026-03-27 13:54:46:106	EVENT:SEND           	base:54101   	next:54201   	cwnd:1182  	ssthresh:1100  	state:CongAvoid   	info:DATA_seq: 54101
2026-03-27 13:54:46:107	EVENT:NEW_ACK        	base:54101   	next:54201   	cwnd:1182  	ssthresh:1100  	state:CongAvoid   	info:AckNum: 54101
2026-03-27 13:54:46:107	EVENT:WINDOW_SLIDE   	base:54201   	next:54201   	cwnd:1190  	ssthresh:1100  	state:CongAvoid   	info:Base: 54101 -> 54201
2026-03-27 13:54:46:119	EVENT:SEND           	base:54201   	next:54301   	cwnd:1190  	ssthresh:1100  	state:CongAvoid   	info:DATA_seq: 54201
2026-03-27 13:54:46:120	EVENT:NEW_ACK        	base:54201   	next:54301   	cwnd:1190  	ssthresh:1100  	state:CongAvoid   	info:AckNum: 54201
2026-03-27 13:54:46:120	EVENT:WINDOW_SLIDE   	base:54301   	next:54301   	cwnd:1198  	ssthresh:1100  	state:CongAvoid   	info:Base: 54201 -> 54301
2026-03-27 13:54:46:133	EVENT:SEND           	base:54301   	next:54401   	cwnd:1198  	ssthresh:1100  	state:CongAvoid   	info:DATA_seq: 54301
2026-03-27 13:54:46:134	EVENT:NEW_ACK        	base:54301   	next:54401   	cwnd:1198  	ssthresh:1100  	state:CongAvoid   	info:AckNum: 54301
2026-03-27 13:54:46:134	EVENT:WINDOW_SLIDE   	base:54401   	next:54401   	cwnd:1206  	ssthresh:1100  	state:CongAvoid   	info:Base: 54301 -> 54401
2026-03-27 13:54:46:145	EVENT:SEND           	base:54401   	next:54501   	cwnd:1206  	ssthresh:1100  	state:CongAvoid   	info:DATA_seq: 54401
2026-03-27 13:54:46:145	EVENT:NEW_ACK        	base:54401   	next:54501   	cwnd:1206  	ssthresh:1100  	state:CongAvoid   	info:AckNum: 54401
2026-03-27 13:54:46:145	EVENT:WINDOW_SLIDE   	base:54501   	next:54501   	cwnd:1214  	ssthresh:1100  	state:CongAvoid   	info:Base: 54401 -> 54501
2026-03-27 13:54:46:157	EVENT:SEND           	base:54501   	next:54601   	cwnd:1214  	ssthresh:1100  	state:CongAvoid   	info:DATA_seq: 54501
2026-03-27 13:54:46:158	EVENT:NEW_ACK        	base:54501   	next:54601   	cwnd:1214  	ssthresh:1100  	state:CongAvoid   	info:AckNum: 54501
2026-03-27 13:54:46:158	EVENT:WINDOW_SLIDE   	base:54601   	next:54601   	cwnd:1222  	ssthresh:1100  	state:CongAvoid   	info:Base: 54501 -> 54601
2026-03-27 13:54:46:168	EVENT:SEND           	base:54601   	next:54701   	cwnd:1222  	ssthresh:1100  	state:CongAvoid   	info:DATA_seq: 54601
2026-03-27 13:54:46:169	EVENT:NEW_ACK        	base:54601   	next:54701   	cwnd:1222  	ssthresh:1100  	state:CongAvoid   	info:AckNum: 54601
2026-03-27 13:54:46:169	EVENT:WINDOW_SLIDE   	base:54701   	next:54701   	cwnd:1230  	ssthresh:1100  	state:CongAvoid   	info:Base: 54601 -> 54701
2026-03-27 13:54:46:180	EVENT:SEND           	base:54701   	next:54801   	cwnd:1230  	ssthresh:1100  	state:CongAvoid   	info:DATA_seq: 54701
2026-03-27 13:54:46:181	EVENT:NEW_ACK        	base:54701   	next:54801   	cwnd:1230  	ssthresh:1100  	state:CongAvoid   	info:AckNum: 54701
2026-03-27 13:54:46:181	EVENT:WINDOW_SLIDE   	base:54801   	next:54801   	cwnd:1238  	ssthresh:1100  	state:CongAvoid   	info:Base: 54701 -> 54801
2026-03-27 13:54:46:192	EVENT:SEND           	base:54801   	next:54901   	cwnd:1238  	ssthresh:1100  	state:CongAvoid   	info:DATA_seq: 54801
2026-03-27 13:54:46:193	EVENT:NEW_ACK        	base:54801   	next:54901   	cwnd:1238  	ssthresh:1100  	state:CongAvoid   	info:AckNum: 54801
2026-03-27 13:54:46:193	EVENT:WINDOW_SLIDE   	base:54901   	next:54901   	cwnd:1246  	ssthresh:1100  	state:CongAvoid   	info:Base: 54801 -> 54901
2026-03-27 13:54:46:204	EVENT:SEND           	base:54901   	next:55001   	cwnd:1246  	ssthresh:1100  	state:CongAvoid   	info:DATA_seq: 54901
2026-03-27 13:54:46:205	EVENT:NEW_ACK        	base:54901   	next:55001   	cwnd:1246  	ssthresh:1100  	state:CongAvoid   	info:AckNum: 54901
2026-03-27 13:54:46:205	EVENT:WINDOW_SLIDE   	base:55001   	next:55001   	cwnd:1254  	ssthresh:1100  	state:CongAvoid   	info:Base: 54901 -> 55001
2026-03-27 13:54:46:215	EVENT:SEND           	base:55001   	next:55101   	cwnd:1254  	ssthresh:1100  	state:CongAvoid   	info:DATA_seq: 55001
2026-03-27 13:54:46:217	EVENT:NEW_ACK        	base:55001   	next:55101   	cwnd:1254  	ssthresh:1100  	state:CongAvoid   	info:AckNum: 55001
2026-03-27 13:54:46:217	EVENT:WINDOW_SLIDE   	base:55101   	next:55101   	cwnd:1261  	ssthresh:1100  	state:CongAvoid   	info:Base: 55001 -> 55101
2026-03-27 13:54:46:227	EVENT:SEND           	base:55101   	next:55201   	cwnd:1261  	ssthresh:1100  	state:CongAvoid   	info:DATA_seq: 55101
2026-03-27 13:54:46:228	EVENT:NEW_ACK        	base:55101   	next:55201   	cwnd:1261  	ssthresh:1100  	state:CongAvoid   	info:AckNum: 55101
2026-03-27 13:54:46:228	EVENT:WINDOW_SLIDE   	base:55201   	next:55201   	cwnd:1268  	ssthresh:1100  	state:CongAvoid   	info:Base: 55101 -> 55201
2026-03-27 13:54:46:239	EVENT:SEND           	base:55201   	next:55301   	cwnd:1268  	ssthresh:1100  	state:CongAvoid   	info:DATA_seq: 55201
2026-03-27 13:54:46:240	EVENT:NEW_ACK        	base:55201   	next:55301   	cwnd:1268  	ssthresh:1100  	state:CongAvoid   	info:AckNum: 55201
2026-03-27 13:54:46:240	EVENT:WINDOW_SLIDE   	base:55301   	next:55301   	cwnd:1275  	ssthresh:1100  	state:CongAvoid   	info:Base: 55201 -> 55301
2026-03-27 13:54:46:252	EVENT:SEND           	base:55301   	next:55401   	cwnd:1275  	ssthresh:1100  	state:CongAvoid   	info:DATA_seq: 55301
2026-03-27 13:54:46:253	EVENT:NEW_ACK        	base:55301   	next:55401   	cwnd:1275  	ssthresh:1100  	state:CongAvoid   	info:AckNum: 55301
2026-03-27 13:54:46:253	EVENT:WINDOW_SLIDE   	base:55401   	next:55401   	cwnd:1282  	ssthresh:1100  	state:CongAvoid   	info:Base: 55301 -> 55401
2026-03-27 13:54:46:265	EVENT:SEND           	base:55401   	next:55501   	cwnd:1282  	ssthresh:1100  	state:CongAvoid   	info:DATA_seq: 55401
2026-03-27 13:54:46:266	EVENT:NEW_ACK        	base:55401   	next:55501   	cwnd:1282  	ssthresh:1100  	state:CongAvoid   	info:AckNum: 55401
2026-03-27 13:54:46:266	EVENT:WINDOW_SLIDE   	base:55501   	next:55501   	cwnd:1289  	ssthresh:1100  	state:CongAvoid   	info:Base: 55401 -> 55501
2026-03-27 13:54:46:278	EVENT:SEND           	base:55501   	next:55601   	cwnd:1289  	ssthresh:1100  	state:CongAvoid   	info:DATA_seq: 55501
2026-03-27 13:54:46:279	EVENT:NEW_ACK        	base:55501   	next:55601   	cwnd:1289  	ssthresh:1100  	state:CongAvoid   	info:AckNum: 55501
2026-03-27 13:54:46:279	EVENT:WINDOW_SLIDE   	base:55601   	next:55601   	cwnd:1296  	ssthresh:1100  	state:CongAvoid   	info:Base: 55501 -> 55601
2026-03-27 13:54:46:291	EVENT:SEND           	base:55601   	next:55701   	cwnd:1296  	ssthresh:1100  	state:CongAvoid   	info:DATA_seq: 55601
2026-03-27 13:54:46:292	EVENT:NEW_ACK        	base:55601   	next:55701   	cwnd:1296  	ssthresh:1100  	state:CongAvoid   	info:AckNum: 55601
2026-03-27 13:54:46:292	EVENT:WINDOW_SLIDE   	base:55701   	next:55701   	cwnd:1303  	ssthresh:1100  	state:CongAvoid   	info:Base: 55601 -> 55701
2026-03-27 13:54:46:303	EVENT:SEND           	base:55701   	next:55801   	cwnd:1303  	ssthresh:1100  	state:CongAvoid   	info:DATA_seq: 55701
2026-03-27 13:54:46:303	EVENT:NEW_ACK        	base:55701   	next:55801   	cwnd:1303  	ssthresh:1100  	state:CongAvoid   	info:AckNum: 55701
2026-03-27 13:54:46:304	EVENT:WINDOW_SLIDE   	base:55801   	next:55801   	cwnd:1310  	ssthresh:1100  	state:CongAvoid   	info:Base: 55701 -> 55801
2026-03-27 13:54:46:315	EVENT:SEND           	base:55801   	next:55901   	cwnd:1310  	ssthresh:1100  	state:CongAvoid   	info:DATA_seq: 55801
2026-03-27 13:54:46:316	EVENT:NEW_ACK        	base:55801   	next:55901   	cwnd:1310  	ssthresh:1100  	state:CongAvoid   	info:AckNum: 55801
2026-03-27 13:54:46:316	EVENT:WINDOW_SLIDE   	base:55901   	next:55901   	cwnd:1317  	ssthresh:1100  	state:CongAvoid   	info:Base: 55801 -> 55901
2026-03-27 13:54:46:326	EVENT:SEND           	base:55901   	next:56001   	cwnd:1317  	ssthresh:1100  	state:CongAvoid   	info:DATA_seq: 55901
2026-03-27 13:54:46:327	EVENT:NEW_ACK        	base:55901   	next:56001   	cwnd:1317  	ssthresh:1100  	state:CongAvoid   	info:AckNum: 55901
2026-03-27 13:54:46:327	EVENT:WINDOW_SLIDE   	base:56001   	next:56001   	cwnd:1324  	ssthresh:1100  	state:CongAvoid   	info:Base: 55901 -> 56001
2026-03-27 13:54:46:339	EVENT:SEND           	base:56001   	next:56101   	cwnd:1324  	ssthresh:1100  	state:CongAvoid   	info:DATA_seq: 56001
2026-03-27 13:54:46:340	EVENT:NEW_ACK        	base:56001   	next:56101   	cwnd:1324  	ssthresh:1100  	state:CongAvoid   	info:AckNum: 56001
2026-03-27 13:54:46:340	EVENT:WINDOW_SLIDE   	base:56101   	next:56101   	cwnd:1331  	ssthresh:1100  	state:CongAvoid   	info:Base: 56001 -> 56101
2026-03-27 13:54:46:350	EVENT:SEND           	base:56101   	next:56201   	cwnd:1331  	ssthresh:1100  	state:CongAvoid   	info:DATA_seq: 56101
2026-03-27 13:54:46:351	EVENT:NEW_ACK        	base:56101   	next:56201   	cwnd:1331  	ssthresh:1100  	state:CongAvoid   	info:AckNum: 56101
2026-03-27 13:54:46:351	EVENT:WINDOW_SLIDE   	base:56201   	next:56201   	cwnd:1338  	ssthresh:1100  	state:CongAvoid   	info:Base: 56101 -> 56201
2026-03-27 13:54:46:362	EVENT:SEND           	base:56201   	next:56301   	cwnd:1338  	ssthresh:1100  	state:CongAvoid   	info:DATA_seq: 56201
2026-03-27 13:54:46:362	EVENT:NEW_ACK        	base:56201   	next:56301   	cwnd:1338  	ssthresh:1100  	state:CongAvoid   	info:AckNum: 56201
2026-03-27 13:54:46:362	EVENT:WINDOW_SLIDE   	base:56301   	next:56301   	cwnd:1345  	ssthresh:1100  	state:CongAvoid   	info:Base: 56201 -> 56301
2026-03-27 13:54:46:375	EVENT:SEND           	base:56301   	next:56401   	cwnd:1345  	ssthresh:1100  	state:CongAvoid   	info:DATA_seq: 56301
2026-03-27 13:54:46:376	EVENT:NEW_ACK        	base:56301   	next:56401   	cwnd:1345  	ssthresh:1100  	state:CongAvoid   	info:AckNum: 56301
2026-03-27 13:54:46:376	EVENT:WINDOW_SLIDE   	base:56401   	next:56401   	cwnd:1352  	ssthresh:1100  	state:CongAvoid   	info:Base: 56301 -> 56401
2026-03-27 13:54:46:387	EVENT:SEND           	base:56401   	next:56501   	cwnd:1352  	ssthresh:1100  	state:CongAvoid   	info:DATA_seq: 56401
2026-03-27 13:54:46:388	EVENT:NEW_ACK        	base:56401   	next:56501   	cwnd:1352  	ssthresh:1100  	state:CongAvoid   	info:AckNum: 56401
2026-03-27 13:54:46:388	EVENT:WINDOW_SLIDE   	base:56501   	next:56501   	cwnd:1359  	ssthresh:1100  	state:CongAvoid   	info:Base: 56401 -> 56501
2026-03-27 13:54:46:398	EVENT:SEND           	base:56501   	next:56601   	cwnd:1359  	ssthresh:1100  	state:CongAvoid   	info:DATA_seq: 56501
2026-03-27 13:54:46:399	EVENT:NEW_ACK        	base:56501   	next:56601   	cwnd:1359  	ssthresh:1100  	state:CongAvoid   	info:AckNum: 56501
2026-03-27 13:54:46:399	EVENT:WINDOW_SLIDE   	base:56601   	next:56601   	cwnd:1366  	ssthresh:1100  	state:CongAvoid   	info:Base: 56501 -> 56601
2026-03-27 13:54:46:409	EVENT:SEND           	base:56601   	next:56701   	cwnd:1366  	ssthresh:1100  	state:CongAvoid   	info:DATA_seq: 56601
2026-03-27 13:54:46:410	EVENT:NEW_ACK        	base:56601   	next:56701   	cwnd:1366  	ssthresh:1100  	state:CongAvoid   	info:AckNum: 56601
2026-03-27 13:54:46:410	EVENT:WINDOW_SLIDE   	base:56701   	next:56701   	cwnd:1373  	ssthresh:1100  	state:CongAvoid   	info:Base: 56601 -> 56701
2026-03-27 13:54:46:422	EVENT:SEND           	base:56701   	next:56801   	cwnd:1373  	ssthresh:1100  	state:CongAvoid   	info:DATA_seq: 56701
2026-03-27 13:54:46:422	EVENT:NEW_ACK        	base:56701   	next:56801   	cwnd:1373  	ssthresh:1100  	state:CongAvoid   	info:AckNum: 56701
2026-03-27 13:54:46:422	EVENT:WINDOW_SLIDE   	base:56801   	next:56801   	cwnd:1380  	ssthresh:1100  	state:CongAvoid   	info:Base: 56701 -> 56801
2026-03-27 13:54:46:435	EVENT:SEND           	base:56801   	next:56901   	cwnd:1380  	ssthresh:1100  	state:CongAvoid   	info:DATA_seq: 56801
2026-03-27 13:54:46:435	EVENT:NEW_ACK        	base:56801   	next:56901   	cwnd:1380  	ssthresh:1100  	state:CongAvoid   	info:AckNum: 56801
2026-03-27 13:54:46:435	EVENT:WINDOW_SLIDE   	base:56901   	next:56901   	cwnd:1387  	ssthresh:1100  	state:CongAvoid   	info:Base: 56801 -> 56901
2026-03-27 13:54:46:446	EVENT:SEND           	base:56901   	next:57001   	cwnd:1387  	ssthresh:1100  	state:CongAvoid   	info:DATA_seq: 56901
2026-03-27 13:54:46:447	EVENT:NEW_ACK        	base:56901   	next:57001   	cwnd:1387  	ssthresh:1100  	state:CongAvoid   	info:AckNum: 56901
2026-03-27 13:54:46:447	EVENT:WINDOW_SLIDE   	base:57001   	next:57001   	cwnd:1394  	ssthresh:1100  	state:CongAvoid   	info:Base: 56901 -> 57001
2026-03-27 13:54:46:459	EVENT:SEND           	base:57001   	next:57101   	cwnd:1394  	ssthresh:1100  	state:CongAvoid   	info:DATA_seq: 57001
2026-03-27 13:54:46:460	EVENT:NEW_ACK        	base:57001   	next:57101   	cwnd:1394  	ssthresh:1100  	state:CongAvoid   	info:AckNum: 57001
2026-03-27 13:54:46:460	EVENT:WINDOW_SLIDE   	base:57101   	next:57101   	cwnd:1401  	ssthresh:1100  	state:CongAvoid   	info:Base: 57001 -> 57101
2026-03-27 13:54:46:470	EVENT:SEND           	base:57101   	next:57201   	cwnd:1401  	ssthresh:1100  	state:CongAvoid   	info:DATA_seq: 57101
2026-03-27 13:54:46:471	EVENT:NEW_ACK        	base:57101   	next:57201   	cwnd:1401  	ssthresh:1100  	state:CongAvoid   	info:AckNum: 57101
2026-03-27 13:54:46:471	EVENT:WINDOW_SLIDE   	base:57201   	next:57201   	cwnd:1408  	ssthresh:1100  	state:CongAvoid   	info:Base: 57101 -> 57201
2026-03-27 13:54:46:483	EVENT:SEND           	base:57201   	next:57301   	cwnd:1408  	ssthresh:1100  	state:CongAvoid   	info:DATA_seq: 57201
2026-03-27 13:54:46:484	EVENT:NEW_ACK        	base:57201   	next:57301   	cwnd:1408  	ssthresh:1100  	state:CongAvoid   	info:AckNum: 57201
2026-03-27 13:54:46:484	EVENT:WINDOW_SLIDE   	base:57301   	next:57301   	cwnd:1415  	ssthresh:1100  	state:CongAvoid   	info:Base: 57201 -> 57301
2026-03-27 13:54:46:496	EVENT:SEND           	base:57301   	next:57401   	cwnd:1415  	ssthresh:1100  	state:CongAvoid   	info:DATA_seq: 57301
2026-03-27 13:54:46:497	EVENT:NEW_ACK        	base:57301   	next:57401   	cwnd:1415  	ssthresh:1100  	state:CongAvoid   	info:AckNum: 57301
2026-03-27 13:54:46:497	EVENT:WINDOW_SLIDE   	base:57401   	next:57401   	cwnd:1422  	ssthresh:1100  	state:CongAvoid   	info:Base: 57301 -> 57401
2026-03-27 13:54:46:509	EVENT:SEND           	base:57401   	next:57501   	cwnd:1422  	ssthresh:1100  	state:CongAvoid   	info:DATA_seq: 57401
2026-03-27 13:54:46:510	EVENT:NEW_ACK        	base:57401   	next:57501   	cwnd:1422  	ssthresh:1100  	state:CongAvoid   	info:AckNum: 57401
2026-03-27 13:54:46:510	EVENT:WINDOW_SLIDE   	base:57501   	next:57501   	cwnd:1429  	ssthresh:1100  	state:CongAvoid   	info:Base: 57401 -> 57501
2026-03-27 13:54:46:522	EVENT:SEND           	base:57501   	next:57601   	cwnd:1429  	ssthresh:1100  	state:CongAvoid   	info:DATA_seq: 57501
2026-03-27 13:54:46:523	EVENT:NEW_ACK        	base:57501   	next:57601   	cwnd:1429  	ssthresh:1100  	state:CongAvoid   	info:AckNum: 57501
2026-03-27 13:54:46:523	EVENT:WINDOW_SLIDE   	base:57601   	next:57601   	cwnd:1435  	ssthresh:1100  	state:CongAvoid   	info:Base: 57501 -> 57601
2026-03-27 13:54:46:535	EVENT:SEND           	base:57601   	next:57701   	cwnd:1435  	ssthresh:1100  	state:CongAvoid   	info:DATA_seq: 57601
2026-03-27 13:54:46:536	EVENT:NEW_ACK        	base:57601   	next:57701   	cwnd:1435  	ssthresh:1100  	state:CongAvoid   	info:AckNum: 57601
2026-03-27 13:54:46:536	EVENT:WINDOW_SLIDE   	base:57701   	next:57701   	cwnd:1441  	ssthresh:1100  	state:CongAvoid   	info:Base: 57601 -> 57701
2026-03-27 13:54:46:546	EVENT:SEND           	base:57701   	next:57801   	cwnd:1441  	ssthresh:1100  	state:CongAvoid   	info:DATA_seq: 57701
2026-03-27 13:54:46:547	EVENT:NEW_ACK        	base:57701   	next:57801   	cwnd:1441  	ssthresh:1100  	state:CongAvoid   	info:AckNum: 57701
2026-03-27 13:54:46:547	EVENT:WINDOW_SLIDE   	base:57801   	next:57801   	cwnd:1447  	ssthresh:1100  	state:CongAvoid   	info:Base: 57701 -> 57801
2026-03-27 13:54:46:558	EVENT:SEND           	base:57801   	next:57901   	cwnd:1447  	ssthresh:1100  	state:CongAvoid   	info:DATA_seq: 57801
2026-03-27 13:54:46:560	EVENT:NEW_ACK        	base:57801   	next:57901   	cwnd:1447  	ssthresh:1100  	state:CongAvoid   	info:AckNum: 57801
2026-03-27 13:54:46:560	EVENT:WINDOW_SLIDE   	base:57901   	next:57901   	cwnd:1453  	ssthresh:1100  	state:CongAvoid   	info:Base: 57801 -> 57901
2026-03-27 13:54:46:570	EVENT:SEND           	base:57901   	next:58001   	cwnd:1453  	ssthresh:1100  	state:CongAvoid   	info:DATA_seq: 57901
2026-03-27 13:54:46:572	EVENT:NEW_ACK        	base:57901   	next:58001   	cwnd:1453  	ssthresh:1100  	state:CongAvoid   	info:AckNum: 57901
2026-03-27 13:54:46:572	EVENT:WINDOW_SLIDE   	base:58001   	next:58001   	cwnd:1459  	ssthresh:1100  	state:CongAvoid   	info:Base: 57901 -> 58001
2026-03-27 13:54:46:583	EVENT:SEND           	base:58001   	next:58101   	cwnd:1459  	ssthresh:1100  	state:CongAvoid   	info:DATA_seq: 58001
2026-03-27 13:54:46:584	EVENT:NEW_ACK        	base:58001   	next:58101   	cwnd:1459  	ssthresh:1100  	state:CongAvoid   	info:AckNum: 58001
2026-03-27 13:54:46:584	EVENT:WINDOW_SLIDE   	base:58101   	next:58101   	cwnd:1465  	ssthresh:1100  	state:CongAvoid   	info:Base: 58001 -> 58101
2026-03-27 13:54:46:595	EVENT:SEND           	base:58101   	next:58201   	cwnd:1465  	ssthresh:1100  	state:CongAvoid   	info:DATA_seq: 58101
2026-03-27 13:54:46:596	EVENT:NEW_ACK        	base:58101   	next:58201   	cwnd:1465  	ssthresh:1100  	state:CongAvoid   	info:AckNum: 58101
2026-03-27 13:54:46:596	EVENT:WINDOW_SLIDE   	base:58201   	next:58201   	cwnd:1471  	ssthresh:1100  	state:CongAvoid   	info:Base: 58101 -> 58201
2026-03-27 13:54:46:608	EVENT:SEND           	base:58201   	next:58301   	cwnd:1471  	ssthresh:1100  	state:CongAvoid   	info:DATA_seq: 58201
2026-03-27 13:54:46:608	EVENT:NEW_ACK        	base:58201   	next:58301   	cwnd:1471  	ssthresh:1100  	state:CongAvoid   	info:AckNum: 58201
2026-03-27 13:54:46:609	EVENT:WINDOW_SLIDE   	base:58301   	next:58301   	cwnd:1477  	ssthresh:1100  	state:CongAvoid   	info:Base: 58201 -> 58301
2026-03-27 13:54:46:619	EVENT:SEND           	base:58301   	next:58401   	cwnd:1477  	ssthresh:1100  	state:CongAvoid   	info:DATA_seq: 58301
2026-03-27 13:54:46:619	EVENT:NEW_ACK        	base:58301   	next:58401   	cwnd:1477  	ssthresh:1100  	state:CongAvoid   	info:AckNum: 58301
2026-03-27 13:54:46:619	EVENT:WINDOW_SLIDE   	base:58401   	next:58401   	cwnd:1483  	ssthresh:1100  	state:CongAvoid   	info:Base: 58301 -> 58401
2026-03-27 13:54:46:631	EVENT:SEND           	base:58401   	next:58501   	cwnd:1483  	ssthresh:1100  	state:CongAvoid   	info:DATA_seq: 58401
2026-03-27 13:54:46:631	EVENT:NEW_ACK        	base:58401   	next:58501   	cwnd:1483  	ssthresh:1100  	state:CongAvoid   	info:AckNum: 58401
2026-03-27 13:54:46:631	EVENT:WINDOW_SLIDE   	base:58501   	next:58501   	cwnd:1489  	ssthresh:1100  	state:CongAvoid   	info:Base: 58401 -> 58501
2026-03-27 13:54:46:643	EVENT:SEND           	base:58501   	next:58601   	cwnd:1489  	ssthresh:1100  	state:CongAvoid   	info:DATA_seq: 58501
2026-03-27 13:54:46:644	EVENT:NEW_ACK        	base:58501   	next:58601   	cwnd:1489  	ssthresh:1100  	state:CongAvoid   	info:AckNum: 58501
2026-03-27 13:54:46:644	EVENT:WINDOW_SLIDE   	base:58601   	next:58601   	cwnd:1495  	ssthresh:1100  	state:CongAvoid   	info:Base: 58501 -> 58601
2026-03-27 13:54:46:654	EVENT:SEND           	base:58601   	next:58701   	cwnd:1495  	ssthresh:1100  	state:CongAvoid   	info:DATA_seq: 58601
2026-03-27 13:54:46:654	EVENT:NEW_ACK        	base:58601   	next:58701   	cwnd:1495  	ssthresh:1100  	state:CongAvoid   	info:AckNum: 58601
2026-03-27 13:54:46:654	EVENT:WINDOW_SLIDE   	base:58701   	next:58701   	cwnd:1501  	ssthresh:1100  	state:CongAvoid   	info:Base: 58601 -> 58701
2026-03-27 13:54:46:665	EVENT:SEND           	base:58701   	next:58801   	cwnd:1501  	ssthresh:1100  	state:CongAvoid   	info:DATA_seq: 58701
2026-03-27 13:54:46:665	EVENT:NEW_ACK        	base:58701   	next:58801   	cwnd:1501  	ssthresh:1100  	state:CongAvoid   	info:AckNum: 58701
2026-03-27 13:54:46:665	EVENT:WINDOW_SLIDE   	base:58801   	next:58801   	cwnd:1507  	ssthresh:1100  	state:CongAvoid   	info:Base: 58701 -> 58801
2026-03-27 13:54:46:677	EVENT:SEND           	base:58801   	next:58901   	cwnd:1507  	ssthresh:1100  	state:CongAvoid   	info:DATA_seq: 58801
2026-03-27 13:54:46:678	EVENT:NEW_ACK        	base:58801   	next:58901   	cwnd:1507  	ssthresh:1100  	state:CongAvoid   	info:AckNum: 58801
2026-03-27 13:54:46:678	EVENT:WINDOW_SLIDE   	base:58901   	next:58901   	cwnd:1513  	ssthresh:1100  	state:CongAvoid   	info:Base: 58801 -> 58901
2026-03-27 13:54:46:690	EVENT:SEND           	base:58901   	next:59001   	cwnd:1513  	ssthresh:1100  	state:CongAvoid   	info:DATA_seq: 58901
2026-03-27 13:54:46:690	EVENT:NEW_ACK        	base:58901   	next:59001   	cwnd:1513  	ssthresh:1100  	state:CongAvoid   	info:AckNum: 58901
2026-03-27 13:54:46:690	EVENT:WINDOW_SLIDE   	base:59001   	next:59001   	cwnd:1519  	ssthresh:1100  	state:CongAvoid   	info:Base: 58901 -> 59001
2026-03-27 13:54:46:703	EVENT:SEND           	base:59001   	next:59101   	cwnd:1519  	ssthresh:1100  	state:CongAvoid   	info:DATA_seq: 59001
2026-03-27 13:54:46:703	EVENT:NEW_ACK        	base:59001   	next:59101   	cwnd:1519  	ssthresh:1100  	state:CongAvoid   	info:AckNum: 59001
2026-03-27 13:54:46:703	EVENT:WINDOW_SLIDE   	base:59101   	next:59101   	cwnd:1525  	ssthresh:1100  	state:CongAvoid   	info:Base: 59001 -> 59101
2026-03-27 13:54:46:716	EVENT:SEND           	base:59101   	next:59201   	cwnd:1525  	ssthresh:1100  	state:CongAvoid   	info:DATA_seq: 59101
2026-03-27 13:54:46:717	EVENT:NEW_ACK        	base:59101   	next:59201   	cwnd:1525  	ssthresh:1100  	state:CongAvoid   	info:AckNum: 59101
2026-03-27 13:54:46:717	EVENT:WINDOW_SLIDE   	base:59201   	next:59201   	cwnd:1531  	ssthresh:1100  	state:CongAvoid   	info:Base: 59101 -> 59201
2026-03-27 13:54:46:728	EVENT:SEND           	base:59201   	next:59301   	cwnd:1531  	ssthresh:1100  	state:CongAvoid   	info:DATA_seq: 59201
2026-03-27 13:54:46:729	EVENT:NEW_ACK        	base:59201   	next:59301   	cwnd:1531  	ssthresh:1100  	state:CongAvoid   	info:AckNum: 59201
2026-03-27 13:54:46:729	EVENT:WINDOW_SLIDE   	base:59301   	next:59301   	cwnd:1537  	ssthresh:1100  	state:CongAvoid   	info:Base: 59201 -> 59301
2026-03-27 13:54:46:741	EVENT:SEND           	base:59301   	next:59401   	cwnd:1537  	ssthresh:1100  	state:CongAvoid   	info:DATA_seq: 59301
2026-03-27 13:54:46:742	EVENT:NEW_ACK        	base:59301   	next:59401   	cwnd:1537  	ssthresh:1100  	state:CongAvoid   	info:AckNum: 59301
2026-03-27 13:54:46:742	EVENT:WINDOW_SLIDE   	base:59401   	next:59401   	cwnd:1543  	ssthresh:1100  	state:CongAvoid   	info:Base: 59301 -> 59401
2026-03-27 13:54:46:754	EVENT:SEND           	base:59401   	next:59501   	cwnd:1543  	ssthresh:1100  	state:CongAvoid   	info:DATA_seq: 59401
2026-03-27 13:54:46:755	EVENT:NEW_ACK        	base:59401   	next:59501   	cwnd:1543  	ssthresh:1100  	state:CongAvoid   	info:AckNum: 59401
2026-03-27 13:54:46:755	EVENT:WINDOW_SLIDE   	base:59501   	next:59501   	cwnd:1549  	ssthresh:1100  	state:CongAvoid   	info:Base: 59401 -> 59501
2026-03-27 13:54:46:767	EVENT:SEND           	base:59501   	next:59601   	cwnd:1549  	ssthresh:1100  	state:CongAvoid   	info:DATA_seq: 59501
2026-03-27 13:54:46:768	EVENT:NEW_ACK        	base:59501   	next:59601   	cwnd:1549  	ssthresh:1100  	state:CongAvoid   	info:AckNum: 59501
2026-03-27 13:54:46:768	EVENT:WINDOW_SLIDE   	base:59601   	next:59601   	cwnd:1555  	ssthresh:1100  	state:CongAvoid   	info:Base: 59501 -> 59601
2026-03-27 13:54:46:778	EVENT:SEND           	base:59601   	next:59701   	cwnd:1555  	ssthresh:1100  	state:CongAvoid   	info:DATA_seq: 59601
2026-03-27 13:54:46:779	EVENT:NEW_ACK        	base:59601   	next:59701   	cwnd:1555  	ssthresh:1100  	state:CongAvoid   	info:AckNum: 59601
2026-03-27 13:54:46:779	EVENT:WINDOW_SLIDE   	base:59701   	next:59701   	cwnd:1561  	ssthresh:1100  	state:CongAvoid   	info:Base: 59601 -> 59701
2026-03-27 13:54:46:790	EVENT:SEND           	base:59701   	next:59801   	cwnd:1561  	ssthresh:1100  	state:CongAvoid   	info:DATA_seq: 59701
2026-03-27 13:54:46:791	EVENT:NEW_ACK        	base:59701   	next:59801   	cwnd:1561  	ssthresh:1100  	state:CongAvoid   	info:AckNum: 59701
2026-03-27 13:54:46:791	EVENT:WINDOW_SLIDE   	base:59801   	next:59801   	cwnd:1567  	ssthresh:1100  	state:CongAvoid   	info:Base: 59701 -> 59801
2026-03-27 13:54:46:803	EVENT:SEND           	base:59801   	next:59901   	cwnd:1567  	ssthresh:1100  	state:CongAvoid   	info:DATA_seq: 59801
2026-03-27 13:54:46:803	EVENT:NEW_ACK        	base:59801   	next:59901   	cwnd:1567  	ssthresh:1100  	state:CongAvoid   	info:AckNum: 59801
2026-03-27 13:54:46:803	EVENT:WINDOW_SLIDE   	base:59901   	next:59901   	cwnd:1573  	ssthresh:1100  	state:CongAvoid   	info:Base: 59801 -> 59901
2026-03-27 13:54:46:815	EVENT:SEND           	base:59901   	next:60001   	cwnd:1573  	ssthresh:1100  	state:CongAvoid   	info:DATA_seq: 59901
2026-03-27 13:54:46:816	EVENT:NEW_ACK        	base:59901   	next:60001   	cwnd:1573  	ssthresh:1100  	state:CongAvoid   	info:AckNum: 59901
2026-03-27 13:54:46:816	EVENT:WINDOW_SLIDE   	base:60001   	next:60001   	cwnd:1579  	ssthresh:1100  	state:CongAvoid   	info:Base: 59901 -> 60001
2026-03-27 13:54:46:827	EVENT:SEND           	base:60001   	next:60101   	cwnd:1579  	ssthresh:1100  	state:CongAvoid   	info:DATA_seq: 60001
2026-03-27 13:54:46:828	EVENT:NEW_ACK        	base:60001   	next:60101   	cwnd:1579  	ssthresh:1100  	state:CongAvoid   	info:AckNum: 60001
2026-03-27 13:54:46:828	EVENT:WINDOW_SLIDE   	base:60101   	next:60101   	cwnd:1585  	ssthresh:1100  	state:CongAvoid   	info:Base: 60001 -> 60101
2026-03-27 13:54:46:840	EVENT:SEND           	base:60101   	next:60201   	cwnd:1585  	ssthresh:1100  	state:CongAvoid   	info:DATA_seq: 60101
2026-03-27 13:54:46:841	EVENT:NEW_ACK        	base:60101   	next:60201   	cwnd:1585  	ssthresh:1100  	state:CongAvoid   	info:AckNum: 60101
2026-03-27 13:54:46:841	EVENT:WINDOW_SLIDE   	base:60201   	next:60201   	cwnd:1591  	ssthresh:1100  	state:CongAvoid   	info:Base: 60101 -> 60201
2026-03-27 13:54:46:851	EVENT:SEND           	base:60201   	next:60301   	cwnd:1591  	ssthresh:1100  	state:CongAvoid   	info:DATA_seq: 60201
2026-03-27 13:54:46:852	EVENT:NEW_ACK        	base:60201   	next:60301   	cwnd:1591  	ssthresh:1100  	state:CongAvoid   	info:AckNum: 60201
2026-03-27 13:54:46:852	EVENT:WINDOW_SLIDE   	base:60301   	next:60301   	cwnd:1597  	ssthresh:1100  	state:CongAvoid   	info:Base: 60201 -> 60301
2026-03-27 13:54:46:863	EVENT:SEND           	base:60301   	next:60401   	cwnd:1597  	ssthresh:1100  	state:CongAvoid   	info:DATA_seq: 60301
2026-03-27 13:54:46:864	EVENT:NEW_ACK        	base:60301   	next:60401   	cwnd:1597  	ssthresh:1100  	state:CongAvoid   	info:AckNum: 60301
2026-03-27 13:54:46:864	EVENT:WINDOW_SLIDE   	base:60401   	next:60401   	cwnd:1603  	ssthresh:1100  	state:CongAvoid   	info:Base: 60301 -> 60401
2026-03-27 13:54:46:876	EVENT:SEND           	base:60401   	next:60501   	cwnd:1603  	ssthresh:1100  	state:CongAvoid   	info:DATA_seq: 60401
2026-03-27 13:54:46:876	EVENT:NEW_ACK        	base:60401   	next:60501   	cwnd:1603  	ssthresh:1100  	state:CongAvoid   	info:AckNum: 60401
2026-03-27 13:54:46:876	EVENT:WINDOW_SLIDE   	base:60501   	next:60501   	cwnd:1609  	ssthresh:1100  	state:CongAvoid   	info:Base: 60401 -> 60501
2026-03-27 13:54:46:888	EVENT:SEND           	base:60501   	next:60601   	cwnd:1609  	ssthresh:1100  	state:CongAvoid   	info:DATA_seq: 60501
2026-03-27 13:54:46:888	EVENT:NEW_ACK        	base:60501   	next:60601   	cwnd:1609  	ssthresh:1100  	state:CongAvoid   	info:AckNum: 60501
2026-03-27 13:54:46:889	EVENT:WINDOW_SLIDE   	base:60601   	next:60601   	cwnd:1615  	ssthresh:1100  	state:CongAvoid   	info:Base: 60501 -> 60601
2026-03-27 13:54:46:901	EVENT:SEND           	base:60601   	next:60701   	cwnd:1615  	ssthresh:1100  	state:CongAvoid   	info:DATA_seq: 60601
2026-03-27 13:54:46:901	EVENT:NEW_ACK        	base:60601   	next:60701   	cwnd:1615  	ssthresh:1100  	state:CongAvoid   	info:AckNum: 60601
2026-03-27 13:54:46:901	EVENT:WINDOW_SLIDE   	base:60701   	next:60701   	cwnd:1621  	ssthresh:1100  	state:CongAvoid   	info:Base: 60601 -> 60701
2026-03-27 13:54:46:911	EVENT:SEND           	base:60701   	next:60801   	cwnd:1621  	ssthresh:1100  	state:CongAvoid   	info:DATA_seq: 60701
2026-03-27 13:54:46:912	EVENT:NEW_ACK        	base:60701   	next:60801   	cwnd:1621  	ssthresh:1100  	state:CongAvoid   	info:AckNum: 60701
2026-03-27 13:54:46:912	EVENT:WINDOW_SLIDE   	base:60801   	next:60801   	cwnd:1627  	ssthresh:1100  	state:CongAvoid   	info:Base: 60701 -> 60801
2026-03-27 13:54:46:924	EVENT:SEND           	base:60801   	next:60901   	cwnd:1627  	ssthresh:1100  	state:CongAvoid   	info:DATA_seq: 60801
2026-03-27 13:54:46:925	EVENT:NEW_ACK        	base:60801   	next:60901   	cwnd:1627  	ssthresh:1100  	state:CongAvoid   	info:AckNum: 60801
2026-03-27 13:54:46:925	EVENT:WINDOW_SLIDE   	base:60901   	next:60901   	cwnd:1633  	ssthresh:1100  	state:CongAvoid   	info:Base: 60801 -> 60901
2026-03-27 13:54:46:937	EVENT:SEND           	base:60901   	next:61001   	cwnd:1633  	ssthresh:1100  	state:CongAvoid   	info:DATA_seq: 60901
2026-03-27 13:54:46:938	EVENT:NEW_ACK        	base:60901   	next:61001   	cwnd:1633  	ssthresh:1100  	state:CongAvoid   	info:AckNum: 60901
2026-03-27 13:54:46:938	EVENT:WINDOW_SLIDE   	base:61001   	next:61001   	cwnd:1639  	ssthresh:1100  	state:CongAvoid   	info:Base: 60901 -> 61001
2026-03-27 13:54:46:949	EVENT:SEND           	base:61001   	next:61101   	cwnd:1639  	ssthresh:1100  	state:CongAvoid   	info:DATA_seq: 61001
2026-03-27 13:54:46:950	EVENT:NEW_ACK        	base:61001   	next:61101   	cwnd:1639  	ssthresh:1100  	state:CongAvoid   	info:AckNum: 61001
2026-03-27 13:54:46:950	EVENT:WINDOW_SLIDE   	base:61101   	next:61101   	cwnd:1645  	ssthresh:1100  	state:CongAvoid   	info:Base: 61001 -> 61101
2026-03-27 13:54:46:962	EVENT:SEND           	base:61101   	next:61201   	cwnd:1645  	ssthresh:1100  	state:CongAvoid   	info:DATA_seq: 61101
2026-03-27 13:54:46:963	EVENT:NEW_ACK        	base:61101   	next:61201   	cwnd:1645  	ssthresh:1100  	state:CongAvoid   	info:AckNum: 61101
2026-03-27 13:54:46:963	EVENT:WINDOW_SLIDE   	base:61201   	next:61201   	cwnd:1651  	ssthresh:1100  	state:CongAvoid   	info:Base: 61101 -> 61201
2026-03-27 13:54:46:974	EVENT:SEND           	base:61201   	next:61301   	cwnd:1651  	ssthresh:1100  	state:CongAvoid   	info:DATA_seq: 61201
2026-03-27 13:54:46:975	EVENT:NEW_ACK        	base:61201   	next:61301   	cwnd:1651  	ssthresh:1100  	state:CongAvoid   	info:AckNum: 61201
2026-03-27 13:54:46:975	EVENT:WINDOW_SLIDE   	base:61301   	next:61301   	cwnd:1657  	ssthresh:1100  	state:CongAvoid   	info:Base: 61201 -> 61301
2026-03-27 13:54:46:986	EVENT:SEND           	base:61301   	next:61401   	cwnd:1657  	ssthresh:1100  	state:CongAvoid   	info:DATA_seq: 61301
2026-03-27 13:54:46:987	EVENT:NEW_ACK        	base:61301   	next:61401   	cwnd:1657  	ssthresh:1100  	state:CongAvoid   	info:AckNum: 61301
2026-03-27 13:54:46:987	EVENT:WINDOW_SLIDE   	base:61401   	next:61401   	cwnd:1663  	ssthresh:1100  	state:CongAvoid   	info:Base: 61301 -> 61401
2026-03-27 13:54:46:999	EVENT:SEND           	base:61401   	next:61501   	cwnd:1663  	ssthresh:1100  	state:CongAvoid   	info:DATA_seq: 61401
2026-03-27 13:54:47:000	EVENT:NEW_ACK        	base:61401   	next:61501   	cwnd:1663  	ssthresh:1100  	state:CongAvoid   	info:AckNum: 61401
2026-03-27 13:54:47:000	EVENT:WINDOW_SLIDE   	base:61501   	next:61501   	cwnd:1669  	ssthresh:1100  	state:CongAvoid   	info:Base: 61401 -> 61501
2026-03-27 13:54:47:012	EVENT:SEND           	base:61501   	next:61601   	cwnd:1669  	ssthresh:1100  	state:CongAvoid   	info:DATA_seq: 61501
2026-03-27 13:54:47:013	EVENT:NEW_ACK        	base:61501   	next:61601   	cwnd:1669  	ssthresh:1100  	state:CongAvoid   	info:AckNum: 61501
2026-03-27 13:54:47:013	EVENT:WINDOW_SLIDE   	base:61601   	next:61601   	cwnd:1674  	ssthresh:1100  	state:CongAvoid   	info:Base: 61501 -> 61601
2026-03-27 13:54:47:023	EVENT:SEND           	base:61601   	next:61701   	cwnd:1674  	ssthresh:1100  	state:CongAvoid   	info:DATA_seq: 61601
2026-03-27 13:54:47:024	EVENT:NEW_ACK        	base:61601   	next:61701   	cwnd:1674  	ssthresh:1100  	state:CongAvoid   	info:AckNum: 61601
2026-03-27 13:54:47:024	EVENT:WINDOW_SLIDE   	base:61701   	next:61701   	cwnd:1679  	ssthresh:1100  	state:CongAvoid   	info:Base: 61601 -> 61701
2026-03-27 13:54:47:035	EVENT:SEND           	base:61701   	next:61801   	cwnd:1679  	ssthresh:1100  	state:CongAvoid   	info:DATA_seq: 61701
2026-03-27 13:54:47:035	EVENT:NEW_ACK        	base:61701   	next:61801   	cwnd:1679  	ssthresh:1100  	state:CongAvoid   	info:AckNum: 61701
2026-03-27 13:54:47:035	EVENT:WINDOW_SLIDE   	base:61801   	next:61801   	cwnd:1684  	ssthresh:1100  	state:CongAvoid   	info:Base: 61701 -> 61801
2026-03-27 13:54:47:047	EVENT:SEND           	base:61801   	next:61901   	cwnd:1684  	ssthresh:1100  	state:CongAvoid   	info:DATA_seq: 61801
2026-03-27 13:54:47:048	EVENT:NEW_ACK        	base:61801   	next:61901   	cwnd:1684  	ssthresh:1100  	state:CongAvoid   	info:AckNum: 61801
2026-03-27 13:54:47:048	EVENT:WINDOW_SLIDE   	base:61901   	next:61901   	cwnd:1689  	ssthresh:1100  	state:CongAvoid   	info:Base: 61801 -> 61901
2026-03-27 13:54:47:060	EVENT:SEND           	base:61901   	next:62001   	cwnd:1689  	ssthresh:1100  	state:CongAvoid   	info:DATA_seq: 61901
2026-03-27 13:54:47:062	EVENT:NEW_ACK        	base:61901   	next:62001   	cwnd:1689  	ssthresh:1100  	state:CongAvoid   	info:AckNum: 61901
2026-03-27 13:54:47:062	EVENT:WINDOW_SLIDE   	base:62001   	next:62001   	cwnd:1694  	ssthresh:1100  	state:CongAvoid   	info:Base: 61901 -> 62001
2026-03-27 13:54:47:073	EVENT:SEND           	base:62001   	next:62101   	cwnd:1694  	ssthresh:1100  	state:CongAvoid   	info:DATA_seq: 62001
2026-03-27 13:54:47:073	EVENT:NEW_ACK        	base:62001   	next:62101   	cwnd:1694  	ssthresh:1100  	state:CongAvoid   	info:AckNum: 62001
2026-03-27 13:54:47:073	EVENT:WINDOW_SLIDE   	base:62101   	next:62101   	cwnd:1699  	ssthresh:1100  	state:CongAvoid   	info:Base: 62001 -> 62101
2026-03-27 13:54:47:085	EVENT:SEND           	base:62101   	next:62201   	cwnd:1699  	ssthresh:1100  	state:CongAvoid   	info:DATA_seq: 62101
2026-03-27 13:54:47:085	EVENT:NEW_ACK        	base:62101   	next:62201   	cwnd:1699  	ssthresh:1100  	state:CongAvoid   	info:AckNum: 62101
2026-03-27 13:54:47:085	EVENT:WINDOW_SLIDE   	base:62201   	next:62201   	cwnd:1704  	ssthresh:1100  	state:CongAvoid   	info:Base: 62101 -> 62201
2026-03-27 13:54:47:097	EVENT:SEND           	base:62201   	next:62301   	cwnd:1704  	ssthresh:1100  	state:CongAvoid   	info:DATA_seq: 62201
2026-03-27 13:54:47:097	EVENT:NEW_ACK        	base:62201   	next:62301   	cwnd:1704  	ssthresh:1100  	state:CongAvoid   	info:AckNum: 62201
2026-03-27 13:54:47:097	EVENT:WINDOW_SLIDE   	base:62301   	next:62301   	cwnd:1709  	ssthresh:1100  	state:CongAvoid   	info:Base: 62201 -> 62301
2026-03-27 13:54:47:110	EVENT:SEND           	base:62301   	next:62401   	cwnd:1709  	ssthresh:1100  	state:CongAvoid   	info:DATA_seq: 62301
2026-03-27 13:54:47:110	EVENT:NEW_ACK        	base:62301   	next:62401   	cwnd:1709  	ssthresh:1100  	state:CongAvoid   	info:AckNum: 62301
2026-03-27 13:54:47:110	EVENT:WINDOW_SLIDE   	base:62401   	next:62401   	cwnd:1714  	ssthresh:1100  	state:CongAvoid   	info:Base: 62301 -> 62401
2026-03-27 13:54:47:121	EVENT:SEND           	base:62401   	next:62501   	cwnd:1714  	ssthresh:1100  	state:CongAvoid   	info:DATA_seq: 62401
2026-03-27 13:54:47:121	EVENT:NEW_ACK        	base:62401   	next:62501   	cwnd:1714  	ssthresh:1100  	state:CongAvoid   	info:AckNum: 62401
2026-03-27 13:54:47:121	EVENT:WINDOW_SLIDE   	base:62501   	next:62501   	cwnd:1719  	ssthresh:1100  	state:CongAvoid   	info:Base: 62401 -> 62501
2026-03-27 13:54:47:134	EVENT:SEND           	base:62501   	next:62601   	cwnd:1719  	ssthresh:1100  	state:CongAvoid   	info:DATA_seq: 62501
2026-03-27 13:54:47:135	EVENT:NEW_ACK        	base:62501   	next:62601   	cwnd:1719  	ssthresh:1100  	state:CongAvoid   	info:AckNum: 62501
2026-03-27 13:54:47:135	EVENT:WINDOW_SLIDE   	base:62601   	next:62601   	cwnd:1724  	ssthresh:1100  	state:CongAvoid   	info:Base: 62501 -> 62601
2026-03-27 13:54:47:145	EVENT:SEND           	base:62601   	next:62701   	cwnd:1724  	ssthresh:1100  	state:CongAvoid   	info:DATA_seq: 62601
2026-03-27 13:54:47:146	EVENT:NEW_ACK        	base:62601   	next:62701   	cwnd:1724  	ssthresh:1100  	state:CongAvoid   	info:AckNum: 62601
2026-03-27 13:54:47:146	EVENT:WINDOW_SLIDE   	base:62701   	next:62701   	cwnd:1729  	ssthresh:1100  	state:CongAvoid   	info:Base: 62601 -> 62701
2026-03-27 13:54:47:158	EVENT:SEND           	base:62701   	next:62801   	cwnd:1729  	ssthresh:1100  	state:CongAvoid   	info:DATA_seq: 62701
2026-03-27 13:54:47:159	EVENT:NEW_ACK        	base:62701   	next:62801   	cwnd:1729  	ssthresh:1100  	state:CongAvoid   	info:AckNum: 62701
2026-03-27 13:54:47:159	EVENT:WINDOW_SLIDE   	base:62801   	next:62801   	cwnd:1734  	ssthresh:1100  	state:CongAvoid   	info:Base: 62701 -> 62801
2026-03-27 13:54:47:169	EVENT:SEND           	base:62801   	next:62901   	cwnd:1734  	ssthresh:1100  	state:CongAvoid   	info:DATA_seq: 62801
2026-03-27 13:54:47:170	EVENT:NEW_ACK        	base:62801   	next:62901   	cwnd:1734  	ssthresh:1100  	state:CongAvoid   	info:AckNum: 62801
2026-03-27 13:54:47:170	EVENT:WINDOW_SLIDE   	base:62901   	next:62901   	cwnd:1739  	ssthresh:1100  	state:CongAvoid   	info:Base: 62801 -> 62901
2026-03-27 13:54:47:182	EVENT:SEND           	base:62901   	next:63001   	cwnd:1739  	ssthresh:1100  	state:CongAvoid   	info:DATA_seq: 62901
2026-03-27 13:54:47:183	EVENT:NEW_ACK        	base:62901   	next:63001   	cwnd:1739  	ssthresh:1100  	state:CongAvoid   	info:AckNum: 62901
2026-03-27 13:54:47:183	EVENT:WINDOW_SLIDE   	base:63001   	next:63001   	cwnd:1744  	ssthresh:1100  	state:CongAvoid   	info:Base: 62901 -> 63001
2026-03-27 13:54:47:195	EVENT:SEND           	base:63001   	next:63101   	cwnd:1744  	ssthresh:1100  	state:CongAvoid   	info:DATA_seq: 63001
2026-03-27 13:54:47:196	EVENT:NEW_ACK        	base:63001   	next:63101   	cwnd:1744  	ssthresh:1100  	state:CongAvoid   	info:AckNum: 63001
2026-03-27 13:54:47:196	EVENT:WINDOW_SLIDE   	base:63101   	next:63101   	cwnd:1749  	ssthresh:1100  	state:CongAvoid   	info:Base: 63001 -> 63101
2026-03-27 13:54:47:208	EVENT:SEND           	base:63101   	next:63201   	cwnd:1749  	ssthresh:1100  	state:CongAvoid   	info:DATA_seq: 63101
2026-03-27 13:54:47:209	EVENT:NEW_ACK        	base:63101   	next:63201   	cwnd:1749  	ssthresh:1100  	state:CongAvoid   	info:AckNum: 63101
2026-03-27 13:54:47:209	EVENT:WINDOW_SLIDE   	base:63201   	next:63201   	cwnd:1754  	ssthresh:1100  	state:CongAvoid   	info:Base: 63101 -> 63201
2026-03-27 13:54:47:220	EVENT:SEND           	base:63201   	next:63301   	cwnd:1754  	ssthresh:1100  	state:CongAvoid   	info:DATA_seq: 63201
2026-03-27 13:54:47:220	EVENT:NEW_ACK        	base:63201   	next:63301   	cwnd:1754  	ssthresh:1100  	state:CongAvoid   	info:AckNum: 63201
2026-03-27 13:54:47:220	EVENT:WINDOW_SLIDE   	base:63301   	next:63301   	cwnd:1759  	ssthresh:1100  	state:CongAvoid   	info:Base: 63201 -> 63301
2026-03-27 13:54:47:233	EVENT:SEND           	base:63301   	next:63401   	cwnd:1759  	ssthresh:1100  	state:CongAvoid   	info:DATA_seq: 63301
2026-03-27 13:54:47:233	EVENT:NEW_ACK        	base:63301   	next:63401   	cwnd:1759  	ssthresh:1100  	state:CongAvoid   	info:AckNum: 63301
2026-03-27 13:54:47:233	EVENT:WINDOW_SLIDE   	base:63401   	next:63401   	cwnd:1764  	ssthresh:1100  	state:CongAvoid   	info:Base: 63301 -> 63401
2026-03-27 13:54:47:243	EVENT:SEND           	base:63401   	next:63501   	cwnd:1764  	ssthresh:1100  	state:CongAvoid   	info:DATA_seq: 63401
2026-03-27 13:54:47:244	EVENT:NEW_ACK        	base:63401   	next:63501   	cwnd:1764  	ssthresh:1100  	state:CongAvoid   	info:AckNum: 63401
2026-03-27 13:54:47:244	EVENT:WINDOW_SLIDE   	base:63501   	next:63501   	cwnd:1769  	ssthresh:1100  	state:CongAvoid   	info:Base: 63401 -> 63501
2026-03-27 13:54:47:255	EVENT:SEND           	base:63501   	next:63601   	cwnd:1769  	ssthresh:1100  	state:CongAvoid   	info:DATA_seq: 63501
2026-03-27 13:54:47:255	EVENT:NEW_ACK        	base:63501   	next:63601   	cwnd:1769  	ssthresh:1100  	state:CongAvoid   	info:AckNum: 63501
2026-03-27 13:54:47:255	EVENT:WINDOW_SLIDE   	base:63601   	next:63601   	cwnd:1774  	ssthresh:1100  	state:CongAvoid   	info:Base: 63501 -> 63601
2026-03-27 13:54:47:268	EVENT:SEND           	base:63601   	next:63701   	cwnd:1774  	ssthresh:1100  	state:CongAvoid   	info:DATA_seq: 63601
2026-03-27 13:54:47:269	EVENT:NEW_ACK        	base:63601   	next:63701   	cwnd:1774  	ssthresh:1100  	state:CongAvoid   	info:AckNum: 63601
2026-03-27 13:54:47:269	EVENT:WINDOW_SLIDE   	base:63701   	next:63701   	cwnd:1779  	ssthresh:1100  	state:CongAvoid   	info:Base: 63601 -> 63701
2026-03-27 13:54:47:281	EVENT:SEND           	base:63701   	next:63801   	cwnd:1779  	ssthresh:1100  	state:CongAvoid   	info:DATA_seq: 63701
2026-03-27 13:54:47:281	EVENT:NEW_ACK        	base:63701   	next:63801   	cwnd:1779  	ssthresh:1100  	state:CongAvoid   	info:AckNum: 63701
2026-03-27 13:54:47:281	EVENT:WINDOW_SLIDE   	base:63801   	next:63801   	cwnd:1784  	ssthresh:1100  	state:CongAvoid   	info:Base: 63701 -> 63801
2026-03-27 13:54:47:292	EVENT:SEND           	base:63801   	next:63901   	cwnd:1784  	ssthresh:1100  	state:CongAvoid   	info:DATA_seq: 63801
2026-03-27 13:54:47:293	EVENT:NEW_ACK        	base:63801   	next:63901   	cwnd:1784  	ssthresh:1100  	state:CongAvoid   	info:AckNum: 63801
2026-03-27 13:54:47:293	EVENT:WINDOW_SLIDE   	base:63901   	next:63901   	cwnd:1789  	ssthresh:1100  	state:CongAvoid   	info:Base: 63801 -> 63901
2026-03-27 13:54:47:304	EVENT:SEND           	base:63901   	next:64001   	cwnd:1789  	ssthresh:1100  	state:CongAvoid   	info:DATA_seq: 63901
2026-03-27 13:54:47:304	EVENT:NEW_ACK        	base:63901   	next:64001   	cwnd:1789  	ssthresh:1100  	state:CongAvoid   	info:AckNum: 63901
2026-03-27 13:54:47:304	EVENT:WINDOW_SLIDE   	base:64001   	next:64001   	cwnd:1794  	ssthresh:1100  	state:CongAvoid   	info:Base: 63901 -> 64001
2026-03-27 13:54:47:316	EVENT:SEND           	base:64001   	next:64101   	cwnd:1794  	ssthresh:1100  	state:CongAvoid   	info:DATA_seq: 64001
2026-03-27 13:54:47:317	EVENT:NEW_ACK        	base:64001   	next:64101   	cwnd:1794  	ssthresh:1100  	state:CongAvoid   	info:AckNum: 64001
2026-03-27 13:54:47:317	EVENT:WINDOW_SLIDE   	base:64101   	next:64101   	cwnd:1799  	ssthresh:1100  	state:CongAvoid   	info:Base: 64001 -> 64101
2026-03-27 13:54:47:329	EVENT:SEND           	base:64101   	next:64201   	cwnd:1799  	ssthresh:1100  	state:CongAvoid   	info:DATA_seq: 64101
2026-03-27 13:54:47:340	EVENT:SEND           	base:64101   	next:64301   	cwnd:1799  	ssthresh:1100  	state:CongAvoid   	info:DATA_seq: 64201
2026-03-27 13:54:47:340	EVENT:NEW_ACK        	base:64101   	next:64301   	cwnd:1799  	ssthresh:1100  	state:CongAvoid   	info:AckNum: 64201
2026-03-27 13:54:47:340	EVENT:WINDOW_SLIDE   	base:64301   	next:64301   	cwnd:1804  	ssthresh:1100  	state:CongAvoid   	info:Base: 64101 -> 64301
2026-03-27 13:54:47:352	EVENT:SEND           	base:64301   	next:64401   	cwnd:1804  	ssthresh:1100  	state:CongAvoid   	info:DATA_seq: 64301
2026-03-27 13:54:47:352	EVENT:NEW_ACK        	base:64301   	next:64401   	cwnd:1804  	ssthresh:1100  	state:CongAvoid   	info:AckNum: 64301
2026-03-27 13:54:47:352	EVENT:WINDOW_SLIDE   	base:64401   	next:64401   	cwnd:1809  	ssthresh:1100  	state:CongAvoid   	info:Base: 64301 -> 64401
2026-03-27 13:54:47:362	EVENT:SEND           	base:64401   	next:64501   	cwnd:1809  	ssthresh:1100  	state:CongAvoid   	info:DATA_seq: 64401
2026-03-27 13:54:47:362	EVENT:NEW_ACK        	base:64401   	next:64501   	cwnd:1809  	ssthresh:1100  	state:CongAvoid   	info:AckNum: 64401
2026-03-27 13:54:47:362	EVENT:WINDOW_SLIDE   	base:64501   	next:64501   	cwnd:1814  	ssthresh:1100  	state:CongAvoid   	info:Base: 64401 -> 64501
2026-03-27 13:54:47:372	EVENT:SEND           	base:64501   	next:64601   	cwnd:1814  	ssthresh:1100  	state:CongAvoid   	info:DATA_seq: 64501
2026-03-27 13:54:47:373	EVENT:NEW_ACK        	base:64501   	next:64601   	cwnd:1814  	ssthresh:1100  	state:CongAvoid   	info:AckNum: 64501
2026-03-27 13:54:47:373	EVENT:WINDOW_SLIDE   	base:64601   	next:64601   	cwnd:1819  	ssthresh:1100  	state:CongAvoid   	info:Base: 64501 -> 64601
2026-03-27 13:54:47:384	EVENT:SEND           	base:64601   	next:64701   	cwnd:1819  	ssthresh:1100  	state:CongAvoid   	info:DATA_seq: 64601
2026-03-27 13:54:47:384	EVENT:NEW_ACK        	base:64601   	next:64701   	cwnd:1819  	ssthresh:1100  	state:CongAvoid   	info:AckNum: 64601
2026-03-27 13:54:47:384	EVENT:WINDOW_SLIDE   	base:64701   	next:64701   	cwnd:1824  	ssthresh:1100  	state:CongAvoid   	info:Base: 64601 -> 64701
2026-03-27 13:54:47:397	EVENT:SEND           	base:64701   	next:64801   	cwnd:1824  	ssthresh:1100  	state:CongAvoid   	info:DATA_seq: 64701
2026-03-27 13:54:47:397	EVENT:NEW_ACK        	base:64701   	next:64801   	cwnd:1824  	ssthresh:1100  	state:CongAvoid   	info:AckNum: 64701
2026-03-27 13:54:47:397	EVENT:WINDOW_SLIDE   	base:64801   	next:64801   	cwnd:1829  	ssthresh:1100  	state:CongAvoid   	info:Base: 64701 -> 64801
2026-03-27 13:54:47:410	EVENT:SEND           	base:64801   	next:64901   	cwnd:1829  	ssthresh:1100  	state:CongAvoid   	info:DATA_seq: 64801
2026-03-27 13:54:47:410	EVENT:NEW_ACK        	base:64801   	next:64901   	cwnd:1829  	ssthresh:1100  	state:CongAvoid   	info:AckNum: 64801
2026-03-27 13:54:47:410	EVENT:WINDOW_SLIDE   	base:64901   	next:64901   	cwnd:1834  	ssthresh:1100  	state:CongAvoid   	info:Base: 64801 -> 64901
2026-03-27 13:54:47:423	EVENT:SEND           	base:64901   	next:65001   	cwnd:1834  	ssthresh:1100  	state:CongAvoid   	info:DATA_seq: 64901
2026-03-27 13:54:47:423	EVENT:NEW_ACK        	base:64901   	next:65001   	cwnd:1834  	ssthresh:1100  	state:CongAvoid   	info:AckNum: 64901
2026-03-27 13:54:47:423	EVENT:WINDOW_SLIDE   	base:65001   	next:65001   	cwnd:1839  	ssthresh:1100  	state:CongAvoid   	info:Base: 64901 -> 65001
2026-03-27 13:54:47:434	EVENT:SEND           	base:65001   	next:65101   	cwnd:1839  	ssthresh:1100  	state:CongAvoid   	info:DATA_seq: 65001
2026-03-27 13:54:47:434	EVENT:NEW_ACK        	base:65001   	next:65101   	cwnd:1839  	ssthresh:1100  	state:CongAvoid   	info:AckNum: 65001
2026-03-27 13:54:47:434	EVENT:WINDOW_SLIDE   	base:65101   	next:65101   	cwnd:1844  	ssthresh:1100  	state:CongAvoid   	info:Base: 65001 -> 65101
2026-03-27 13:54:47:447	EVENT:SEND           	base:65101   	next:65201   	cwnd:1844  	ssthresh:1100  	state:CongAvoid   	info:DATA_seq: 65101
2026-03-27 13:54:47:447	EVENT:NEW_ACK        	base:65101   	next:65201   	cwnd:1844  	ssthresh:1100  	state:CongAvoid   	info:AckNum: 65101
2026-03-27 13:54:47:447	EVENT:WINDOW_SLIDE   	base:65201   	next:65201   	cwnd:1849  	ssthresh:1100  	state:CongAvoid   	info:Base: 65101 -> 65201
2026-03-27 13:54:47:459	EVENT:SEND           	base:65201   	next:65301   	cwnd:1849  	ssthresh:1100  	state:CongAvoid   	info:DATA_seq: 65201
2026-03-27 13:54:47:459	EVENT:NEW_ACK        	base:65201   	next:65301   	cwnd:1849  	ssthresh:1100  	state:CongAvoid   	info:AckNum: 65201
2026-03-27 13:54:47:459	EVENT:WINDOW_SLIDE   	base:65301   	next:65301   	cwnd:1854  	ssthresh:1100  	state:CongAvoid   	info:Base: 65201 -> 65301
2026-03-27 13:54:47:469	EVENT:SEND           	base:65301   	next:65401   	cwnd:1854  	ssthresh:1100  	state:CongAvoid   	info:DATA_seq: 65301
2026-03-27 13:54:47:470	EVENT:NEW_ACK        	base:65301   	next:65401   	cwnd:1854  	ssthresh:1100  	state:CongAvoid   	info:AckNum: 65301
2026-03-27 13:54:47:470	EVENT:WINDOW_SLIDE   	base:65401   	next:65401   	cwnd:1859  	ssthresh:1100  	state:CongAvoid   	info:Base: 65301 -> 65401
2026-03-27 13:54:47:482	EVENT:SEND           	base:65401   	next:65501   	cwnd:1859  	ssthresh:1100  	state:CongAvoid   	info:DATA_seq: 65401
2026-03-27 13:54:47:482	EVENT:NEW_ACK        	base:65401   	next:65501   	cwnd:1859  	ssthresh:1100  	state:CongAvoid   	info:AckNum: 65401
2026-03-27 13:54:47:483	EVENT:WINDOW_SLIDE   	base:65501   	next:65501   	cwnd:1864  	ssthresh:1100  	state:CongAvoid   	info:Base: 65401 -> 65501
2026-03-27 13:54:47:493	EVENT:SEND           	base:65501   	next:65601   	cwnd:1864  	ssthresh:1100  	state:CongAvoid   	info:DATA_seq: 65501
2026-03-27 13:54:47:494	EVENT:NEW_ACK        	base:65501   	next:65601   	cwnd:1864  	ssthresh:1100  	state:CongAvoid   	info:AckNum: 65501
2026-03-27 13:54:47:494	EVENT:WINDOW_SLIDE   	base:65601   	next:65601   	cwnd:1869  	ssthresh:1100  	state:CongAvoid   	info:Base: 65501 -> 65601
2026-03-27 13:54:47:504	EVENT:SEND           	base:65601   	next:65701   	cwnd:1869  	ssthresh:1100  	state:CongAvoid   	info:DATA_seq: 65601
2026-03-27 13:54:47:505	EVENT:NEW_ACK        	base:65601   	next:65701   	cwnd:1869  	ssthresh:1100  	state:CongAvoid   	info:AckNum: 65601
2026-03-27 13:54:47:505	EVENT:WINDOW_SLIDE   	base:65701   	next:65701   	cwnd:1874  	ssthresh:1100  	state:CongAvoid   	info:Base: 65601 -> 65701
2026-03-27 13:54:47:516	EVENT:SEND           	base:65701   	next:65801   	cwnd:1874  	ssthresh:1100  	state:CongAvoid   	info:DATA_seq: 65701
2026-03-27 13:54:47:517	EVENT:NEW_ACK        	base:65701   	next:65801   	cwnd:1874  	ssthresh:1100  	state:CongAvoid   	info:AckNum: 65701
2026-03-27 13:54:47:517	EVENT:WINDOW_SLIDE   	base:65801   	next:65801   	cwnd:1879  	ssthresh:1100  	state:CongAvoid   	info:Base: 65701 -> 65801
2026-03-27 13:54:47:528	EVENT:SEND           	base:65801   	next:65901   	cwnd:1879  	ssthresh:1100  	state:CongAvoid   	info:DATA_seq: 65801
2026-03-27 13:54:47:529	EVENT:NEW_ACK        	base:65801   	next:65901   	cwnd:1879  	ssthresh:1100  	state:CongAvoid   	info:AckNum: 65801
2026-03-27 13:54:47:529	EVENT:WINDOW_SLIDE   	base:65901   	next:65901   	cwnd:1884  	ssthresh:1100  	state:CongAvoid   	info:Base: 65801 -> 65901
2026-03-27 13:54:47:540	EVENT:SEND           	base:65901   	next:66001   	cwnd:1884  	ssthresh:1100  	state:CongAvoid   	info:DATA_seq: 65901
2026-03-27 13:54:47:541	EVENT:NEW_ACK        	base:65901   	next:66001   	cwnd:1884  	ssthresh:1100  	state:CongAvoid   	info:AckNum: 65901
2026-03-27 13:54:47:541	EVENT:WINDOW_SLIDE   	base:66001   	next:66001   	cwnd:1889  	ssthresh:1100  	state:CongAvoid   	info:Base: 65901 -> 66001
2026-03-27 13:54:47:553	EVENT:SEND           	base:66001   	next:66101   	cwnd:1889  	ssthresh:1100  	state:CongAvoid   	info:DATA_seq: 66001
2026-03-27 13:54:47:553	EVENT:NEW_ACK        	base:66001   	next:66101   	cwnd:1889  	ssthresh:1100  	state:CongAvoid   	info:AckNum: 66001
2026-03-27 13:54:47:553	EVENT:WINDOW_SLIDE   	base:66101   	next:66101   	cwnd:1894  	ssthresh:1100  	state:CongAvoid   	info:Base: 66001 -> 66101
2026-03-27 13:54:47:566	EVENT:SEND           	base:66101   	next:66201   	cwnd:1894  	ssthresh:1100  	state:CongAvoid   	info:DATA_seq: 66101
2026-03-27 13:54:47:566	EVENT:NEW_ACK        	base:66101   	next:66201   	cwnd:1894  	ssthresh:1100  	state:CongAvoid   	info:AckNum: 66101
2026-03-27 13:54:47:566	EVENT:WINDOW_SLIDE   	base:66201   	next:66201   	cwnd:1899  	ssthresh:1100  	state:CongAvoid   	info:Base: 66101 -> 66201
2026-03-27 13:54:47:576	EVENT:SEND           	base:66201   	next:66301   	cwnd:1899  	ssthresh:1100  	state:CongAvoid   	info:DATA_seq: 66201
2026-03-27 13:54:47:589	EVENT:SEND           	base:66201   	next:66401   	cwnd:1899  	ssthresh:1100  	state:CongAvoid   	info:DATA_seq: 66301
2026-03-27 13:54:47:590	EVENT:NEW_ACK        	base:66201   	next:66401   	cwnd:1899  	ssthresh:1100  	state:CongAvoid   	info:AckNum: 66301
2026-03-27 13:54:47:590	EVENT:WINDOW_SLIDE   	base:66401   	next:66401   	cwnd:1904  	ssthresh:1100  	state:CongAvoid   	info:Base: 66201 -> 66401
2026-03-27 13:54:47:602	EVENT:SEND           	base:66401   	next:66501   	cwnd:1904  	ssthresh:1100  	state:CongAvoid   	info:DATA_seq: 66401
2026-03-27 13:54:47:603	EVENT:NEW_ACK        	base:66401   	next:66501   	cwnd:1904  	ssthresh:1100  	state:CongAvoid   	info:AckNum: 66401
2026-03-27 13:54:47:603	EVENT:WINDOW_SLIDE   	base:66501   	next:66501   	cwnd:1909  	ssthresh:1100  	state:CongAvoid   	info:Base: 66401 -> 66501
2026-03-27 13:54:47:614	EVENT:SEND           	base:66501   	next:66601   	cwnd:1909  	ssthresh:1100  	state:CongAvoid   	info:DATA_seq: 66501
2026-03-27 13:54:47:614	EVENT:NEW_ACK        	base:66501   	next:66601   	cwnd:1909  	ssthresh:1100  	state:CongAvoid   	info:AckNum: 66501
2026-03-27 13:54:47:614	EVENT:WINDOW_SLIDE   	base:66601   	next:66601   	cwnd:1914  	ssthresh:1100  	state:CongAvoid   	info:Base: 66501 -> 66601
2026-03-27 13:54:47:624	EVENT:SEND           	base:66601   	next:66701   	cwnd:1914  	ssthresh:1100  	state:CongAvoid   	info:DATA_seq: 66601
2026-03-27 13:54:47:625	EVENT:NEW_ACK        	base:66601   	next:66701   	cwnd:1914  	ssthresh:1100  	state:CongAvoid   	info:AckNum: 66601
2026-03-27 13:54:47:625	EVENT:WINDOW_SLIDE   	base:66701   	next:66701   	cwnd:1919  	ssthresh:1100  	state:CongAvoid   	info:Base: 66601 -> 66701
2026-03-27 13:54:47:635	EVENT:SEND           	base:66701   	next:66801   	cwnd:1919  	ssthresh:1100  	state:CongAvoid   	info:DATA_seq: 66701
2026-03-27 13:54:47:635	EVENT:NEW_ACK        	base:66701   	next:66801   	cwnd:1919  	ssthresh:1100  	state:CongAvoid   	info:AckNum: 66701
2026-03-27 13:54:47:635	EVENT:WINDOW_SLIDE   	base:66801   	next:66801   	cwnd:1924  	ssthresh:1100  	state:CongAvoid   	info:Base: 66701 -> 66801
2026-03-27 13:54:47:648	EVENT:SEND           	base:66801   	next:66901   	cwnd:1924  	ssthresh:1100  	state:CongAvoid   	info:DATA_seq: 66801
2026-03-27 13:54:47:648	EVENT:NEW_ACK        	base:66801   	next:66901   	cwnd:1924  	ssthresh:1100  	state:CongAvoid   	info:AckNum: 66801
2026-03-27 13:54:47:648	EVENT:WINDOW_SLIDE   	base:66901   	next:66901   	cwnd:1929  	ssthresh:1100  	state:CongAvoid   	info:Base: 66801 -> 66901
2026-03-27 13:54:47:658	EVENT:SEND           	base:66901   	next:67001   	cwnd:1929  	ssthresh:1100  	state:CongAvoid   	info:DATA_seq: 66901
2026-03-27 13:54:47:659	EVENT:NEW_ACK        	base:66901   	next:67001   	cwnd:1929  	ssthresh:1100  	state:CongAvoid   	info:AckNum: 66901
2026-03-27 13:54:47:659	EVENT:WINDOW_SLIDE   	base:67001   	next:67001   	cwnd:1934  	ssthresh:1100  	state:CongAvoid   	info:Base: 66901 -> 67001
2026-03-27 13:54:47:670	EVENT:SEND           	base:67001   	next:67101   	cwnd:1934  	ssthresh:1100  	state:CongAvoid   	info:DATA_seq: 67001
2026-03-27 13:54:47:671	EVENT:NEW_ACK        	base:67001   	next:67101   	cwnd:1934  	ssthresh:1100  	state:CongAvoid   	info:AckNum: 67001
2026-03-27 13:54:47:671	EVENT:WINDOW_SLIDE   	base:67101   	next:67101   	cwnd:1939  	ssthresh:1100  	state:CongAvoid   	info:Base: 67001 -> 67101
2026-03-27 13:54:47:683	EVENT:SEND           	base:67101   	next:67201   	cwnd:1939  	ssthresh:1100  	state:CongAvoid   	info:DATA_seq: 67101
2026-03-27 13:54:47:683	EVENT:NEW_ACK        	base:67101   	next:67201   	cwnd:1939  	ssthresh:1100  	state:CongAvoid   	info:AckNum: 67101
2026-03-27 13:54:47:683	EVENT:WINDOW_SLIDE   	base:67201   	next:67201   	cwnd:1944  	ssthresh:1100  	state:CongAvoid   	info:Base: 67101 -> 67201
2026-03-27 13:54:47:694	EVENT:SEND           	base:67201   	next:67301   	cwnd:1944  	ssthresh:1100  	state:CongAvoid   	info:DATA_seq: 67201
2026-03-27 13:54:47:694	EVENT:NEW_ACK        	base:67201   	next:67301   	cwnd:1944  	ssthresh:1100  	state:CongAvoid   	info:AckNum: 67201
2026-03-27 13:54:47:694	EVENT:WINDOW_SLIDE   	base:67301   	next:67301   	cwnd:1949  	ssthresh:1100  	state:CongAvoid   	info:Base: 67201 -> 67301
2026-03-27 13:54:47:707	EVENT:SEND           	base:67301   	next:67401   	cwnd:1949  	ssthresh:1100  	state:CongAvoid   	info:DATA_seq: 67301
2026-03-27 13:54:47:707	EVENT:NEW_ACK        	base:67301   	next:67401   	cwnd:1949  	ssthresh:1100  	state:CongAvoid   	info:AckNum: 67301
2026-03-27 13:54:47:707	EVENT:WINDOW_SLIDE   	base:67401   	next:67401   	cwnd:1954  	ssthresh:1100  	state:CongAvoid   	info:Base: 67301 -> 67401
2026-03-27 13:54:47:719	EVENT:SEND           	base:67401   	next:67501   	cwnd:1954  	ssthresh:1100  	state:CongAvoid   	info:DATA_seq: 67401
2026-03-27 13:54:47:720	EVENT:NEW_ACK        	base:67401   	next:67501   	cwnd:1954  	ssthresh:1100  	state:CongAvoid   	info:AckNum: 67401
2026-03-27 13:54:47:720	EVENT:WINDOW_SLIDE   	base:67501   	next:67501   	cwnd:1959  	ssthresh:1100  	state:CongAvoid   	info:Base: 67401 -> 67501
2026-03-27 13:54:47:732	EVENT:SEND           	base:67501   	next:67601   	cwnd:1959  	ssthresh:1100  	state:CongAvoid   	info:DATA_seq: 67501
2026-03-27 13:54:47:732	EVENT:NEW_ACK        	base:67501   	next:67601   	cwnd:1959  	ssthresh:1100  	state:CongAvoid   	info:AckNum: 67501
2026-03-27 13:54:47:732	EVENT:WINDOW_SLIDE   	base:67601   	next:67601   	cwnd:1964  	ssthresh:1100  	state:CongAvoid   	info:Base: 67501 -> 67601
2026-03-27 13:54:47:744	EVENT:SEND           	base:67601   	next:67701   	cwnd:1964  	ssthresh:1100  	state:CongAvoid   	info:DATA_seq: 67601
2026-03-27 13:54:47:744	EVENT:NEW_ACK        	base:67601   	next:67701   	cwnd:1964  	ssthresh:1100  	state:CongAvoid   	info:AckNum: 67601
2026-03-27 13:54:47:744	EVENT:WINDOW_SLIDE   	base:67701   	next:67701   	cwnd:1969  	ssthresh:1100  	state:CongAvoid   	info:Base: 67601 -> 67701
2026-03-27 13:54:47:757	EVENT:SEND           	base:67701   	next:67801   	cwnd:1969  	ssthresh:1100  	state:CongAvoid   	info:DATA_seq: 67701
2026-03-27 13:54:47:757	EVENT:NEW_ACK        	base:67701   	next:67801   	cwnd:1969  	ssthresh:1100  	state:CongAvoid   	info:AckNum: 67701
2026-03-27 13:54:47:758	EVENT:WINDOW_SLIDE   	base:67801   	next:67801   	cwnd:1974  	ssthresh:1100  	state:CongAvoid   	info:Base: 67701 -> 67801
2026-03-27 13:54:47:770	EVENT:SEND           	base:67801   	next:67901   	cwnd:1974  	ssthresh:1100  	state:CongAvoid   	info:DATA_seq: 67801
2026-03-27 13:54:47:770	EVENT:NEW_ACK        	base:67801   	next:67901   	cwnd:1974  	ssthresh:1100  	state:CongAvoid   	info:AckNum: 67801
2026-03-27 13:54:47:770	EVENT:WINDOW_SLIDE   	base:67901   	next:67901   	cwnd:1979  	ssthresh:1100  	state:CongAvoid   	info:Base: 67801 -> 67901
2026-03-27 13:54:47:783	EVENT:SEND           	base:67901   	next:68001   	cwnd:1979  	ssthresh:1100  	state:CongAvoid   	info:DATA_seq: 67901
2026-03-27 13:54:47:785	EVENT:NEW_ACK        	base:67901   	next:68001   	cwnd:1979  	ssthresh:1100  	state:CongAvoid   	info:AckNum: 67901
2026-03-27 13:54:47:785	EVENT:WINDOW_SLIDE   	base:68001   	next:68001   	cwnd:1984  	ssthresh:1100  	state:CongAvoid   	info:Base: 67901 -> 68001
2026-03-27 13:54:47:795	EVENT:SEND           	base:68001   	next:68101   	cwnd:1984  	ssthresh:1100  	state:CongAvoid   	info:DATA_seq: 68001
2026-03-27 13:54:47:797	EVENT:NEW_ACK        	base:68001   	next:68101   	cwnd:1984  	ssthresh:1100  	state:CongAvoid   	info:AckNum: 68001
2026-03-27 13:54:47:797	EVENT:WINDOW_SLIDE   	base:68101   	next:68101   	cwnd:1989  	ssthresh:1100  	state:CongAvoid   	info:Base: 68001 -> 68101
2026-03-27 13:54:47:808	EVENT:SEND           	base:68101   	next:68201   	cwnd:1989  	ssthresh:1100  	state:CongAvoid   	info:DATA_seq: 68101
2026-03-27 13:54:47:809	EVENT:NEW_ACK        	base:68101   	next:68201   	cwnd:1989  	ssthresh:1100  	state:CongAvoid   	info:AckNum: 68101
2026-03-27 13:54:47:809	EVENT:WINDOW_SLIDE   	base:68201   	next:68201   	cwnd:1994  	ssthresh:1100  	state:CongAvoid   	info:Base: 68101 -> 68201
2026-03-27 13:54:47:819	EVENT:SEND           	base:68201   	next:68301   	cwnd:1994  	ssthresh:1100  	state:CongAvoid   	info:DATA_seq: 68201
2026-03-27 13:54:47:820	EVENT:NEW_ACK        	base:68201   	next:68301   	cwnd:1994  	ssthresh:1100  	state:CongAvoid   	info:AckNum: 68201
2026-03-27 13:54:47:820	EVENT:WINDOW_SLIDE   	base:68301   	next:68301   	cwnd:1999  	ssthresh:1100  	state:CongAvoid   	info:Base: 68201 -> 68301
2026-03-27 13:54:47:832	EVENT:SEND           	base:68301   	next:68401   	cwnd:1999  	ssthresh:1100  	state:CongAvoid   	info:DATA_seq: 68301
2026-03-27 13:54:47:833	EVENT:NEW_ACK        	base:68301   	next:68401   	cwnd:1999  	ssthresh:1100  	state:CongAvoid   	info:AckNum: 68301
2026-03-27 13:54:47:833	EVENT:WINDOW_SLIDE   	base:68401   	next:68401   	cwnd:2004  	ssthresh:1100  	state:CongAvoid   	info:Base: 68301 -> 68401
2026-03-27 13:54:47:843	EVENT:SEND           	base:68401   	next:68501   	cwnd:2004  	ssthresh:1100  	state:CongAvoid   	info:DATA_seq: 68401
2026-03-27 13:54:47:844	EVENT:NEW_ACK        	base:68401   	next:68501   	cwnd:2004  	ssthresh:1100  	state:CongAvoid   	info:AckNum: 68401
2026-03-27 13:54:47:844	EVENT:WINDOW_SLIDE   	base:68501   	next:68501   	cwnd:2008  	ssthresh:1100  	state:CongAvoid   	info:Base: 68401 -> 68501
2026-03-27 13:54:47:855	EVENT:SEND           	base:68501   	next:68601   	cwnd:2008  	ssthresh:1100  	state:CongAvoid   	info:DATA_seq: 68501
2026-03-27 13:54:47:855	EVENT:NEW_ACK        	base:68501   	next:68601   	cwnd:2008  	ssthresh:1100  	state:CongAvoid   	info:AckNum: 68501
2026-03-27 13:54:47:855	EVENT:WINDOW_SLIDE   	base:68601   	next:68601   	cwnd:2012  	ssthresh:1100  	state:CongAvoid   	info:Base: 68501 -> 68601
2026-03-27 13:54:47:865	EVENT:SEND           	base:68601   	next:68701   	cwnd:2012  	ssthresh:1100  	state:CongAvoid   	info:DATA_seq: 68601
2026-03-27 13:54:47:866	EVENT:NEW_ACK        	base:68601   	next:68701   	cwnd:2012  	ssthresh:1100  	state:CongAvoid   	info:AckNum: 68601
2026-03-27 13:54:47:866	EVENT:WINDOW_SLIDE   	base:68701   	next:68701   	cwnd:2016  	ssthresh:1100  	state:CongAvoid   	info:Base: 68601 -> 68701
2026-03-27 13:54:47:878	EVENT:SEND           	base:68701   	next:68801   	cwnd:2016  	ssthresh:1100  	state:CongAvoid   	info:DATA_seq: 68701
2026-03-27 13:54:47:879	EVENT:NEW_ACK        	base:68701   	next:68801   	cwnd:2016  	ssthresh:1100  	state:CongAvoid   	info:AckNum: 68701
2026-03-27 13:54:47:879	EVENT:WINDOW_SLIDE   	base:68801   	next:68801   	cwnd:2020  	ssthresh:1100  	state:CongAvoid   	info:Base: 68701 -> 68801
2026-03-27 13:54:47:891	EVENT:SEND           	base:68801   	next:68901   	cwnd:2020  	ssthresh:1100  	state:CongAvoid   	info:DATA_seq: 68801
2026-03-27 13:54:47:892	EVENT:NEW_ACK        	base:68801   	next:68901   	cwnd:2020  	ssthresh:1100  	state:CongAvoid   	info:AckNum: 68801
2026-03-27 13:54:47:892	EVENT:WINDOW_SLIDE   	base:68901   	next:68901   	cwnd:2024  	ssthresh:1100  	state:CongAvoid   	info:Base: 68801 -> 68901
2026-03-27 13:54:47:904	EVENT:SEND           	base:68901   	next:69001   	cwnd:2024  	ssthresh:1100  	state:CongAvoid   	info:DATA_seq: 68901
2026-03-27 13:54:47:904	EVENT:NEW_ACK        	base:68901   	next:69001   	cwnd:2024  	ssthresh:1100  	state:CongAvoid   	info:AckNum: 68901
2026-03-27 13:54:47:904	EVENT:WINDOW_SLIDE   	base:69001   	next:69001   	cwnd:2028  	ssthresh:1100  	state:CongAvoid   	info:Base: 68901 -> 69001
2026-03-27 13:54:47:917	EVENT:SEND           	base:69001   	next:69101   	cwnd:2028  	ssthresh:1100  	state:CongAvoid   	info:DATA_seq: 69001
2026-03-27 13:54:47:917	EVENT:NEW_ACK        	base:69001   	next:69101   	cwnd:2028  	ssthresh:1100  	state:CongAvoid   	info:AckNum: 69001
2026-03-27 13:54:47:917	EVENT:WINDOW_SLIDE   	base:69101   	next:69101   	cwnd:2032  	ssthresh:1100  	state:CongAvoid   	info:Base: 69001 -> 69101
2026-03-27 13:54:47:930	EVENT:SEND           	base:69101   	next:69201   	cwnd:2032  	ssthresh:1100  	state:CongAvoid   	info:DATA_seq: 69101
2026-03-27 13:54:47:930	EVENT:NEW_ACK        	base:69101   	next:69201   	cwnd:2032  	ssthresh:1100  	state:CongAvoid   	info:AckNum: 69101
2026-03-27 13:54:47:930	EVENT:WINDOW_SLIDE   	base:69201   	next:69201   	cwnd:2036  	ssthresh:1100  	state:CongAvoid   	info:Base: 69101 -> 69201
2026-03-27 13:54:47:942	EVENT:SEND           	base:69201   	next:69301   	cwnd:2036  	ssthresh:1100  	state:CongAvoid   	info:DATA_seq: 69201
2026-03-27 13:54:47:943	EVENT:NEW_ACK        	base:69201   	next:69301   	cwnd:2036  	ssthresh:1100  	state:CongAvoid   	info:AckNum: 69201
2026-03-27 13:54:47:943	EVENT:WINDOW_SLIDE   	base:69301   	next:69301   	cwnd:2040  	ssthresh:1100  	state:CongAvoid   	info:Base: 69201 -> 69301
2026-03-27 13:54:47:953	EVENT:SEND           	base:69301   	next:69401   	cwnd:2040  	ssthresh:1100  	state:CongAvoid   	info:DATA_seq: 69301
2026-03-27 13:54:47:953	EVENT:NEW_ACK        	base:69301   	next:69401   	cwnd:2040  	ssthresh:1100  	state:CongAvoid   	info:AckNum: 69301
2026-03-27 13:54:47:953	EVENT:WINDOW_SLIDE   	base:69401   	next:69401   	cwnd:2044  	ssthresh:1100  	state:CongAvoid   	info:Base: 69301 -> 69401
2026-03-27 13:54:47:966	EVENT:SEND           	base:69401   	next:69501   	cwnd:2044  	ssthresh:1100  	state:CongAvoid   	info:DATA_seq: 69401
2026-03-27 13:54:47:978	EVENT:SEND           	base:69401   	next:69601   	cwnd:2044  	ssthresh:1100  	state:CongAvoid   	info:DATA_seq: 69501
2026-03-27 13:54:47:978	EVENT:NEW_ACK        	base:69401   	next:69601   	cwnd:2044  	ssthresh:1100  	state:CongAvoid   	info:AckNum: 69501
2026-03-27 13:54:47:978	EVENT:WINDOW_SLIDE   	base:69601   	next:69601   	cwnd:2048  	ssthresh:1100  	state:CongAvoid   	info:Base: 69401 -> 69601
2026-03-27 13:54:47:991	EVENT:SEND           	base:69601   	next:69701   	cwnd:2048  	ssthresh:1100  	state:CongAvoid   	info:DATA_seq: 69601
2026-03-27 13:54:47:991	EVENT:NEW_ACK        	base:69601   	next:69701   	cwnd:2048  	ssthresh:1100  	state:CongAvoid   	info:AckNum: 69601
2026-03-27 13:54:47:991	EVENT:WINDOW_SLIDE   	base:69701   	next:69701   	cwnd:2052  	ssthresh:1100  	state:CongAvoid   	info:Base: 69601 -> 69701
2026-03-27 13:54:48:001	EVENT:SEND           	base:69701   	next:69801   	cwnd:2052  	ssthresh:1100  	state:CongAvoid   	info:DATA_seq: 69701
2026-03-27 13:54:48:002	EVENT:NEW_ACK        	base:69701   	next:69801   	cwnd:2052  	ssthresh:1100  	state:CongAvoid   	info:AckNum: 69701
2026-03-27 13:54:48:002	EVENT:WINDOW_SLIDE   	base:69801   	next:69801   	cwnd:2056  	ssthresh:1100  	state:CongAvoid   	info:Base: 69701 -> 69801
2026-03-27 13:54:48:012	EVENT:SEND           	base:69801   	next:69901   	cwnd:2056  	ssthresh:1100  	state:CongAvoid   	info:DATA_seq: 69801
2026-03-27 13:54:48:013	EVENT:NEW_ACK        	base:69801   	next:69901   	cwnd:2056  	ssthresh:1100  	state:CongAvoid   	info:AckNum: 69801
2026-03-27 13:54:48:013	EVENT:WINDOW_SLIDE   	base:69901   	next:69901   	cwnd:2060  	ssthresh:1100  	state:CongAvoid   	info:Base: 69801 -> 69901
2026-03-27 13:54:48:023	EVENT:SEND           	base:69901   	next:70001   	cwnd:2060  	ssthresh:1100  	state:CongAvoid   	info:DATA_seq: 69901
2026-03-27 13:54:48:024	EVENT:NEW_ACK        	base:69901   	next:70001   	cwnd:2060  	ssthresh:1100  	state:CongAvoid   	info:AckNum: 69901
2026-03-27 13:54:48:024	EVENT:WINDOW_SLIDE   	base:70001   	next:70001   	cwnd:2064  	ssthresh:1100  	state:CongAvoid   	info:Base: 69901 -> 70001
2026-03-27 13:54:48:033	EVENT:SEND           	base:70001   	next:70101   	cwnd:2064  	ssthresh:1100  	state:CongAvoid   	info:DATA_seq: 70001
2026-03-27 13:54:48:034	EVENT:NEW_ACK        	base:70001   	next:70101   	cwnd:2064  	ssthresh:1100  	state:CongAvoid   	info:AckNum: 70001
2026-03-27 13:54:48:034	EVENT:WINDOW_SLIDE   	base:70101   	next:70101   	cwnd:2068  	ssthresh:1100  	state:CongAvoid   	info:Base: 70001 -> 70101
2026-03-27 13:54:48:044	EVENT:SEND           	base:70101   	next:70201   	cwnd:2068  	ssthresh:1100  	state:CongAvoid   	info:DATA_seq: 70101
2026-03-27 13:54:48:046	EVENT:NEW_ACK        	base:70101   	next:70201   	cwnd:2068  	ssthresh:1100  	state:CongAvoid   	info:AckNum: 70101
2026-03-27 13:54:48:046	EVENT:WINDOW_SLIDE   	base:70201   	next:70201   	cwnd:2072  	ssthresh:1100  	state:CongAvoid   	info:Base: 70101 -> 70201
2026-03-27 13:54:48:056	EVENT:SEND           	base:70201   	next:70301   	cwnd:2072  	ssthresh:1100  	state:CongAvoid   	info:DATA_seq: 70201
2026-03-27 13:54:48:056	EVENT:NEW_ACK        	base:70201   	next:70301   	cwnd:2072  	ssthresh:1100  	state:CongAvoid   	info:AckNum: 70201
2026-03-27 13:54:48:056	EVENT:WINDOW_SLIDE   	base:70301   	next:70301   	cwnd:2076  	ssthresh:1100  	state:CongAvoid   	info:Base: 70201 -> 70301
2026-03-27 13:54:48:068	EVENT:SEND           	base:70301   	next:70401   	cwnd:2076  	ssthresh:1100  	state:CongAvoid   	info:DATA_seq: 70301
2026-03-27 13:54:48:069	EVENT:NEW_ACK        	base:70301   	next:70401   	cwnd:2076  	ssthresh:1100  	state:CongAvoid   	info:AckNum: 70301
2026-03-27 13:54:48:069	EVENT:WINDOW_SLIDE   	base:70401   	next:70401   	cwnd:2080  	ssthresh:1100  	state:CongAvoid   	info:Base: 70301 -> 70401
2026-03-27 13:54:48:081	EVENT:SEND           	base:70401   	next:70501   	cwnd:2080  	ssthresh:1100  	state:CongAvoid   	info:DATA_seq: 70401
2026-03-27 13:54:48:082	EVENT:NEW_ACK        	base:70401   	next:70501   	cwnd:2080  	ssthresh:1100  	state:CongAvoid   	info:AckNum: 70401
2026-03-27 13:54:48:082	EVENT:WINDOW_SLIDE   	base:70501   	next:70501   	cwnd:2084  	ssthresh:1100  	state:CongAvoid   	info:Base: 70401 -> 70501
2026-03-27 13:54:48:095	EVENT:SEND           	base:70501   	next:70601   	cwnd:2084  	ssthresh:1100  	state:CongAvoid   	info:DATA_seq: 70501
2026-03-27 13:54:48:096	EVENT:NEW_ACK        	base:70501   	next:70601   	cwnd:2084  	ssthresh:1100  	state:CongAvoid   	info:AckNum: 70501
2026-03-27 13:54:48:096	EVENT:WINDOW_SLIDE   	base:70601   	next:70601   	cwnd:2088  	ssthresh:1100  	state:CongAvoid   	info:Base: 70501 -> 70601
2026-03-27 13:54:48:106	EVENT:SEND           	base:70601   	next:70701   	cwnd:2088  	ssthresh:1100  	state:CongAvoid   	info:DATA_seq: 70601
2026-03-27 13:54:48:107	EVENT:NEW_ACK        	base:70601   	next:70701   	cwnd:2088  	ssthresh:1100  	state:CongAvoid   	info:AckNum: 70601
2026-03-27 13:54:48:107	EVENT:WINDOW_SLIDE   	base:70701   	next:70701   	cwnd:2092  	ssthresh:1100  	state:CongAvoid   	info:Base: 70601 -> 70701
2026-03-27 13:54:48:117	EVENT:SEND           	base:70701   	next:70801   	cwnd:2092  	ssthresh:1100  	state:CongAvoid   	info:DATA_seq: 70701
2026-03-27 13:54:48:117	EVENT:NEW_ACK        	base:70701   	next:70801   	cwnd:2092  	ssthresh:1100  	state:CongAvoid   	info:AckNum: 70701
2026-03-27 13:54:48:118	EVENT:WINDOW_SLIDE   	base:70801   	next:70801   	cwnd:2096  	ssthresh:1100  	state:CongAvoid   	info:Base: 70701 -> 70801
2026-03-27 13:54:48:129	EVENT:SEND           	base:70801   	next:70901   	cwnd:2096  	ssthresh:1100  	state:CongAvoid   	info:DATA_seq: 70801
2026-03-27 13:54:48:129	EVENT:NEW_ACK        	base:70801   	next:70901   	cwnd:2096  	ssthresh:1100  	state:CongAvoid   	info:AckNum: 70801
2026-03-27 13:54:48:129	EVENT:WINDOW_SLIDE   	base:70901   	next:70901   	cwnd:2100  	ssthresh:1100  	state:CongAvoid   	info:Base: 70801 -> 70901
2026-03-27 13:54:48:141	EVENT:SEND           	base:70901   	next:71001   	cwnd:2100  	ssthresh:1100  	state:CongAvoid   	info:DATA_seq: 70901
2026-03-27 13:54:48:141	EVENT:NEW_ACK        	base:70901   	next:71001   	cwnd:2100  	ssthresh:1100  	state:CongAvoid   	info:AckNum: 70901
2026-03-27 13:54:48:141	EVENT:WINDOW_SLIDE   	base:71001   	next:71001   	cwnd:2104  	ssthresh:1100  	state:CongAvoid   	info:Base: 70901 -> 71001
2026-03-27 13:54:48:151	EVENT:SEND           	base:71001   	next:71101   	cwnd:2104  	ssthresh:1100  	state:CongAvoid   	info:DATA_seq: 71001
2026-03-27 13:54:48:151	EVENT:NEW_ACK        	base:71001   	next:71101   	cwnd:2104  	ssthresh:1100  	state:CongAvoid   	info:AckNum: 71001
2026-03-27 13:54:48:151	EVENT:WINDOW_SLIDE   	base:71101   	next:71101   	cwnd:2108  	ssthresh:1100  	state:CongAvoid   	info:Base: 71001 -> 71101
2026-03-27 13:54:48:164	EVENT:SEND           	base:71101   	next:71201   	cwnd:2108  	ssthresh:1100  	state:CongAvoid   	info:DATA_seq: 71101
2026-03-27 13:54:48:164	EVENT:NEW_ACK        	base:71101   	next:71201   	cwnd:2108  	ssthresh:1100  	state:CongAvoid   	info:AckNum: 71101
2026-03-27 13:54:48:164	EVENT:WINDOW_SLIDE   	base:71201   	next:71201   	cwnd:2112  	ssthresh:1100  	state:CongAvoid   	info:Base: 71101 -> 71201
2026-03-27 13:54:48:175	EVENT:SEND           	base:71201   	next:71301   	cwnd:2112  	ssthresh:1100  	state:CongAvoid   	info:DATA_seq: 71201
2026-03-27 13:54:48:175	EVENT:NEW_ACK        	base:71201   	next:71301   	cwnd:2112  	ssthresh:1100  	state:CongAvoid   	info:AckNum: 71201
2026-03-27 13:54:48:175	EVENT:WINDOW_SLIDE   	base:71301   	next:71301   	cwnd:2116  	ssthresh:1100  	state:CongAvoid   	info:Base: 71201 -> 71301
2026-03-27 13:54:48:188	EVENT:SEND           	base:71301   	next:71401   	cwnd:2116  	ssthresh:1100  	state:CongAvoid   	info:DATA_seq: 71301
2026-03-27 13:54:48:188	EVENT:NEW_ACK        	base:71301   	next:71401   	cwnd:2116  	ssthresh:1100  	state:CongAvoid   	info:AckNum: 71301
2026-03-27 13:54:48:188	EVENT:WINDOW_SLIDE   	base:71401   	next:71401   	cwnd:2120  	ssthresh:1100  	state:CongAvoid   	info:Base: 71301 -> 71401
2026-03-27 13:54:48:200	EVENT:SEND           	base:71401   	next:71501   	cwnd:2120  	ssthresh:1100  	state:CongAvoid   	info:DATA_seq: 71401
2026-03-27 13:54:48:201	EVENT:NEW_ACK        	base:71401   	next:71501   	cwnd:2120  	ssthresh:1100  	state:CongAvoid   	info:AckNum: 71401
2026-03-27 13:54:48:201	EVENT:WINDOW_SLIDE   	base:71501   	next:71501   	cwnd:2124  	ssthresh:1100  	state:CongAvoid   	info:Base: 71401 -> 71501
2026-03-27 13:54:48:213	EVENT:SEND           	base:71501   	next:71601   	cwnd:2124  	ssthresh:1100  	state:CongAvoid   	info:DATA_seq: 71501
2026-03-27 13:54:48:214	EVENT:NEW_ACK        	base:71501   	next:71601   	cwnd:2124  	ssthresh:1100  	state:CongAvoid   	info:AckNum: 71501
2026-03-27 13:54:48:214	EVENT:WINDOW_SLIDE   	base:71601   	next:71601   	cwnd:2128  	ssthresh:1100  	state:CongAvoid   	info:Base: 71501 -> 71601
2026-03-27 13:54:48:226	EVENT:SEND           	base:71601   	next:71701   	cwnd:2128  	ssthresh:1100  	state:CongAvoid   	info:DATA_seq: 71601
2026-03-27 13:54:48:227	EVENT:NEW_ACK        	base:71601   	next:71701   	cwnd:2128  	ssthresh:1100  	state:CongAvoid   	info:AckNum: 71601
2026-03-27 13:54:48:227	EVENT:WINDOW_SLIDE   	base:71701   	next:71701   	cwnd:2132  	ssthresh:1100  	state:CongAvoid   	info:Base: 71601 -> 71701
2026-03-27 13:54:48:239	EVENT:SEND           	base:71701   	next:71801   	cwnd:2132  	ssthresh:1100  	state:CongAvoid   	info:DATA_seq: 71701
2026-03-27 13:54:48:239	EVENT:NEW_ACK        	base:71701   	next:71801   	cwnd:2132  	ssthresh:1100  	state:CongAvoid   	info:AckNum: 71701
2026-03-27 13:54:48:239	EVENT:WINDOW_SLIDE   	base:71801   	next:71801   	cwnd:2136  	ssthresh:1100  	state:CongAvoid   	info:Base: 71701 -> 71801
2026-03-27 13:54:48:250	EVENT:SEND           	base:71801   	next:71901   	cwnd:2136  	ssthresh:1100  	state:CongAvoid   	info:DATA_seq: 71801
2026-03-27 13:54:48:250	EVENT:NEW_ACK        	base:71801   	next:71901   	cwnd:2136  	ssthresh:1100  	state:CongAvoid   	info:AckNum: 71801
2026-03-27 13:54:48:250	EVENT:WINDOW_SLIDE   	base:71901   	next:71901   	cwnd:2140  	ssthresh:1100  	state:CongAvoid   	info:Base: 71801 -> 71901
2026-03-27 13:54:48:262	EVENT:SEND           	base:71901   	next:72001   	cwnd:2140  	ssthresh:1100  	state:CongAvoid   	info:DATA_seq: 71901
2026-03-27 13:54:48:263	EVENT:NEW_ACK        	base:71901   	next:72001   	cwnd:2140  	ssthresh:1100  	state:CongAvoid   	info:AckNum: 71901
2026-03-27 13:54:48:263	EVENT:WINDOW_SLIDE   	base:72001   	next:72001   	cwnd:2144  	ssthresh:1100  	state:CongAvoid   	info:Base: 71901 -> 72001
2026-03-27 13:54:48:275	EVENT:SEND           	base:72001   	next:72101   	cwnd:2144  	ssthresh:1100  	state:CongAvoid   	info:DATA_seq: 72001
2026-03-27 13:54:48:276	EVENT:NEW_ACK        	base:72001   	next:72101   	cwnd:2144  	ssthresh:1100  	state:CongAvoid   	info:AckNum: 72001
2026-03-27 13:54:48:276	EVENT:WINDOW_SLIDE   	base:72101   	next:72101   	cwnd:2148  	ssthresh:1100  	state:CongAvoid   	info:Base: 72001 -> 72101
2026-03-27 13:54:48:288	EVENT:SEND           	base:72101   	next:72201   	cwnd:2148  	ssthresh:1100  	state:CongAvoid   	info:DATA_seq: 72101
2026-03-27 13:54:48:288	EVENT:NEW_ACK        	base:72101   	next:72201   	cwnd:2148  	ssthresh:1100  	state:CongAvoid   	info:AckNum: 72101
2026-03-27 13:54:48:288	EVENT:WINDOW_SLIDE   	base:72201   	next:72201   	cwnd:2152  	ssthresh:1100  	state:CongAvoid   	info:Base: 72101 -> 72201
2026-03-27 13:54:48:298	EVENT:SEND           	base:72201   	next:72301   	cwnd:2152  	ssthresh:1100  	state:CongAvoid   	info:DATA_seq: 72201
2026-03-27 13:54:48:299	EVENT:NEW_ACK        	base:72201   	next:72301   	cwnd:2152  	ssthresh:1100  	state:CongAvoid   	info:AckNum: 72201
2026-03-27 13:54:48:299	EVENT:WINDOW_SLIDE   	base:72301   	next:72301   	cwnd:2156  	ssthresh:1100  	state:CongAvoid   	info:Base: 72201 -> 72301
2026-03-27 13:54:48:309	EVENT:SEND           	base:72301   	next:72401   	cwnd:2156  	ssthresh:1100  	state:CongAvoid   	info:DATA_seq: 72301
2026-03-27 13:54:48:309	EVENT:NEW_ACK        	base:72301   	next:72401   	cwnd:2156  	ssthresh:1100  	state:CongAvoid   	info:AckNum: 72301
2026-03-27 13:54:48:309	EVENT:WINDOW_SLIDE   	base:72401   	next:72401   	cwnd:2160  	ssthresh:1100  	state:CongAvoid   	info:Base: 72301 -> 72401
2026-03-27 13:54:48:321	EVENT:SEND           	base:72401   	next:72501   	cwnd:2160  	ssthresh:1100  	state:CongAvoid   	info:DATA_seq: 72401
2026-03-27 13:54:48:322	EVENT:NEW_ACK        	base:72401   	next:72501   	cwnd:2160  	ssthresh:1100  	state:CongAvoid   	info:AckNum: 72401
2026-03-27 13:54:48:322	EVENT:WINDOW_SLIDE   	base:72501   	next:72501   	cwnd:2164  	ssthresh:1100  	state:CongAvoid   	info:Base: 72401 -> 72501
2026-03-27 13:54:48:332	EVENT:SEND           	base:72501   	next:72601   	cwnd:2164  	ssthresh:1100  	state:CongAvoid   	info:DATA_seq: 72501
2026-03-27 13:54:48:333	EVENT:NEW_ACK        	base:72501   	next:72601   	cwnd:2164  	ssthresh:1100  	state:CongAvoid   	info:AckNum: 72501
2026-03-27 13:54:48:333	EVENT:WINDOW_SLIDE   	base:72601   	next:72601   	cwnd:2168  	ssthresh:1100  	state:CongAvoid   	info:Base: 72501 -> 72601
2026-03-27 13:54:48:344	EVENT:SEND           	base:72601   	next:72701   	cwnd:2168  	ssthresh:1100  	state:CongAvoid   	info:DATA_seq: 72601
2026-03-27 13:54:48:345	EVENT:NEW_ACK        	base:72601   	next:72701   	cwnd:2168  	ssthresh:1100  	state:CongAvoid   	info:AckNum: 72601
2026-03-27 13:54:48:345	EVENT:WINDOW_SLIDE   	base:72701   	next:72701   	cwnd:2172  	ssthresh:1100  	state:CongAvoid   	info:Base: 72601 -> 72701
2026-03-27 13:54:48:355	EVENT:SEND           	base:72701   	next:72801   	cwnd:2172  	ssthresh:1100  	state:CongAvoid   	info:DATA_seq: 72701
2026-03-27 13:54:48:355	EVENT:NEW_ACK        	base:72701   	next:72801   	cwnd:2172  	ssthresh:1100  	state:CongAvoid   	info:AckNum: 72701
2026-03-27 13:54:48:356	EVENT:WINDOW_SLIDE   	base:72801   	next:72801   	cwnd:2176  	ssthresh:1100  	state:CongAvoid   	info:Base: 72701 -> 72801
2026-03-27 13:54:48:366	EVENT:SEND           	base:72801   	next:72901   	cwnd:2176  	ssthresh:1100  	state:CongAvoid   	info:DATA_seq: 72801
2026-03-27 13:54:48:367	EVENT:NEW_ACK        	base:72801   	next:72901   	cwnd:2176  	ssthresh:1100  	state:CongAvoid   	info:AckNum: 72801
2026-03-27 13:54:48:367	EVENT:WINDOW_SLIDE   	base:72901   	next:72901   	cwnd:2180  	ssthresh:1100  	state:CongAvoid   	info:Base: 72801 -> 72901
2026-03-27 13:54:48:379	EVENT:SEND           	base:72901   	next:73001   	cwnd:2180  	ssthresh:1100  	state:CongAvoid   	info:DATA_seq: 72901
2026-03-27 13:54:48:379	EVENT:NEW_ACK        	base:72901   	next:73001   	cwnd:2180  	ssthresh:1100  	state:CongAvoid   	info:AckNum: 72901
2026-03-27 13:54:48:379	EVENT:WINDOW_SLIDE   	base:73001   	next:73001   	cwnd:2184  	ssthresh:1100  	state:CongAvoid   	info:Base: 72901 -> 73001
2026-03-27 13:54:48:391	EVENT:SEND           	base:73001   	next:73101   	cwnd:2184  	ssthresh:1100  	state:CongAvoid   	info:DATA_seq: 73001
2026-03-27 13:54:48:391	EVENT:NEW_ACK        	base:73001   	next:73101   	cwnd:2184  	ssthresh:1100  	state:CongAvoid   	info:AckNum: 73001
2026-03-27 13:54:48:391	EVENT:WINDOW_SLIDE   	base:73101   	next:73101   	cwnd:2188  	ssthresh:1100  	state:CongAvoid   	info:Base: 73001 -> 73101
2026-03-27 13:54:48:403	EVENT:SEND           	base:73101   	next:73201   	cwnd:2188  	ssthresh:1100  	state:CongAvoid   	info:DATA_seq: 73101
2026-03-27 13:54:48:403	EVENT:NEW_ACK        	base:73101   	next:73201   	cwnd:2188  	ssthresh:1100  	state:CongAvoid   	info:AckNum: 73101
2026-03-27 13:54:48:403	EVENT:WINDOW_SLIDE   	base:73201   	next:73201   	cwnd:2192  	ssthresh:1100  	state:CongAvoid   	info:Base: 73101 -> 73201
2026-03-27 13:54:48:415	EVENT:SEND           	base:73201   	next:73301   	cwnd:2192  	ssthresh:1100  	state:CongAvoid   	info:DATA_seq: 73201
2026-03-27 13:54:48:416	EVENT:NEW_ACK        	base:73201   	next:73301   	cwnd:2192  	ssthresh:1100  	state:CongAvoid   	info:AckNum: 73201
2026-03-27 13:54:48:416	EVENT:WINDOW_SLIDE   	base:73301   	next:73301   	cwnd:2196  	ssthresh:1100  	state:CongAvoid   	info:Base: 73201 -> 73301
2026-03-27 13:54:48:428	EVENT:SEND           	base:73301   	next:73401   	cwnd:2196  	ssthresh:1100  	state:CongAvoid   	info:DATA_seq: 73301
2026-03-27 13:54:48:429	EVENT:NEW_ACK        	base:73301   	next:73401   	cwnd:2196  	ssthresh:1100  	state:CongAvoid   	info:AckNum: 73301
2026-03-27 13:54:48:429	EVENT:WINDOW_SLIDE   	base:73401   	next:73401   	cwnd:2200  	ssthresh:1100  	state:CongAvoid   	info:Base: 73301 -> 73401
2026-03-27 13:54:48:441	EVENT:SEND           	base:73401   	next:73501   	cwnd:2200  	ssthresh:1100  	state:CongAvoid   	info:DATA_seq: 73401
2026-03-27 13:54:48:442	EVENT:NEW_ACK        	base:73401   	next:73501   	cwnd:2200  	ssthresh:1100  	state:CongAvoid   	info:AckNum: 73401
2026-03-27 13:54:48:442	EVENT:WINDOW_SLIDE   	base:73501   	next:73501   	cwnd:2204  	ssthresh:1100  	state:CongAvoid   	info:Base: 73401 -> 73501
2026-03-27 13:54:48:454	EVENT:SEND           	base:73501   	next:73601   	cwnd:2204  	ssthresh:1100  	state:CongAvoid   	info:DATA_seq: 73501
2026-03-27 13:54:48:454	EVENT:NEW_ACK        	base:73501   	next:73601   	cwnd:2204  	ssthresh:1100  	state:CongAvoid   	info:AckNum: 73501
2026-03-27 13:54:48:454	EVENT:WINDOW_SLIDE   	base:73601   	next:73601   	cwnd:2208  	ssthresh:1100  	state:CongAvoid   	info:Base: 73501 -> 73601
2026-03-27 13:54:48:467	EVENT:SEND           	base:73601   	next:73701   	cwnd:2208  	ssthresh:1100  	state:CongAvoid   	info:DATA_seq: 73601
2026-03-27 13:54:48:467	EVENT:NEW_ACK        	base:73601   	next:73701   	cwnd:2208  	ssthresh:1100  	state:CongAvoid   	info:AckNum: 73601
2026-03-27 13:54:48:467	EVENT:WINDOW_SLIDE   	base:73701   	next:73701   	cwnd:2212  	ssthresh:1100  	state:CongAvoid   	info:Base: 73601 -> 73701
2026-03-27 13:54:48:479	EVENT:SEND           	base:73701   	next:73801   	cwnd:2212  	ssthresh:1100  	state:CongAvoid   	info:DATA_seq: 73701
2026-03-27 13:54:48:480	EVENT:NEW_ACK        	base:73701   	next:73801   	cwnd:2212  	ssthresh:1100  	state:CongAvoid   	info:AckNum: 73701
2026-03-27 13:54:48:480	EVENT:WINDOW_SLIDE   	base:73801   	next:73801   	cwnd:2216  	ssthresh:1100  	state:CongAvoid   	info:Base: 73701 -> 73801
2026-03-27 13:54:48:492	EVENT:SEND           	base:73801   	next:73901   	cwnd:2216  	ssthresh:1100  	state:CongAvoid   	info:DATA_seq: 73801
2026-03-27 13:54:48:493	EVENT:NEW_ACK        	base:73801   	next:73901   	cwnd:2216  	ssthresh:1100  	state:CongAvoid   	info:AckNum: 73801
2026-03-27 13:54:48:493	EVENT:WINDOW_SLIDE   	base:73901   	next:73901   	cwnd:2220  	ssthresh:1100  	state:CongAvoid   	info:Base: 73801 -> 73901
2026-03-27 13:54:48:504	EVENT:SEND           	base:73901   	next:74001   	cwnd:2220  	ssthresh:1100  	state:CongAvoid   	info:DATA_seq: 73901
2026-03-27 13:54:48:505	EVENT:NEW_ACK        	base:73901   	next:74001   	cwnd:2220  	ssthresh:1100  	state:CongAvoid   	info:AckNum: 73901
2026-03-27 13:54:48:505	EVENT:WINDOW_SLIDE   	base:74001   	next:74001   	cwnd:2224  	ssthresh:1100  	state:CongAvoid   	info:Base: 73901 -> 74001
2026-03-27 13:54:48:515	EVENT:SEND           	base:74001   	next:74101   	cwnd:2224  	ssthresh:1100  	state:CongAvoid   	info:DATA_seq: 74001
2026-03-27 13:54:48:515	EVENT:NEW_ACK        	base:74001   	next:74101   	cwnd:2224  	ssthresh:1100  	state:CongAvoid   	info:AckNum: 74001
2026-03-27 13:54:48:515	EVENT:WINDOW_SLIDE   	base:74101   	next:74101   	cwnd:2228  	ssthresh:1100  	state:CongAvoid   	info:Base: 74001 -> 74101
2026-03-27 13:54:48:525	EVENT:SEND           	base:74101   	next:74201   	cwnd:2228  	ssthresh:1100  	state:CongAvoid   	info:DATA_seq: 74101
2026-03-27 13:54:48:526	EVENT:NEW_ACK        	base:74101   	next:74201   	cwnd:2228  	ssthresh:1100  	state:CongAvoid   	info:AckNum: 74101
2026-03-27 13:54:48:526	EVENT:WINDOW_SLIDE   	base:74201   	next:74201   	cwnd:2232  	ssthresh:1100  	state:CongAvoid   	info:Base: 74101 -> 74201
2026-03-27 13:54:48:537	EVENT:SEND           	base:74201   	next:74301   	cwnd:2232  	ssthresh:1100  	state:CongAvoid   	info:DATA_seq: 74201
2026-03-27 13:54:48:537	EVENT:NEW_ACK        	base:74201   	next:74301   	cwnd:2232  	ssthresh:1100  	state:CongAvoid   	info:AckNum: 74201
2026-03-27 13:54:48:537	EVENT:WINDOW_SLIDE   	base:74301   	next:74301   	cwnd:2236  	ssthresh:1100  	state:CongAvoid   	info:Base: 74201 -> 74301
2026-03-27 13:54:48:549	EVENT:SEND           	base:74301   	next:74401   	cwnd:2236  	ssthresh:1100  	state:CongAvoid   	info:DATA_seq: 74301
2026-03-27 13:54:48:550	EVENT:NEW_ACK        	base:74301   	next:74401   	cwnd:2236  	ssthresh:1100  	state:CongAvoid   	info:AckNum: 74301
2026-03-27 13:54:48:550	EVENT:WINDOW_SLIDE   	base:74401   	next:74401   	cwnd:2240  	ssthresh:1100  	state:CongAvoid   	info:Base: 74301 -> 74401
2026-03-27 13:54:48:562	EVENT:SEND           	base:74401   	next:74501   	cwnd:2240  	ssthresh:1100  	state:CongAvoid   	info:DATA_seq: 74401
2026-03-27 13:54:48:563	EVENT:NEW_ACK        	base:74401   	next:74501   	cwnd:2240  	ssthresh:1100  	state:CongAvoid   	info:AckNum: 74401
2026-03-27 13:54:48:563	EVENT:WINDOW_SLIDE   	base:74501   	next:74501   	cwnd:2244  	ssthresh:1100  	state:CongAvoid   	info:Base: 74401 -> 74501
2026-03-27 13:54:48:573	EVENT:SEND           	base:74501   	next:74601   	cwnd:2244  	ssthresh:1100  	state:CongAvoid   	info:DATA_seq: 74501
2026-03-27 13:54:48:573	EVENT:NEW_ACK        	base:74501   	next:74601   	cwnd:2244  	ssthresh:1100  	state:CongAvoid   	info:AckNum: 74501
2026-03-27 13:54:48:573	EVENT:WINDOW_SLIDE   	base:74601   	next:74601   	cwnd:2248  	ssthresh:1100  	state:CongAvoid   	info:Base: 74501 -> 74601
2026-03-27 13:54:48:585	EVENT:SEND           	base:74601   	next:74701   	cwnd:2248  	ssthresh:1100  	state:CongAvoid   	info:DATA_seq: 74601
2026-03-27 13:54:48:586	EVENT:NEW_ACK        	base:74601   	next:74701   	cwnd:2248  	ssthresh:1100  	state:CongAvoid   	info:AckNum: 74601
2026-03-27 13:54:48:586	EVENT:WINDOW_SLIDE   	base:74701   	next:74701   	cwnd:2252  	ssthresh:1100  	state:CongAvoid   	info:Base: 74601 -> 74701
2026-03-27 13:54:48:597	EVENT:SEND           	base:74701   	next:74801   	cwnd:2252  	ssthresh:1100  	state:CongAvoid   	info:DATA_seq: 74701
2026-03-27 13:54:48:598	EVENT:NEW_ACK        	base:74701   	next:74801   	cwnd:2252  	ssthresh:1100  	state:CongAvoid   	info:AckNum: 74701
2026-03-27 13:54:48:598	EVENT:WINDOW_SLIDE   	base:74801   	next:74801   	cwnd:2256  	ssthresh:1100  	state:CongAvoid   	info:Base: 74701 -> 74801
2026-03-27 13:54:48:610	EVENT:SEND           	base:74801   	next:74901   	cwnd:2256  	ssthresh:1100  	state:CongAvoid   	info:DATA_seq: 74801
2026-03-27 13:54:48:611	EVENT:NEW_ACK        	base:74801   	next:74901   	cwnd:2256  	ssthresh:1100  	state:CongAvoid   	info:AckNum: 74801
2026-03-27 13:54:48:611	EVENT:WINDOW_SLIDE   	base:74901   	next:74901   	cwnd:2260  	ssthresh:1100  	state:CongAvoid   	info:Base: 74801 -> 74901
2026-03-27 13:54:48:622	EVENT:SEND           	base:74901   	next:75001   	cwnd:2260  	ssthresh:1100  	state:CongAvoid   	info:DATA_seq: 74901
2026-03-27 13:54:48:623	EVENT:NEW_ACK        	base:74901   	next:75001   	cwnd:2260  	ssthresh:1100  	state:CongAvoid   	info:AckNum: 74901
2026-03-27 13:54:48:623	EVENT:WINDOW_SLIDE   	base:75001   	next:75001   	cwnd:2264  	ssthresh:1100  	state:CongAvoid   	info:Base: 74901 -> 75001
2026-03-27 13:54:48:637	EVENT:SEND           	base:75001   	next:75101   	cwnd:2264  	ssthresh:1100  	state:CongAvoid   	info:DATA_seq: 75001
2026-03-27 13:54:48:638	EVENT:NEW_ACK        	base:75001   	next:75101   	cwnd:2264  	ssthresh:1100  	state:CongAvoid   	info:AckNum: 75001
2026-03-27 13:54:48:638	EVENT:WINDOW_SLIDE   	base:75101   	next:75101   	cwnd:2268  	ssthresh:1100  	state:CongAvoid   	info:Base: 75001 -> 75101
2026-03-27 13:54:48:649	EVENT:SEND           	base:75101   	next:75201   	cwnd:2268  	ssthresh:1100  	state:CongAvoid   	info:DATA_seq: 75101
2026-03-27 13:54:48:650	EVENT:NEW_ACK        	base:75101   	next:75201   	cwnd:2268  	ssthresh:1100  	state:CongAvoid   	info:AckNum: 75101
2026-03-27 13:54:48:650	EVENT:WINDOW_SLIDE   	base:75201   	next:75201   	cwnd:2272  	ssthresh:1100  	state:CongAvoid   	info:Base: 75101 -> 75201
2026-03-27 13:54:48:662	EVENT:SEND           	base:75201   	next:75301   	cwnd:2272  	ssthresh:1100  	state:CongAvoid   	info:DATA_seq: 75201
2026-03-27 13:54:48:662	EVENT:NEW_ACK        	base:75201   	next:75301   	cwnd:2272  	ssthresh:1100  	state:CongAvoid   	info:AckNum: 75201
2026-03-27 13:54:48:662	EVENT:WINDOW_SLIDE   	base:75301   	next:75301   	cwnd:2276  	ssthresh:1100  	state:CongAvoid   	info:Base: 75201 -> 75301
2026-03-27 13:54:48:674	EVENT:SEND           	base:75301   	next:75401   	cwnd:2276  	ssthresh:1100  	state:CongAvoid   	info:DATA_seq: 75301
2026-03-27 13:54:48:675	EVENT:NEW_ACK        	base:75301   	next:75401   	cwnd:2276  	ssthresh:1100  	state:CongAvoid   	info:AckNum: 75301
2026-03-27 13:54:48:675	EVENT:WINDOW_SLIDE   	base:75401   	next:75401   	cwnd:2280  	ssthresh:1100  	state:CongAvoid   	info:Base: 75301 -> 75401
2026-03-27 13:54:48:687	EVENT:SEND           	base:75401   	next:75501   	cwnd:2280  	ssthresh:1100  	state:CongAvoid   	info:DATA_seq: 75401
2026-03-27 13:54:48:688	EVENT:NEW_ACK        	base:75401   	next:75501   	cwnd:2280  	ssthresh:1100  	state:CongAvoid   	info:AckNum: 75401
2026-03-27 13:54:48:688	EVENT:WINDOW_SLIDE   	base:75501   	next:75501   	cwnd:2284  	ssthresh:1100  	state:CongAvoid   	info:Base: 75401 -> 75501
2026-03-27 13:54:48:700	EVENT:SEND           	base:75501   	next:75601   	cwnd:2284  	ssthresh:1100  	state:CongAvoid   	info:DATA_seq: 75501
2026-03-27 13:54:48:700	EVENT:NEW_ACK        	base:75501   	next:75601   	cwnd:2284  	ssthresh:1100  	state:CongAvoid   	info:AckNum: 75501
2026-03-27 13:54:48:700	EVENT:WINDOW_SLIDE   	base:75601   	next:75601   	cwnd:2288  	ssthresh:1100  	state:CongAvoid   	info:Base: 75501 -> 75601
2026-03-27 13:54:48:713	EVENT:SEND           	base:75601   	next:75701   	cwnd:2288  	ssthresh:1100  	state:CongAvoid   	info:DATA_seq: 75601
2026-03-27 13:54:48:713	EVENT:NEW_ACK        	base:75601   	next:75701   	cwnd:2288  	ssthresh:1100  	state:CongAvoid   	info:AckNum: 75601
2026-03-27 13:54:48:713	EVENT:WINDOW_SLIDE   	base:75701   	next:75701   	cwnd:2292  	ssthresh:1100  	state:CongAvoid   	info:Base: 75601 -> 75701
2026-03-27 13:54:48:724	EVENT:SEND           	base:75701   	next:75801   	cwnd:2292  	ssthresh:1100  	state:CongAvoid   	info:DATA_seq: 75701
2026-03-27 13:54:48:724	EVENT:NEW_ACK        	base:75701   	next:75801   	cwnd:2292  	ssthresh:1100  	state:CongAvoid   	info:AckNum: 75701
2026-03-27 13:54:48:724	EVENT:WINDOW_SLIDE   	base:75801   	next:75801   	cwnd:2296  	ssthresh:1100  	state:CongAvoid   	info:Base: 75701 -> 75801
2026-03-27 13:54:48:734	EVENT:SEND           	base:75801   	next:75901   	cwnd:2296  	ssthresh:1100  	state:CongAvoid   	info:DATA_seq: 75801
2026-03-27 13:54:48:735	EVENT:NEW_ACK        	base:75801   	next:75901   	cwnd:2296  	ssthresh:1100  	state:CongAvoid   	info:AckNum: 75801
2026-03-27 13:54:48:735	EVENT:WINDOW_SLIDE   	base:75901   	next:75901   	cwnd:2300  	ssthresh:1100  	state:CongAvoid   	info:Base: 75801 -> 75901
2026-03-27 13:54:48:747	EVENT:SEND           	base:75901   	next:76001   	cwnd:2300  	ssthresh:1100  	state:CongAvoid   	info:DATA_seq: 75901
2026-03-27 13:54:48:748	EVENT:NEW_ACK        	base:75901   	next:76001   	cwnd:2300  	ssthresh:1100  	state:CongAvoid   	info:AckNum: 75901
2026-03-27 13:54:48:748	EVENT:WINDOW_SLIDE   	base:76001   	next:76001   	cwnd:2304  	ssthresh:1100  	state:CongAvoid   	info:Base: 75901 -> 76001
2026-03-27 13:54:48:757	EVENT:SEND           	base:76001   	next:76101   	cwnd:2304  	ssthresh:1100  	state:CongAvoid   	info:DATA_seq: 76001
2026-03-27 13:54:48:758	EVENT:NEW_ACK        	base:76001   	next:76101   	cwnd:2304  	ssthresh:1100  	state:CongAvoid   	info:AckNum: 76001
2026-03-27 13:54:48:758	EVENT:WINDOW_SLIDE   	base:76101   	next:76101   	cwnd:2308  	ssthresh:1100  	state:CongAvoid   	info:Base: 76001 -> 76101
2026-03-27 13:54:48:768	EVENT:SEND           	base:76101   	next:76201   	cwnd:2308  	ssthresh:1100  	state:CongAvoid   	info:DATA_seq: 76101
2026-03-27 13:54:48:769	EVENT:NEW_ACK        	base:76101   	next:76201   	cwnd:2308  	ssthresh:1100  	state:CongAvoid   	info:AckNum: 76101
2026-03-27 13:54:48:769	EVENT:WINDOW_SLIDE   	base:76201   	next:76201   	cwnd:2312  	ssthresh:1100  	state:CongAvoid   	info:Base: 76101 -> 76201
2026-03-27 13:54:48:781	EVENT:SEND           	base:76201   	next:76301   	cwnd:2312  	ssthresh:1100  	state:CongAvoid   	info:DATA_seq: 76201
2026-03-27 13:54:48:781	EVENT:NEW_ACK        	base:76201   	next:76301   	cwnd:2312  	ssthresh:1100  	state:CongAvoid   	info:AckNum: 76201
2026-03-27 13:54:48:782	EVENT:WINDOW_SLIDE   	base:76301   	next:76301   	cwnd:2316  	ssthresh:1100  	state:CongAvoid   	info:Base: 76201 -> 76301
2026-03-27 13:54:48:793	EVENT:SEND           	base:76301   	next:76401   	cwnd:2316  	ssthresh:1100  	state:CongAvoid   	info:DATA_seq: 76301
2026-03-27 13:54:48:793	EVENT:NEW_ACK        	base:76301   	next:76401   	cwnd:2316  	ssthresh:1100  	state:CongAvoid   	info:AckNum: 76301
2026-03-27 13:54:48:793	EVENT:WINDOW_SLIDE   	base:76401   	next:76401   	cwnd:2320  	ssthresh:1100  	state:CongAvoid   	info:Base: 76301 -> 76401
2026-03-27 13:54:48:806	EVENT:SEND           	base:76401   	next:76501   	cwnd:2320  	ssthresh:1100  	state:CongAvoid   	info:DATA_seq: 76401
2026-03-27 13:54:48:806	EVENT:NEW_ACK        	base:76401   	next:76501   	cwnd:2320  	ssthresh:1100  	state:CongAvoid   	info:AckNum: 76401
2026-03-27 13:54:48:806	EVENT:WINDOW_SLIDE   	base:76501   	next:76501   	cwnd:2324  	ssthresh:1100  	state:CongAvoid   	info:Base: 76401 -> 76501
2026-03-27 13:54:48:818	EVENT:SEND           	base:76501   	next:76601   	cwnd:2324  	ssthresh:1100  	state:CongAvoid   	info:DATA_seq: 76501
2026-03-27 13:54:48:819	EVENT:NEW_ACK        	base:76501   	next:76601   	cwnd:2324  	ssthresh:1100  	state:CongAvoid   	info:AckNum: 76501
2026-03-27 13:54:48:819	EVENT:WINDOW_SLIDE   	base:76601   	next:76601   	cwnd:2328  	ssthresh:1100  	state:CongAvoid   	info:Base: 76501 -> 76601
2026-03-27 13:54:48:829	EVENT:SEND           	base:76601   	next:76701   	cwnd:2328  	ssthresh:1100  	state:CongAvoid   	info:DATA_seq: 76601
2026-03-27 13:54:48:830	EVENT:NEW_ACK        	base:76601   	next:76701   	cwnd:2328  	ssthresh:1100  	state:CongAvoid   	info:AckNum: 76601
2026-03-27 13:54:48:830	EVENT:WINDOW_SLIDE   	base:76701   	next:76701   	cwnd:2332  	ssthresh:1100  	state:CongAvoid   	info:Base: 76601 -> 76701
2026-03-27 13:54:48:842	EVENT:SEND           	base:76701   	next:76801   	cwnd:2332  	ssthresh:1100  	state:CongAvoid   	info:DATA_seq: 76701
2026-03-27 13:54:48:842	EVENT:NEW_ACK        	base:76701   	next:76801   	cwnd:2332  	ssthresh:1100  	state:CongAvoid   	info:AckNum: 76701
2026-03-27 13:54:48:842	EVENT:WINDOW_SLIDE   	base:76801   	next:76801   	cwnd:2336  	ssthresh:1100  	state:CongAvoid   	info:Base: 76701 -> 76801
2026-03-27 13:54:48:855	EVENT:SEND           	base:76801   	next:76901   	cwnd:2336  	ssthresh:1100  	state:CongAvoid   	info:DATA_seq: 76801
2026-03-27 13:54:48:867	EVENT:SEND           	base:76801   	next:77001   	cwnd:2336  	ssthresh:1100  	state:CongAvoid   	info:DATA_seq: 76901
2026-03-27 13:54:48:868	EVENT:DUP_ACK        	base:76801   	next:77001   	cwnd:2336  	ssthresh:1100  	state:CongAvoid   	info:AckNum: 76701 count: 1
2026-03-27 13:54:48:880	EVENT:SEND           	base:76801   	next:77101   	cwnd:2336  	ssthresh:1100  	state:CongAvoid   	info:DATA_seq: 77001
2026-03-27 13:54:48:880	EVENT:DUP_ACK        	base:76801   	next:77101   	cwnd:2336  	ssthresh:1100  	state:CongAvoid   	info:AckNum: 76701 count: 2
2026-03-27 13:54:48:891	EVENT:SEND           	base:76801   	next:77201   	cwnd:2336  	ssthresh:1100  	state:CongAvoid   	info:DATA_seq: 77101
2026-03-27 13:54:48:891	EVENT:DUP_ACK        	base:76801   	next:77201   	cwnd:2336  	ssthresh:1100  	state:CongAvoid   	info:AckNum: 76701 count: 3
2026-03-27 13:54:48:891	EVENT:FAST_RETRANS   	base:76801   	next:77201   	cwnd:1400  	ssthresh:1100  	state:FastRecovery	info:Retransmit seq: 76801
2026-03-27 13:54:48:892	EVENT:NEW_ACK        	base:76801   	next:77201   	cwnd:1400  	ssthresh:1100  	state:FastRecovery	info:AckNum: 76801
2026-03-27 13:54:48:892	EVENT:EXIT_FR        	base:76801   	next:77201   	cwnd:1100  	ssthresh:1100  	state:CongAvoid   	info:Exit Fast Recovery
2026-03-27 13:54:48:892	EVENT:WINDOW_SLIDE   	base:76901   	next:77201   	cwnd:1100  	ssthresh:1100  	state:CongAvoid   	info:Base: 76801 -> 76901
2026-03-27 13:54:48:903	EVENT:SEND           	base:76901   	next:77301   	cwnd:1100  	ssthresh:1100  	state:CongAvoid   	info:DATA_seq: 77201
2026-03-27 13:54:48:903	EVENT:NEW_ACK        	base:76901   	next:77301   	cwnd:1100  	ssthresh:1100  	state:CongAvoid   	info:AckNum: 77201
2026-03-27 13:54:48:903	EVENT:WINDOW_SLIDE   	base:77301   	next:77301   	cwnd:1109  	ssthresh:1100  	state:CongAvoid   	info:Base: 76901 -> 77301
2026-03-27 13:54:48:916	EVENT:SEND           	base:77301   	next:77401   	cwnd:1109  	ssthresh:1100  	state:CongAvoid   	info:DATA_seq: 77301
2026-03-27 13:54:48:916	EVENT:NEW_ACK        	base:77301   	next:77401   	cwnd:1109  	ssthresh:1100  	state:CongAvoid   	info:AckNum: 77301
2026-03-27 13:54:48:916	EVENT:WINDOW_SLIDE   	base:77401   	next:77401   	cwnd:1118  	ssthresh:1100  	state:CongAvoid   	info:Base: 77301 -> 77401
2026-03-27 13:54:48:926	EVENT:SEND           	base:77401   	next:77501   	cwnd:1118  	ssthresh:1100  	state:CongAvoid   	info:DATA_seq: 77401
2026-03-27 13:54:48:927	EVENT:NEW_ACK        	base:77401   	next:77501   	cwnd:1118  	ssthresh:1100  	state:CongAvoid   	info:AckNum: 77401
2026-03-27 13:54:48:927	EVENT:WINDOW_SLIDE   	base:77501   	next:77501   	cwnd:1126  	ssthresh:1100  	state:CongAvoid   	info:Base: 77401 -> 77501
2026-03-27 13:54:48:939	EVENT:SEND           	base:77501   	next:77601   	cwnd:1126  	ssthresh:1100  	state:CongAvoid   	info:DATA_seq: 77501
2026-03-27 13:54:48:940	EVENT:NEW_ACK        	base:77501   	next:77601   	cwnd:1126  	ssthresh:1100  	state:CongAvoid   	info:AckNum: 77501
2026-03-27 13:54:48:940	EVENT:WINDOW_SLIDE   	base:77601   	next:77601   	cwnd:1134  	ssthresh:1100  	state:CongAvoid   	info:Base: 77501 -> 77601
2026-03-27 13:54:48:952	EVENT:SEND           	base:77601   	next:77701   	cwnd:1134  	ssthresh:1100  	state:CongAvoid   	info:DATA_seq: 77601
2026-03-27 13:54:48:952	EVENT:NEW_ACK        	base:77601   	next:77701   	cwnd:1134  	ssthresh:1100  	state:CongAvoid   	info:AckNum: 77601
2026-03-27 13:54:48:952	EVENT:WINDOW_SLIDE   	base:77701   	next:77701   	cwnd:1142  	ssthresh:1100  	state:CongAvoid   	info:Base: 77601 -> 77701
2026-03-27 13:54:48:964	EVENT:SEND           	base:77701   	next:77801   	cwnd:1142  	ssthresh:1100  	state:CongAvoid   	info:DATA_seq: 77701
2026-03-27 13:54:48:964	EVENT:NEW_ACK        	base:77701   	next:77801   	cwnd:1142  	ssthresh:1100  	state:CongAvoid   	info:AckNum: 77701
2026-03-27 13:54:48:964	EVENT:WINDOW_SLIDE   	base:77801   	next:77801   	cwnd:1150  	ssthresh:1100  	state:CongAvoid   	info:Base: 77701 -> 77801
2026-03-27 13:54:48:976	EVENT:SEND           	base:77801   	next:77901   	cwnd:1150  	ssthresh:1100  	state:CongAvoid   	info:DATA_seq: 77801
2026-03-27 13:54:48:977	EVENT:NEW_ACK        	base:77801   	next:77901   	cwnd:1150  	ssthresh:1100  	state:CongAvoid   	info:AckNum: 77801
2026-03-27 13:54:48:977	EVENT:WINDOW_SLIDE   	base:77901   	next:77901   	cwnd:1158  	ssthresh:1100  	state:CongAvoid   	info:Base: 77801 -> 77901
2026-03-27 13:54:48:987	EVENT:SEND           	base:77901   	next:78001   	cwnd:1158  	ssthresh:1100  	state:CongAvoid   	info:DATA_seq: 77901
2026-03-27 13:54:48:988	EVENT:NEW_ACK        	base:77901   	next:78001   	cwnd:1158  	ssthresh:1100  	state:CongAvoid   	info:AckNum: 77901
2026-03-27 13:54:48:988	EVENT:WINDOW_SLIDE   	base:78001   	next:78001   	cwnd:1166  	ssthresh:1100  	state:CongAvoid   	info:Base: 77901 -> 78001
2026-03-27 13:54:49:000	EVENT:SEND           	base:78001   	next:78101   	cwnd:1166  	ssthresh:1100  	state:CongAvoid   	info:DATA_seq: 78001
2026-03-27 13:54:49:000	EVENT:NEW_ACK        	base:78001   	next:78101   	cwnd:1166  	ssthresh:1100  	state:CongAvoid   	info:AckNum: 78001
2026-03-27 13:54:49:000	EVENT:WINDOW_SLIDE   	base:78101   	next:78101   	cwnd:1174  	ssthresh:1100  	state:CongAvoid   	info:Base: 78001 -> 78101
2026-03-27 13:54:49:013	EVENT:SEND           	base:78101   	next:78201   	cwnd:1174  	ssthresh:1100  	state:CongAvoid   	info:DATA_seq: 78101
2026-03-27 13:54:49:013	EVENT:NEW_ACK        	base:78101   	next:78201   	cwnd:1174  	ssthresh:1100  	state:CongAvoid   	info:AckNum: 78101
2026-03-27 13:54:49:013	EVENT:WINDOW_SLIDE   	base:78201   	next:78201   	cwnd:1182  	ssthresh:1100  	state:CongAvoid   	info:Base: 78101 -> 78201
2026-03-27 13:54:49:026	EVENT:SEND           	base:78201   	next:78301   	cwnd:1182  	ssthresh:1100  	state:CongAvoid   	info:DATA_seq: 78201
2026-03-27 13:54:49:026	EVENT:NEW_ACK        	base:78201   	next:78301   	cwnd:1182  	ssthresh:1100  	state:CongAvoid   	info:AckNum: 78201
2026-03-27 13:54:49:026	EVENT:WINDOW_SLIDE   	base:78301   	next:78301   	cwnd:1190  	ssthresh:1100  	state:CongAvoid   	info:Base: 78201 -> 78301
2026-03-27 13:54:49:036	EVENT:SEND           	base:78301   	next:78401   	cwnd:1190  	ssthresh:1100  	state:CongAvoid   	info:DATA_seq: 78301
2026-03-27 13:54:49:036	EVENT:NEW_ACK        	base:78301   	next:78401   	cwnd:1190  	ssthresh:1100  	state:CongAvoid   	info:AckNum: 78301
2026-03-27 13:54:49:036	EVENT:WINDOW_SLIDE   	base:78401   	next:78401   	cwnd:1198  	ssthresh:1100  	state:CongAvoid   	info:Base: 78301 -> 78401
2026-03-27 13:54:49:049	EVENT:SEND           	base:78401   	next:78501   	cwnd:1198  	ssthresh:1100  	state:CongAvoid   	info:DATA_seq: 78401
2026-03-27 13:54:49:049	EVENT:NEW_ACK        	base:78401   	next:78501   	cwnd:1198  	ssthresh:1100  	state:CongAvoid   	info:AckNum: 78401
2026-03-27 13:54:49:049	EVENT:WINDOW_SLIDE   	base:78501   	next:78501   	cwnd:1206  	ssthresh:1100  	state:CongAvoid   	info:Base: 78401 -> 78501
2026-03-27 13:54:49:062	EVENT:SEND           	base:78501   	next:78601   	cwnd:1206  	ssthresh:1100  	state:CongAvoid   	info:DATA_seq: 78501
2026-03-27 13:54:49:063	EVENT:NEW_ACK        	base:78501   	next:78601   	cwnd:1206  	ssthresh:1100  	state:CongAvoid   	info:AckNum: 78501
2026-03-27 13:54:49:063	EVENT:WINDOW_SLIDE   	base:78601   	next:78601   	cwnd:1214  	ssthresh:1100  	state:CongAvoid   	info:Base: 78501 -> 78601
2026-03-27 13:54:49:074	EVENT:SEND           	base:78601   	next:78701   	cwnd:1214  	ssthresh:1100  	state:CongAvoid   	info:DATA_seq: 78601
2026-03-27 13:54:49:074	EVENT:NEW_ACK        	base:78601   	next:78701   	cwnd:1214  	ssthresh:1100  	state:CongAvoid   	info:AckNum: 78601
2026-03-27 13:54:49:074	EVENT:WINDOW_SLIDE   	base:78701   	next:78701   	cwnd:1222  	ssthresh:1100  	state:CongAvoid   	info:Base: 78601 -> 78701
2026-03-27 13:54:49:085	EVENT:SEND           	base:78701   	next:78801   	cwnd:1222  	ssthresh:1100  	state:CongAvoid   	info:DATA_seq: 78701
2026-03-27 13:54:49:086	EVENT:NEW_ACK        	base:78701   	next:78801   	cwnd:1222  	ssthresh:1100  	state:CongAvoid   	info:AckNum: 78701
2026-03-27 13:54:49:086	EVENT:WINDOW_SLIDE   	base:78801   	next:78801   	cwnd:1230  	ssthresh:1100  	state:CongAvoid   	info:Base: 78701 -> 78801
2026-03-27 13:54:49:096	EVENT:SEND           	base:78801   	next:78901   	cwnd:1230  	ssthresh:1100  	state:CongAvoid   	info:DATA_seq: 78801
2026-03-27 13:54:49:097	EVENT:NEW_ACK        	base:78801   	next:78901   	cwnd:1230  	ssthresh:1100  	state:CongAvoid   	info:AckNum: 78801
2026-03-27 13:54:49:097	EVENT:WINDOW_SLIDE   	base:78901   	next:78901   	cwnd:1238  	ssthresh:1100  	state:CongAvoid   	info:Base: 78801 -> 78901
2026-03-27 13:54:49:109	EVENT:SEND           	base:78901   	next:79001   	cwnd:1238  	ssthresh:1100  	state:CongAvoid   	info:DATA_seq: 78901
2026-03-27 13:54:49:110	EVENT:NEW_ACK        	base:78901   	next:79001   	cwnd:1238  	ssthresh:1100  	state:CongAvoid   	info:AckNum: 78901
2026-03-27 13:54:49:110	EVENT:WINDOW_SLIDE   	base:79001   	next:79001   	cwnd:1246  	ssthresh:1100  	state:CongAvoid   	info:Base: 78901 -> 79001
2026-03-27 13:54:49:122	EVENT:SEND           	base:79001   	next:79101   	cwnd:1246  	ssthresh:1100  	state:CongAvoid   	info:DATA_seq: 79001
2026-03-27 13:54:49:122	EVENT:NEW_ACK        	base:79001   	next:79101   	cwnd:1246  	ssthresh:1100  	state:CongAvoid   	info:AckNum: 79001
2026-03-27 13:54:49:122	EVENT:WINDOW_SLIDE   	base:79101   	next:79101   	cwnd:1254  	ssthresh:1100  	state:CongAvoid   	info:Base: 79001 -> 79101
2026-03-27 13:54:49:132	EVENT:SEND           	base:79101   	next:79201   	cwnd:1254  	ssthresh:1100  	state:CongAvoid   	info:DATA_seq: 79101
2026-03-27 13:54:49:133	EVENT:NEW_ACK        	base:79101   	next:79201   	cwnd:1254  	ssthresh:1100  	state:CongAvoid   	info:AckNum: 79101
2026-03-27 13:54:49:133	EVENT:WINDOW_SLIDE   	base:79201   	next:79201   	cwnd:1261  	ssthresh:1100  	state:CongAvoid   	info:Base: 79101 -> 79201
2026-03-27 13:54:49:145	EVENT:SEND           	base:79201   	next:79301   	cwnd:1261  	ssthresh:1100  	state:CongAvoid   	info:DATA_seq: 79201
2026-03-27 13:54:49:146	EVENT:NEW_ACK        	base:79201   	next:79301   	cwnd:1261  	ssthresh:1100  	state:CongAvoid   	info:AckNum: 79201
2026-03-27 13:54:49:146	EVENT:WINDOW_SLIDE   	base:79301   	next:79301   	cwnd:1268  	ssthresh:1100  	state:CongAvoid   	info:Base: 79201 -> 79301
2026-03-27 13:54:49:157	EVENT:SEND           	base:79301   	next:79401   	cwnd:1268  	ssthresh:1100  	state:CongAvoid   	info:DATA_seq: 79301
2026-03-27 13:54:49:157	EVENT:NEW_ACK        	base:79301   	next:79401   	cwnd:1268  	ssthresh:1100  	state:CongAvoid   	info:AckNum: 79301
2026-03-27 13:54:49:157	EVENT:WINDOW_SLIDE   	base:79401   	next:79401   	cwnd:1275  	ssthresh:1100  	state:CongAvoid   	info:Base: 79301 -> 79401
2026-03-27 13:54:49:170	EVENT:SEND           	base:79401   	next:79501   	cwnd:1275  	ssthresh:1100  	state:CongAvoid   	info:DATA_seq: 79401
2026-03-27 13:54:49:170	EVENT:NEW_ACK        	base:79401   	next:79501   	cwnd:1275  	ssthresh:1100  	state:CongAvoid   	info:AckNum: 79401
2026-03-27 13:54:49:170	EVENT:WINDOW_SLIDE   	base:79501   	next:79501   	cwnd:1282  	ssthresh:1100  	state:CongAvoid   	info:Base: 79401 -> 79501
2026-03-27 13:54:49:180	EVENT:SEND           	base:79501   	next:79601   	cwnd:1282  	ssthresh:1100  	state:CongAvoid   	info:DATA_seq: 79501
2026-03-27 13:54:49:181	EVENT:NEW_ACK        	base:79501   	next:79601   	cwnd:1282  	ssthresh:1100  	state:CongAvoid   	info:AckNum: 79501
2026-03-27 13:54:49:181	EVENT:WINDOW_SLIDE   	base:79601   	next:79601   	cwnd:1289  	ssthresh:1100  	state:CongAvoid   	info:Base: 79501 -> 79601
2026-03-27 13:54:49:193	EVENT:SEND           	base:79601   	next:79701   	cwnd:1289  	ssthresh:1100  	state:CongAvoid   	info:DATA_seq: 79601
2026-03-27 13:54:49:194	EVENT:NEW_ACK        	base:79601   	next:79701   	cwnd:1289  	ssthresh:1100  	state:CongAvoid   	info:AckNum: 79601
2026-03-27 13:54:49:194	EVENT:WINDOW_SLIDE   	base:79701   	next:79701   	cwnd:1296  	ssthresh:1100  	state:CongAvoid   	info:Base: 79601 -> 79701
2026-03-27 13:54:49:204	EVENT:SEND           	base:79701   	next:79801   	cwnd:1296  	ssthresh:1100  	state:CongAvoid   	info:DATA_seq: 79701
2026-03-27 13:54:49:204	EVENT:NEW_ACK        	base:79701   	next:79801   	cwnd:1296  	ssthresh:1100  	state:CongAvoid   	info:AckNum: 79701
2026-03-27 13:54:49:204	EVENT:WINDOW_SLIDE   	base:79801   	next:79801   	cwnd:1303  	ssthresh:1100  	state:CongAvoid   	info:Base: 79701 -> 79801
2026-03-27 13:54:49:214	EVENT:SEND           	base:79801   	next:79901   	cwnd:1303  	ssthresh:1100  	state:CongAvoid   	info:DATA_seq: 79801
2026-03-27 13:54:49:215	EVENT:NEW_ACK        	base:79801   	next:79901   	cwnd:1303  	ssthresh:1100  	state:CongAvoid   	info:AckNum: 79801
2026-03-27 13:54:49:215	EVENT:WINDOW_SLIDE   	base:79901   	next:79901   	cwnd:1310  	ssthresh:1100  	state:CongAvoid   	info:Base: 79801 -> 79901
2026-03-27 13:54:49:225	EVENT:SEND           	base:79901   	next:80001   	cwnd:1310  	ssthresh:1100  	state:CongAvoid   	info:DATA_seq: 79901
2026-03-27 13:54:49:226	EVENT:NEW_ACK        	base:79901   	next:80001   	cwnd:1310  	ssthresh:1100  	state:CongAvoid   	info:AckNum: 79901
2026-03-27 13:54:49:226	EVENT:WINDOW_SLIDE   	base:80001   	next:80001   	cwnd:1317  	ssthresh:1100  	state:CongAvoid   	info:Base: 79901 -> 80001
2026-03-27 13:54:49:238	EVENT:SEND           	base:80001   	next:80101   	cwnd:1317  	ssthresh:1100  	state:CongAvoid   	info:DATA_seq: 80001
2026-03-27 13:54:49:238	EVENT:NEW_ACK        	base:80001   	next:80101   	cwnd:1317  	ssthresh:1100  	state:CongAvoid   	info:AckNum: 80001
2026-03-27 13:54:49:238	EVENT:WINDOW_SLIDE   	base:80101   	next:80101   	cwnd:1324  	ssthresh:1100  	state:CongAvoid   	info:Base: 80001 -> 80101
2026-03-27 13:54:49:251	EVENT:SEND           	base:80101   	next:80201   	cwnd:1324  	ssthresh:1100  	state:CongAvoid   	info:DATA_seq: 80101
2026-03-27 13:54:49:251	EVENT:NEW_ACK        	base:80101   	next:80201   	cwnd:1324  	ssthresh:1100  	state:CongAvoid   	info:AckNum: 80101
2026-03-27 13:54:49:251	EVENT:WINDOW_SLIDE   	base:80201   	next:80201   	cwnd:1331  	ssthresh:1100  	state:CongAvoid   	info:Base: 80101 -> 80201
2026-03-27 13:54:49:261	EVENT:SEND           	base:80201   	next:80301   	cwnd:1331  	ssthresh:1100  	state:CongAvoid   	info:DATA_seq: 80201
2026-03-27 13:54:49:262	EVENT:NEW_ACK        	base:80201   	next:80301   	cwnd:1331  	ssthresh:1100  	state:CongAvoid   	info:AckNum: 80201
2026-03-27 13:54:49:262	EVENT:WINDOW_SLIDE   	base:80301   	next:80301   	cwnd:1338  	ssthresh:1100  	state:CongAvoid   	info:Base: 80201 -> 80301
2026-03-27 13:54:49:272	EVENT:SEND           	base:80301   	next:80401   	cwnd:1338  	ssthresh:1100  	state:CongAvoid   	info:DATA_seq: 80301
2026-03-27 13:54:49:272	EVENT:NEW_ACK        	base:80301   	next:80401   	cwnd:1338  	ssthresh:1100  	state:CongAvoid   	info:AckNum: 80301
2026-03-27 13:54:49:272	EVENT:WINDOW_SLIDE   	base:80401   	next:80401   	cwnd:1345  	ssthresh:1100  	state:CongAvoid   	info:Base: 80301 -> 80401
2026-03-27 13:54:49:282	EVENT:SEND           	base:80401   	next:80501   	cwnd:1345  	ssthresh:1100  	state:CongAvoid   	info:DATA_seq: 80401
2026-03-27 13:54:49:282	EVENT:NEW_ACK        	base:80401   	next:80501   	cwnd:1345  	ssthresh:1100  	state:CongAvoid   	info:AckNum: 80401
2026-03-27 13:54:49:282	EVENT:WINDOW_SLIDE   	base:80501   	next:80501   	cwnd:1352  	ssthresh:1100  	state:CongAvoid   	info:Base: 80401 -> 80501
2026-03-27 13:54:49:295	EVENT:SEND           	base:80501   	next:80601   	cwnd:1352  	ssthresh:1100  	state:CongAvoid   	info:DATA_seq: 80501
2026-03-27 13:54:49:295	EVENT:NEW_ACK        	base:80501   	next:80601   	cwnd:1352  	ssthresh:1100  	state:CongAvoid   	info:AckNum: 80501
2026-03-27 13:54:49:295	EVENT:WINDOW_SLIDE   	base:80601   	next:80601   	cwnd:1359  	ssthresh:1100  	state:CongAvoid   	info:Base: 80501 -> 80601
2026-03-27 13:54:49:306	EVENT:SEND           	base:80601   	next:80701   	cwnd:1359  	ssthresh:1100  	state:CongAvoid   	info:DATA_seq: 80601
2026-03-27 13:54:49:307	EVENT:NEW_ACK        	base:80601   	next:80701   	cwnd:1359  	ssthresh:1100  	state:CongAvoid   	info:AckNum: 80601
2026-03-27 13:54:49:307	EVENT:WINDOW_SLIDE   	base:80701   	next:80701   	cwnd:1366  	ssthresh:1100  	state:CongAvoid   	info:Base: 80601 -> 80701
2026-03-27 13:54:49:319	EVENT:SEND           	base:80701   	next:80801   	cwnd:1366  	ssthresh:1100  	state:CongAvoid   	info:DATA_seq: 80701
2026-03-27 13:54:49:320	EVENT:NEW_ACK        	base:80701   	next:80801   	cwnd:1366  	ssthresh:1100  	state:CongAvoid   	info:AckNum: 80701
2026-03-27 13:54:49:320	EVENT:WINDOW_SLIDE   	base:80801   	next:80801   	cwnd:1373  	ssthresh:1100  	state:CongAvoid   	info:Base: 80701 -> 80801
2026-03-27 13:54:49:332	EVENT:SEND           	base:80801   	next:80901   	cwnd:1373  	ssthresh:1100  	state:CongAvoid   	info:DATA_seq: 80801
2026-03-27 13:54:49:332	EVENT:NEW_ACK        	base:80801   	next:80901   	cwnd:1373  	ssthresh:1100  	state:CongAvoid   	info:AckNum: 80801
2026-03-27 13:54:49:332	EVENT:WINDOW_SLIDE   	base:80901   	next:80901   	cwnd:1380  	ssthresh:1100  	state:CongAvoid   	info:Base: 80801 -> 80901
2026-03-27 13:54:49:342	EVENT:SEND           	base:80901   	next:81001   	cwnd:1380  	ssthresh:1100  	state:CongAvoid   	info:DATA_seq: 80901
2026-03-27 13:54:49:343	EVENT:NEW_ACK        	base:80901   	next:81001   	cwnd:1380  	ssthresh:1100  	state:CongAvoid   	info:AckNum: 80901
2026-03-27 13:54:49:343	EVENT:WINDOW_SLIDE   	base:81001   	next:81001   	cwnd:1387  	ssthresh:1100  	state:CongAvoid   	info:Base: 80901 -> 81001
2026-03-27 13:54:49:354	EVENT:SEND           	base:81001   	next:81101   	cwnd:1387  	ssthresh:1100  	state:CongAvoid   	info:DATA_seq: 81001
2026-03-27 13:54:49:355	EVENT:NEW_ACK        	base:81001   	next:81101   	cwnd:1387  	ssthresh:1100  	state:CongAvoid   	info:AckNum: 81001
2026-03-27 13:54:49:355	EVENT:WINDOW_SLIDE   	base:81101   	next:81101   	cwnd:1394  	ssthresh:1100  	state:CongAvoid   	info:Base: 81001 -> 81101
2026-03-27 13:54:49:367	EVENT:SEND           	base:81101   	next:81201   	cwnd:1394  	ssthresh:1100  	state:CongAvoid   	info:DATA_seq: 81101
2026-03-27 13:54:49:368	EVENT:NEW_ACK        	base:81101   	next:81201   	cwnd:1394  	ssthresh:1100  	state:CongAvoid   	info:AckNum: 81101
2026-03-27 13:54:49:368	EVENT:WINDOW_SLIDE   	base:81201   	next:81201   	cwnd:1401  	ssthresh:1100  	state:CongAvoid   	info:Base: 81101 -> 81201
2026-03-27 13:54:49:378	EVENT:SEND           	base:81201   	next:81301   	cwnd:1401  	ssthresh:1100  	state:CongAvoid   	info:DATA_seq: 81201
2026-03-27 13:54:49:379	EVENT:NEW_ACK        	base:81201   	next:81301   	cwnd:1401  	ssthresh:1100  	state:CongAvoid   	info:AckNum: 81201
2026-03-27 13:54:49:379	EVENT:WINDOW_SLIDE   	base:81301   	next:81301   	cwnd:1408  	ssthresh:1100  	state:CongAvoid   	info:Base: 81201 -> 81301
2026-03-27 13:54:49:391	EVENT:SEND           	base:81301   	next:81401   	cwnd:1408  	ssthresh:1100  	state:CongAvoid   	info:DATA_seq: 81301
2026-03-27 13:54:49:391	EVENT:NEW_ACK        	base:81301   	next:81401   	cwnd:1408  	ssthresh:1100  	state:CongAvoid   	info:AckNum: 81301
2026-03-27 13:54:49:392	EVENT:WINDOW_SLIDE   	base:81401   	next:81401   	cwnd:1415  	ssthresh:1100  	state:CongAvoid   	info:Base: 81301 -> 81401
2026-03-27 13:54:49:404	EVENT:SEND           	base:81401   	next:81501   	cwnd:1415  	ssthresh:1100  	state:CongAvoid   	info:DATA_seq: 81401
2026-03-27 13:54:49:404	EVENT:NEW_ACK        	base:81401   	next:81501   	cwnd:1415  	ssthresh:1100  	state:CongAvoid   	info:AckNum: 81401
2026-03-27 13:54:49:405	EVENT:WINDOW_SLIDE   	base:81501   	next:81501   	cwnd:1422  	ssthresh:1100  	state:CongAvoid   	info:Base: 81401 -> 81501
2026-03-27 13:54:49:414	EVENT:SEND           	base:81501   	next:81601   	cwnd:1422  	ssthresh:1100  	state:CongAvoid   	info:DATA_seq: 81501
2026-03-27 13:54:49:415	EVENT:NEW_ACK        	base:81501   	next:81601   	cwnd:1422  	ssthresh:1100  	state:CongAvoid   	info:AckNum: 81501
2026-03-27 13:54:49:415	EVENT:WINDOW_SLIDE   	base:81601   	next:81601   	cwnd:1429  	ssthresh:1100  	state:CongAvoid   	info:Base: 81501 -> 81601
2026-03-27 13:54:49:427	EVENT:SEND           	base:81601   	next:81701   	cwnd:1429  	ssthresh:1100  	state:CongAvoid   	info:DATA_seq: 81601
2026-03-27 13:54:49:428	EVENT:NEW_ACK        	base:81601   	next:81701   	cwnd:1429  	ssthresh:1100  	state:CongAvoid   	info:AckNum: 81601
2026-03-27 13:54:49:428	EVENT:WINDOW_SLIDE   	base:81701   	next:81701   	cwnd:1435  	ssthresh:1100  	state:CongAvoid   	info:Base: 81601 -> 81701
2026-03-27 13:54:49:440	EVENT:SEND           	base:81701   	next:81801   	cwnd:1435  	ssthresh:1100  	state:CongAvoid   	info:DATA_seq: 81701
2026-03-27 13:54:49:441	EVENT:NEW_ACK        	base:81701   	next:81801   	cwnd:1435  	ssthresh:1100  	state:CongAvoid   	info:AckNum: 81701
2026-03-27 13:54:49:441	EVENT:WINDOW_SLIDE   	base:81801   	next:81801   	cwnd:1441  	ssthresh:1100  	state:CongAvoid   	info:Base: 81701 -> 81801
2026-03-27 13:54:49:453	EVENT:SEND           	base:81801   	next:81901   	cwnd:1441  	ssthresh:1100  	state:CongAvoid   	info:DATA_seq: 81801
2026-03-27 13:54:49:454	EVENT:NEW_ACK        	base:81801   	next:81901   	cwnd:1441  	ssthresh:1100  	state:CongAvoid   	info:AckNum: 81801
2026-03-27 13:54:49:454	EVENT:WINDOW_SLIDE   	base:81901   	next:81901   	cwnd:1447  	ssthresh:1100  	state:CongAvoid   	info:Base: 81801 -> 81901
2026-03-27 13:54:49:466	EVENT:SEND           	base:81901   	next:82001   	cwnd:1447  	ssthresh:1100  	state:CongAvoid   	info:DATA_seq: 81901
2026-03-27 13:54:49:467	EVENT:NEW_ACK        	base:81901   	next:82001   	cwnd:1447  	ssthresh:1100  	state:CongAvoid   	info:AckNum: 81901
2026-03-27 13:54:49:467	EVENT:WINDOW_SLIDE   	base:82001   	next:82001   	cwnd:1453  	ssthresh:1100  	state:CongAvoid   	info:Base: 81901 -> 82001
2026-03-27 13:54:49:479	EVENT:SEND           	base:82001   	next:82101   	cwnd:1453  	ssthresh:1100  	state:CongAvoid   	info:DATA_seq: 82001
2026-03-27 13:54:49:484	EVENT:NEW_ACK        	base:82001   	next:82101   	cwnd:1453  	ssthresh:1100  	state:CongAvoid   	info:AckNum: 82001
2026-03-27 13:54:49:484	EVENT:WINDOW_SLIDE   	base:82101   	next:82101   	cwnd:1459  	ssthresh:1100  	state:CongAvoid   	info:Base: 82001 -> 82101
2026-03-27 13:54:49:491	EVENT:SEND           	base:82101   	next:82201   	cwnd:1459  	ssthresh:1100  	state:CongAvoid   	info:DATA_seq: 82101
2026-03-27 13:54:49:492	EVENT:NEW_ACK        	base:82101   	next:82201   	cwnd:1459  	ssthresh:1100  	state:CongAvoid   	info:AckNum: 82101
2026-03-27 13:54:49:492	EVENT:WINDOW_SLIDE   	base:82201   	next:82201   	cwnd:1465  	ssthresh:1100  	state:CongAvoid   	info:Base: 82101 -> 82201
2026-03-27 13:54:49:503	EVENT:SEND           	base:82201   	next:82301   	cwnd:1465  	ssthresh:1100  	state:CongAvoid   	info:DATA_seq: 82201
2026-03-27 13:54:49:504	EVENT:NEW_ACK        	base:82201   	next:82301   	cwnd:1465  	ssthresh:1100  	state:CongAvoid   	info:AckNum: 82201
2026-03-27 13:54:49:504	EVENT:WINDOW_SLIDE   	base:82301   	next:82301   	cwnd:1471  	ssthresh:1100  	state:CongAvoid   	info:Base: 82201 -> 82301
2026-03-27 13:54:49:514	EVENT:SEND           	base:82301   	next:82401   	cwnd:1471  	ssthresh:1100  	state:CongAvoid   	info:DATA_seq: 82301
2026-03-27 13:54:49:514	EVENT:NEW_ACK        	base:82301   	next:82401   	cwnd:1471  	ssthresh:1100  	state:CongAvoid   	info:AckNum: 82301
2026-03-27 13:54:49:515	EVENT:WINDOW_SLIDE   	base:82401   	next:82401   	cwnd:1477  	ssthresh:1100  	state:CongAvoid   	info:Base: 82301 -> 82401
2026-03-27 13:54:49:525	EVENT:SEND           	base:82401   	next:82501   	cwnd:1477  	ssthresh:1100  	state:CongAvoid   	info:DATA_seq: 82401
2026-03-27 13:54:49:526	EVENT:NEW_ACK        	base:82401   	next:82501   	cwnd:1477  	ssthresh:1100  	state:CongAvoid   	info:AckNum: 82401
2026-03-27 13:54:49:526	EVENT:WINDOW_SLIDE   	base:82501   	next:82501   	cwnd:1483  	ssthresh:1100  	state:CongAvoid   	info:Base: 82401 -> 82501
2026-03-27 13:54:49:536	EVENT:SEND           	base:82501   	next:82601   	cwnd:1483  	ssthresh:1100  	state:CongAvoid   	info:DATA_seq: 82501
2026-03-27 13:54:49:537	EVENT:NEW_ACK        	base:82501   	next:82601   	cwnd:1483  	ssthresh:1100  	state:CongAvoid   	info:AckNum: 82501
2026-03-27 13:54:49:537	EVENT:WINDOW_SLIDE   	base:82601   	next:82601   	cwnd:1489  	ssthresh:1100  	state:CongAvoid   	info:Base: 82501 -> 82601
2026-03-27 13:54:49:549	EVENT:SEND           	base:82601   	next:82701   	cwnd:1489  	ssthresh:1100  	state:CongAvoid   	info:DATA_seq: 82601
2026-03-27 13:54:49:550	EVENT:NEW_ACK        	base:82601   	next:82701   	cwnd:1489  	ssthresh:1100  	state:CongAvoid   	info:AckNum: 82601
2026-03-27 13:54:49:550	EVENT:WINDOW_SLIDE   	base:82701   	next:82701   	cwnd:1495  	ssthresh:1100  	state:CongAvoid   	info:Base: 82601 -> 82701
2026-03-27 13:54:49:560	EVENT:SEND           	base:82701   	next:82801   	cwnd:1495  	ssthresh:1100  	state:CongAvoid   	info:DATA_seq: 82701
2026-03-27 13:54:49:560	EVENT:NEW_ACK        	base:82701   	next:82801   	cwnd:1495  	ssthresh:1100  	state:CongAvoid   	info:AckNum: 82701
2026-03-27 13:54:49:560	EVENT:WINDOW_SLIDE   	base:82801   	next:82801   	cwnd:1501  	ssthresh:1100  	state:CongAvoid   	info:Base: 82701 -> 82801
2026-03-27 13:54:49:570	EVENT:SEND           	base:82801   	next:82901   	cwnd:1501  	ssthresh:1100  	state:CongAvoid   	info:DATA_seq: 82801
2026-03-27 13:54:49:571	EVENT:NEW_ACK        	base:82801   	next:82901   	cwnd:1501  	ssthresh:1100  	state:CongAvoid   	info:AckNum: 82801
2026-03-27 13:54:49:571	EVENT:WINDOW_SLIDE   	base:82901   	next:82901   	cwnd:1507  	ssthresh:1100  	state:CongAvoid   	info:Base: 82801 -> 82901
2026-03-27 13:54:49:583	EVENT:SEND           	base:82901   	next:83001   	cwnd:1507  	ssthresh:1100  	state:CongAvoid   	info:DATA_seq: 82901
2026-03-27 13:54:49:584	EVENT:NEW_ACK        	base:82901   	next:83001   	cwnd:1507  	ssthresh:1100  	state:CongAvoid   	info:AckNum: 82901
2026-03-27 13:54:49:584	EVENT:WINDOW_SLIDE   	base:83001   	next:83001   	cwnd:1513  	ssthresh:1100  	state:CongAvoid   	info:Base: 82901 -> 83001
2026-03-27 13:54:49:595	EVENT:SEND           	base:83001   	next:83101   	cwnd:1513  	ssthresh:1100  	state:CongAvoid   	info:DATA_seq: 83001
2026-03-27 13:54:49:595	EVENT:NEW_ACK        	base:83001   	next:83101   	cwnd:1513  	ssthresh:1100  	state:CongAvoid   	info:AckNum: 83001
2026-03-27 13:54:49:595	EVENT:WINDOW_SLIDE   	base:83101   	next:83101   	cwnd:1519  	ssthresh:1100  	state:CongAvoid   	info:Base: 83001 -> 83101
2026-03-27 13:54:49:607	EVENT:SEND           	base:83101   	next:83201   	cwnd:1519  	ssthresh:1100  	state:CongAvoid   	info:DATA_seq: 83101
2026-03-27 13:54:49:608	EVENT:NEW_ACK        	base:83101   	next:83201   	cwnd:1519  	ssthresh:1100  	state:CongAvoid   	info:AckNum: 83101
2026-03-27 13:54:49:608	EVENT:WINDOW_SLIDE   	base:83201   	next:83201   	cwnd:1525  	ssthresh:1100  	state:CongAvoid   	info:Base: 83101 -> 83201
2026-03-27 13:54:49:620	EVENT:SEND           	base:83201   	next:83301   	cwnd:1525  	ssthresh:1100  	state:CongAvoid   	info:DATA_seq: 83201
2026-03-27 13:54:49:621	EVENT:NEW_ACK        	base:83201   	next:83301   	cwnd:1525  	ssthresh:1100  	state:CongAvoid   	info:AckNum: 83201
2026-03-27 13:54:49:621	EVENT:WINDOW_SLIDE   	base:83301   	next:83301   	cwnd:1531  	ssthresh:1100  	state:CongAvoid   	info:Base: 83201 -> 83301
2026-03-27 13:54:49:631	EVENT:SEND           	base:83301   	next:83401   	cwnd:1531  	ssthresh:1100  	state:CongAvoid   	info:DATA_seq: 83301
2026-03-27 13:54:49:631	EVENT:NEW_ACK        	base:83301   	next:83401   	cwnd:1531  	ssthresh:1100  	state:CongAvoid   	info:AckNum: 83301
2026-03-27 13:54:49:631	EVENT:WINDOW_SLIDE   	base:83401   	next:83401   	cwnd:1537  	ssthresh:1100  	state:CongAvoid   	info:Base: 83301 -> 83401
2026-03-27 13:54:49:643	EVENT:SEND           	base:83401   	next:83501   	cwnd:1537  	ssthresh:1100  	state:CongAvoid   	info:DATA_seq: 83401
2026-03-27 13:54:49:643	EVENT:NEW_ACK        	base:83401   	next:83501   	cwnd:1537  	ssthresh:1100  	state:CongAvoid   	info:AckNum: 83401
2026-03-27 13:54:49:643	EVENT:WINDOW_SLIDE   	base:83501   	next:83501   	cwnd:1543  	ssthresh:1100  	state:CongAvoid   	info:Base: 83401 -> 83501
2026-03-27 13:54:49:656	EVENT:SEND           	base:83501   	next:83601   	cwnd:1543  	ssthresh:1100  	state:CongAvoid   	info:DATA_seq: 83501
2026-03-27 13:54:49:656	EVENT:NEW_ACK        	base:83501   	next:83601   	cwnd:1543  	ssthresh:1100  	state:CongAvoid   	info:AckNum: 83501
2026-03-27 13:54:49:656	EVENT:WINDOW_SLIDE   	base:83601   	next:83601   	cwnd:1549  	ssthresh:1100  	state:CongAvoid   	info:Base: 83501 -> 83601
2026-03-27 13:54:49:667	EVENT:SEND           	base:83601   	next:83701   	cwnd:1549  	ssthresh:1100  	state:CongAvoid   	info:DATA_seq: 83601
2026-03-27 13:54:49:668	EVENT:NEW_ACK        	base:83601   	next:83701   	cwnd:1549  	ssthresh:1100  	state:CongAvoid   	info:AckNum: 83601
2026-03-27 13:54:49:668	EVENT:WINDOW_SLIDE   	base:83701   	next:83701   	cwnd:1555  	ssthresh:1100  	state:CongAvoid   	info:Base: 83601 -> 83701
2026-03-27 13:54:49:680	EVENT:SEND           	base:83701   	next:83801   	cwnd:1555  	ssthresh:1100  	state:CongAvoid   	info:DATA_seq: 83701
2026-03-27 13:54:49:680	EVENT:NEW_ACK        	base:83701   	next:83801   	cwnd:1555  	ssthresh:1100  	state:CongAvoid   	info:AckNum: 83701
2026-03-27 13:54:49:680	EVENT:WINDOW_SLIDE   	base:83801   	next:83801   	cwnd:1561  	ssthresh:1100  	state:CongAvoid   	info:Base: 83701 -> 83801
2026-03-27 13:54:49:693	EVENT:SEND           	base:83801   	next:83901   	cwnd:1561  	ssthresh:1100  	state:CongAvoid   	info:DATA_seq: 83801
2026-03-27 13:54:49:693	EVENT:NEW_ACK        	base:83801   	next:83901   	cwnd:1561  	ssthresh:1100  	state:CongAvoid   	info:AckNum: 83801
2026-03-27 13:54:49:693	EVENT:WINDOW_SLIDE   	base:83901   	next:83901   	cwnd:1567  	ssthresh:1100  	state:CongAvoid   	info:Base: 83801 -> 83901
2026-03-27 13:54:49:706	EVENT:SEND           	base:83901   	next:84001   	cwnd:1567  	ssthresh:1100  	state:CongAvoid   	info:DATA_seq: 83901
2026-03-27 13:54:49:707	EVENT:NEW_ACK        	base:83901   	next:84001   	cwnd:1567  	ssthresh:1100  	state:CongAvoid   	info:AckNum: 83901
2026-03-27 13:54:49:707	EVENT:WINDOW_SLIDE   	base:84001   	next:84001   	cwnd:1573  	ssthresh:1100  	state:CongAvoid   	info:Base: 83901 -> 84001
2026-03-27 13:54:49:719	EVENT:SEND           	base:84001   	next:84101   	cwnd:1573  	ssthresh:1100  	state:CongAvoid   	info:DATA_seq: 84001
2026-03-27 13:54:49:720	EVENT:NEW_ACK        	base:84001   	next:84101   	cwnd:1573  	ssthresh:1100  	state:CongAvoid   	info:AckNum: 84001
2026-03-27 13:54:49:720	EVENT:WINDOW_SLIDE   	base:84101   	next:84101   	cwnd:1579  	ssthresh:1100  	state:CongAvoid   	info:Base: 84001 -> 84101
2026-03-27 13:54:49:732	EVENT:SEND           	base:84101   	next:84201   	cwnd:1579  	ssthresh:1100  	state:CongAvoid   	info:DATA_seq: 84101
2026-03-27 13:54:49:732	EVENT:NEW_ACK        	base:84101   	next:84201   	cwnd:1579  	ssthresh:1100  	state:CongAvoid   	info:AckNum: 84101
2026-03-27 13:54:49:732	EVENT:WINDOW_SLIDE   	base:84201   	next:84201   	cwnd:1585  	ssthresh:1100  	state:CongAvoid   	info:Base: 84101 -> 84201
2026-03-27 13:54:49:743	EVENT:SEND           	base:84201   	next:84301   	cwnd:1585  	ssthresh:1100  	state:CongAvoid   	info:DATA_seq: 84201
2026-03-27 13:54:49:744	EVENT:NEW_ACK        	base:84201   	next:84301   	cwnd:1585  	ssthresh:1100  	state:CongAvoid   	info:AckNum: 84201
2026-03-27 13:54:49:744	EVENT:WINDOW_SLIDE   	base:84301   	next:84301   	cwnd:1591  	ssthresh:1100  	state:CongAvoid   	info:Base: 84201 -> 84301
2026-03-27 13:54:49:755	EVENT:SEND           	base:84301   	next:84401   	cwnd:1591  	ssthresh:1100  	state:CongAvoid   	info:DATA_seq: 84301
2026-03-27 13:54:49:756	EVENT:NEW_ACK        	base:84301   	next:84401   	cwnd:1591  	ssthresh:1100  	state:CongAvoid   	info:AckNum: 84301
2026-03-27 13:54:49:756	EVENT:WINDOW_SLIDE   	base:84401   	next:84401   	cwnd:1597  	ssthresh:1100  	state:CongAvoid   	info:Base: 84301 -> 84401
2026-03-27 13:54:49:769	EVENT:SEND           	base:84401   	next:84501   	cwnd:1597  	ssthresh:1100  	state:CongAvoid   	info:DATA_seq: 84401
2026-03-27 13:54:49:770	EVENT:NEW_ACK        	base:84401   	next:84501   	cwnd:1597  	ssthresh:1100  	state:CongAvoid   	info:AckNum: 84401
2026-03-27 13:54:49:770	EVENT:WINDOW_SLIDE   	base:84501   	next:84501   	cwnd:1603  	ssthresh:1100  	state:CongAvoid   	info:Base: 84401 -> 84501
2026-03-27 13:54:49:781	EVENT:SEND           	base:84501   	next:84601   	cwnd:1603  	ssthresh:1100  	state:CongAvoid   	info:DATA_seq: 84501
2026-03-27 13:54:49:782	EVENT:NEW_ACK        	base:84501   	next:84601   	cwnd:1603  	ssthresh:1100  	state:CongAvoid   	info:AckNum: 84501
2026-03-27 13:54:49:782	EVENT:WINDOW_SLIDE   	base:84601   	next:84601   	cwnd:1609  	ssthresh:1100  	state:CongAvoid   	info:Base: 84501 -> 84601
2026-03-27 13:54:49:794	EVENT:SEND           	base:84601   	next:84701   	cwnd:1609  	ssthresh:1100  	state:CongAvoid   	info:DATA_seq: 84601
2026-03-27 13:54:49:805	EVENT:SEND           	base:84601   	next:84801   	cwnd:1609  	ssthresh:1100  	state:CongAvoid   	info:DATA_seq: 84701
2026-03-27 13:54:49:806	EVENT:NEW_ACK        	base:84601   	next:84801   	cwnd:1609  	ssthresh:1100  	state:CongAvoid   	info:AckNum: 84701
2026-03-27 13:54:49:806	EVENT:WINDOW_SLIDE   	base:84801   	next:84801   	cwnd:1615  	ssthresh:1100  	state:CongAvoid   	info:Base: 84601 -> 84801
2026-03-27 13:54:49:816	EVENT:SEND           	base:84801   	next:84901   	cwnd:1615  	ssthresh:1100  	state:CongAvoid   	info:DATA_seq: 84801
2026-03-27 13:54:49:817	EVENT:NEW_ACK        	base:84801   	next:84901   	cwnd:1615  	ssthresh:1100  	state:CongAvoid   	info:AckNum: 84801
2026-03-27 13:54:49:817	EVENT:WINDOW_SLIDE   	base:84901   	next:84901   	cwnd:1621  	ssthresh:1100  	state:CongAvoid   	info:Base: 84801 -> 84901
2026-03-27 13:54:49:827	EVENT:SEND           	base:84901   	next:85001   	cwnd:1621  	ssthresh:1100  	state:CongAvoid   	info:DATA_seq: 84901
2026-03-27 13:54:49:828	EVENT:NEW_ACK        	base:84901   	next:85001   	cwnd:1621  	ssthresh:1100  	state:CongAvoid   	info:AckNum: 84901
2026-03-27 13:54:49:828	EVENT:WINDOW_SLIDE   	base:85001   	next:85001   	cwnd:1627  	ssthresh:1100  	state:CongAvoid   	info:Base: 84901 -> 85001
2026-03-27 13:54:49:838	EVENT:SEND           	base:85001   	next:85101   	cwnd:1627  	ssthresh:1100  	state:CongAvoid   	info:DATA_seq: 85001
2026-03-27 13:54:49:838	EVENT:NEW_ACK        	base:85001   	next:85101   	cwnd:1627  	ssthresh:1100  	state:CongAvoid   	info:AckNum: 85001
2026-03-27 13:54:49:838	EVENT:WINDOW_SLIDE   	base:85101   	next:85101   	cwnd:1633  	ssthresh:1100  	state:CongAvoid   	info:Base: 85001 -> 85101
2026-03-27 13:54:49:850	EVENT:SEND           	base:85101   	next:85201   	cwnd:1633  	ssthresh:1100  	state:CongAvoid   	info:DATA_seq: 85101
2026-03-27 13:54:49:851	EVENT:NEW_ACK        	base:85101   	next:85201   	cwnd:1633  	ssthresh:1100  	state:CongAvoid   	info:AckNum: 85101
2026-03-27 13:54:49:851	EVENT:WINDOW_SLIDE   	base:85201   	next:85201   	cwnd:1639  	ssthresh:1100  	state:CongAvoid   	info:Base: 85101 -> 85201
2026-03-27 13:54:49:862	EVENT:SEND           	base:85201   	next:85301   	cwnd:1639  	ssthresh:1100  	state:CongAvoid   	info:DATA_seq: 85201
2026-03-27 13:54:49:862	EVENT:NEW_ACK        	base:85201   	next:85301   	cwnd:1639  	ssthresh:1100  	state:CongAvoid   	info:AckNum: 85201
2026-03-27 13:54:49:863	EVENT:WINDOW_SLIDE   	base:85301   	next:85301   	cwnd:1645  	ssthresh:1100  	state:CongAvoid   	info:Base: 85201 -> 85301
2026-03-27 13:54:49:874	EVENT:SEND           	base:85301   	next:85401   	cwnd:1645  	ssthresh:1100  	state:CongAvoid   	info:DATA_seq: 85301
2026-03-27 13:54:49:874	EVENT:NEW_ACK        	base:85301   	next:85401   	cwnd:1645  	ssthresh:1100  	state:CongAvoid   	info:AckNum: 85301
2026-03-27 13:54:49:874	EVENT:WINDOW_SLIDE   	base:85401   	next:85401   	cwnd:1651  	ssthresh:1100  	state:CongAvoid   	info:Base: 85301 -> 85401
2026-03-27 13:54:49:887	EVENT:SEND           	base:85401   	next:85501   	cwnd:1651  	ssthresh:1100  	state:CongAvoid   	info:DATA_seq: 85401
2026-03-27 13:54:49:888	EVENT:NEW_ACK        	base:85401   	next:85501   	cwnd:1651  	ssthresh:1100  	state:CongAvoid   	info:AckNum: 85401
2026-03-27 13:54:49:888	EVENT:WINDOW_SLIDE   	base:85501   	next:85501   	cwnd:1657  	ssthresh:1100  	state:CongAvoid   	info:Base: 85401 -> 85501
2026-03-27 13:54:49:900	EVENT:SEND           	base:85501   	next:85601   	cwnd:1657  	ssthresh:1100  	state:CongAvoid   	info:DATA_seq: 85501
2026-03-27 13:54:49:901	EVENT:NEW_ACK        	base:85501   	next:85601   	cwnd:1657  	ssthresh:1100  	state:CongAvoid   	info:AckNum: 85501
2026-03-27 13:54:49:901	EVENT:WINDOW_SLIDE   	base:85601   	next:85601   	cwnd:1663  	ssthresh:1100  	state:CongAvoid   	info:Base: 85501 -> 85601
2026-03-27 13:54:49:914	EVENT:SEND           	base:85601   	next:85701   	cwnd:1663  	ssthresh:1100  	state:CongAvoid   	info:DATA_seq: 85601
2026-03-27 13:54:49:916	EVENT:NEW_ACK        	base:85601   	next:85701   	cwnd:1663  	ssthresh:1100  	state:CongAvoid   	info:AckNum: 85601
2026-03-27 13:54:49:916	EVENT:WINDOW_SLIDE   	base:85701   	next:85701   	cwnd:1669  	ssthresh:1100  	state:CongAvoid   	info:Base: 85601 -> 85701
2026-03-27 13:54:49:926	EVENT:SEND           	base:85701   	next:85801   	cwnd:1669  	ssthresh:1100  	state:CongAvoid   	info:DATA_seq: 85701
2026-03-27 13:54:49:928	EVENT:NEW_ACK        	base:85701   	next:85801   	cwnd:1669  	ssthresh:1100  	state:CongAvoid   	info:AckNum: 85701
2026-03-27 13:54:49:928	EVENT:WINDOW_SLIDE   	base:85801   	next:85801   	cwnd:1674  	ssthresh:1100  	state:CongAvoid   	info:Base: 85701 -> 85801
2026-03-27 13:54:49:937	EVENT:SEND           	base:85801   	next:85901   	cwnd:1674  	ssthresh:1100  	state:CongAvoid   	info:DATA_seq: 85801
2026-03-27 13:54:49:938	EVENT:NEW_ACK        	base:85801   	next:85901   	cwnd:1674  	ssthresh:1100  	state:CongAvoid   	info:AckNum: 85801
2026-03-27 13:54:49:938	EVENT:WINDOW_SLIDE   	base:85901   	next:85901   	cwnd:1679  	ssthresh:1100  	state:CongAvoid   	info:Base: 85801 -> 85901
2026-03-27 13:54:49:950	EVENT:SEND           	base:85901   	next:86001   	cwnd:1679  	ssthresh:1100  	state:CongAvoid   	info:DATA_seq: 85901
2026-03-27 13:54:49:952	EVENT:NEW_ACK        	base:85901   	next:86001   	cwnd:1679  	ssthresh:1100  	state:CongAvoid   	info:AckNum: 85901
2026-03-27 13:54:49:952	EVENT:WINDOW_SLIDE   	base:86001   	next:86001   	cwnd:1684  	ssthresh:1100  	state:CongAvoid   	info:Base: 85901 -> 86001
2026-03-27 13:54:49:961	EVENT:SEND           	base:86001   	next:86101   	cwnd:1684  	ssthresh:1100  	state:CongAvoid   	info:DATA_seq: 86001
2026-03-27 13:54:49:962	EVENT:NEW_ACK        	base:86001   	next:86101   	cwnd:1684  	ssthresh:1100  	state:CongAvoid   	info:AckNum: 86001
2026-03-27 13:54:49:962	EVENT:WINDOW_SLIDE   	base:86101   	next:86101   	cwnd:1689  	ssthresh:1100  	state:CongAvoid   	info:Base: 86001 -> 86101
2026-03-27 13:54:49:974	EVENT:SEND           	base:86101   	next:86201   	cwnd:1689  	ssthresh:1100  	state:CongAvoid   	info:DATA_seq: 86101
2026-03-27 13:54:49:975	EVENT:NEW_ACK        	base:86101   	next:86201   	cwnd:1689  	ssthresh:1100  	state:CongAvoid   	info:AckNum: 86101
2026-03-27 13:54:49:975	EVENT:WINDOW_SLIDE   	base:86201   	next:86201   	cwnd:1694  	ssthresh:1100  	state:CongAvoid   	info:Base: 86101 -> 86201
2026-03-27 13:54:49:987	EVENT:SEND           	base:86201   	next:86301   	cwnd:1694  	ssthresh:1100  	state:CongAvoid   	info:DATA_seq: 86201
2026-03-27 13:54:49:988	EVENT:NEW_ACK        	base:86201   	next:86301   	cwnd:1694  	ssthresh:1100  	state:CongAvoid   	info:AckNum: 86201
2026-03-27 13:54:49:988	EVENT:WINDOW_SLIDE   	base:86301   	next:86301   	cwnd:1699  	ssthresh:1100  	state:CongAvoid   	info:Base: 86201 -> 86301
2026-03-27 13:54:49:998	EVENT:SEND           	base:86301   	next:86401   	cwnd:1699  	ssthresh:1100  	state:CongAvoid   	info:DATA_seq: 86301
2026-03-27 13:54:49:999	EVENT:NEW_ACK        	base:86301   	next:86401   	cwnd:1699  	ssthresh:1100  	state:CongAvoid   	info:AckNum: 86301
2026-03-27 13:54:49:999	EVENT:WINDOW_SLIDE   	base:86401   	next:86401   	cwnd:1704  	ssthresh:1100  	state:CongAvoid   	info:Base: 86301 -> 86401
2026-03-27 13:54:50:010	EVENT:SEND           	base:86401   	next:86501   	cwnd:1704  	ssthresh:1100  	state:CongAvoid   	info:DATA_seq: 86401
2026-03-27 13:54:50:011	EVENT:NEW_ACK        	base:86401   	next:86501   	cwnd:1704  	ssthresh:1100  	state:CongAvoid   	info:AckNum: 86401
2026-03-27 13:54:50:011	EVENT:WINDOW_SLIDE   	base:86501   	next:86501   	cwnd:1709  	ssthresh:1100  	state:CongAvoid   	info:Base: 86401 -> 86501
2026-03-27 13:54:50:023	EVENT:SEND           	base:86501   	next:86601   	cwnd:1709  	ssthresh:1100  	state:CongAvoid   	info:DATA_seq: 86501
2026-03-27 13:54:50:023	EVENT:NEW_ACK        	base:86501   	next:86601   	cwnd:1709  	ssthresh:1100  	state:CongAvoid   	info:AckNum: 86501
2026-03-27 13:54:50:023	EVENT:WINDOW_SLIDE   	base:86601   	next:86601   	cwnd:1714  	ssthresh:1100  	state:CongAvoid   	info:Base: 86501 -> 86601
2026-03-27 13:54:50:036	EVENT:SEND           	base:86601   	next:86701   	cwnd:1714  	ssthresh:1100  	state:CongAvoid   	info:DATA_seq: 86601
2026-03-27 13:54:50:036	EVENT:NEW_ACK        	base:86601   	next:86701   	cwnd:1714  	ssthresh:1100  	state:CongAvoid   	info:AckNum: 86601
2026-03-27 13:54:50:036	EVENT:WINDOW_SLIDE   	base:86701   	next:86701   	cwnd:1719  	ssthresh:1100  	state:CongAvoid   	info:Base: 86601 -> 86701
2026-03-27 13:54:50:047	EVENT:SEND           	base:86701   	next:86801   	cwnd:1719  	ssthresh:1100  	state:CongAvoid   	info:DATA_seq: 86701
2026-03-27 13:54:50:047	EVENT:NEW_ACK        	base:86701   	next:86801   	cwnd:1719  	ssthresh:1100  	state:CongAvoid   	info:AckNum: 86701
2026-03-27 13:54:50:047	EVENT:WINDOW_SLIDE   	base:86801   	next:86801   	cwnd:1724  	ssthresh:1100  	state:CongAvoid   	info:Base: 86701 -> 86801
2026-03-27 13:54:50:057	EVENT:SEND           	base:86801   	next:86901   	cwnd:1724  	ssthresh:1100  	state:CongAvoid   	info:DATA_seq: 86801
2026-03-27 13:54:50:059	EVENT:NEW_ACK        	base:86801   	next:86901   	cwnd:1724  	ssthresh:1100  	state:CongAvoid   	info:AckNum: 86801
2026-03-27 13:54:50:059	EVENT:WINDOW_SLIDE   	base:86901   	next:86901   	cwnd:1729  	ssthresh:1100  	state:CongAvoid   	info:Base: 86801 -> 86901
2026-03-27 13:54:50:071	EVENT:SEND           	base:86901   	next:87001   	cwnd:1729  	ssthresh:1100  	state:CongAvoid   	info:DATA_seq: 86901
2026-03-27 13:54:50:071	EVENT:NEW_ACK        	base:86901   	next:87001   	cwnd:1729  	ssthresh:1100  	state:CongAvoid   	info:AckNum: 86901
2026-03-27 13:54:50:071	EVENT:WINDOW_SLIDE   	base:87001   	next:87001   	cwnd:1734  	ssthresh:1100  	state:CongAvoid   	info:Base: 86901 -> 87001
2026-03-27 13:54:50:084	EVENT:SEND           	base:87001   	next:87101   	cwnd:1734  	ssthresh:1100  	state:CongAvoid   	info:DATA_seq: 87001
2026-03-27 13:54:50:084	EVENT:NEW_ACK        	base:87001   	next:87101   	cwnd:1734  	ssthresh:1100  	state:CongAvoid   	info:AckNum: 87001
2026-03-27 13:54:50:084	EVENT:WINDOW_SLIDE   	base:87101   	next:87101   	cwnd:1739  	ssthresh:1100  	state:CongAvoid   	info:Base: 87001 -> 87101
2026-03-27 13:54:50:094	EVENT:SEND           	base:87101   	next:87201   	cwnd:1739  	ssthresh:1100  	state:CongAvoid   	info:DATA_seq: 87101
2026-03-27 13:54:50:095	EVENT:NEW_ACK        	base:87101   	next:87201   	cwnd:1739  	ssthresh:1100  	state:CongAvoid   	info:AckNum: 87101
2026-03-27 13:54:50:095	EVENT:WINDOW_SLIDE   	base:87201   	next:87201   	cwnd:1744  	ssthresh:1100  	state:CongAvoid   	info:Base: 87101 -> 87201
2026-03-27 13:54:50:107	EVENT:SEND           	base:87201   	next:87301   	cwnd:1744  	ssthresh:1100  	state:CongAvoid   	info:DATA_seq: 87201
2026-03-27 13:54:50:107	EVENT:NEW_ACK        	base:87201   	next:87301   	cwnd:1744  	ssthresh:1100  	state:CongAvoid   	info:AckNum: 87201
2026-03-27 13:54:50:107	EVENT:WINDOW_SLIDE   	base:87301   	next:87301   	cwnd:1749  	ssthresh:1100  	state:CongAvoid   	info:Base: 87201 -> 87301
2026-03-27 13:54:50:117	EVENT:SEND           	base:87301   	next:87401   	cwnd:1749  	ssthresh:1100  	state:CongAvoid   	info:DATA_seq: 87301
2026-03-27 13:54:50:118	EVENT:NEW_ACK        	base:87301   	next:87401   	cwnd:1749  	ssthresh:1100  	state:CongAvoid   	info:AckNum: 87301
2026-03-27 13:54:50:118	EVENT:WINDOW_SLIDE   	base:87401   	next:87401   	cwnd:1754  	ssthresh:1100  	state:CongAvoid   	info:Base: 87301 -> 87401
2026-03-27 13:54:50:128	EVENT:SEND           	base:87401   	next:87501   	cwnd:1754  	ssthresh:1100  	state:CongAvoid   	info:DATA_seq: 87401
2026-03-27 13:54:50:128	EVENT:NEW_ACK        	base:87401   	next:87501   	cwnd:1754  	ssthresh:1100  	state:CongAvoid   	info:AckNum: 87401
2026-03-27 13:54:50:128	EVENT:WINDOW_SLIDE   	base:87501   	next:87501   	cwnd:1759  	ssthresh:1100  	state:CongAvoid   	info:Base: 87401 -> 87501
2026-03-27 13:54:50:138	EVENT:SEND           	base:87501   	next:87601   	cwnd:1759  	ssthresh:1100  	state:CongAvoid   	info:DATA_seq: 87501
2026-03-27 13:54:50:138	EVENT:NEW_ACK        	base:87501   	next:87601   	cwnd:1759  	ssthresh:1100  	state:CongAvoid   	info:AckNum: 87501
2026-03-27 13:54:50:138	EVENT:WINDOW_SLIDE   	base:87601   	next:87601   	cwnd:1764  	ssthresh:1100  	state:CongAvoid   	info:Base: 87501 -> 87601
2026-03-27 13:54:50:150	EVENT:SEND           	base:87601   	next:87701   	cwnd:1764  	ssthresh:1100  	state:CongAvoid   	info:DATA_seq: 87601
2026-03-27 13:54:50:150	EVENT:NEW_ACK        	base:87601   	next:87701   	cwnd:1764  	ssthresh:1100  	state:CongAvoid   	info:AckNum: 87601
2026-03-27 13:54:50:150	EVENT:WINDOW_SLIDE   	base:87701   	next:87701   	cwnd:1769  	ssthresh:1100  	state:CongAvoid   	info:Base: 87601 -> 87701
2026-03-27 13:54:50:162	EVENT:SEND           	base:87701   	next:87801   	cwnd:1769  	ssthresh:1100  	state:CongAvoid   	info:DATA_seq: 87701
2026-03-27 13:54:50:162	EVENT:NEW_ACK        	base:87701   	next:87801   	cwnd:1769  	ssthresh:1100  	state:CongAvoid   	info:AckNum: 87701
2026-03-27 13:54:50:162	EVENT:WINDOW_SLIDE   	base:87801   	next:87801   	cwnd:1774  	ssthresh:1100  	state:CongAvoid   	info:Base: 87701 -> 87801
2026-03-27 13:54:50:173	EVENT:SEND           	base:87801   	next:87901   	cwnd:1774  	ssthresh:1100  	state:CongAvoid   	info:DATA_seq: 87801
2026-03-27 13:54:50:173	EVENT:NEW_ACK        	base:87801   	next:87901   	cwnd:1774  	ssthresh:1100  	state:CongAvoid   	info:AckNum: 87801
2026-03-27 13:54:50:173	EVENT:WINDOW_SLIDE   	base:87901   	next:87901   	cwnd:1779  	ssthresh:1100  	state:CongAvoid   	info:Base: 87801 -> 87901
2026-03-27 13:54:50:185	EVENT:SEND           	base:87901   	next:88001   	cwnd:1779  	ssthresh:1100  	state:CongAvoid   	info:DATA_seq: 87901
2026-03-27 13:54:50:186	EVENT:NEW_ACK        	base:87901   	next:88001   	cwnd:1779  	ssthresh:1100  	state:CongAvoid   	info:AckNum: 87901
2026-03-27 13:54:50:186	EVENT:WINDOW_SLIDE   	base:88001   	next:88001   	cwnd:1784  	ssthresh:1100  	state:CongAvoid   	info:Base: 87901 -> 88001
2026-03-27 13:54:50:197	EVENT:SEND           	base:88001   	next:88101   	cwnd:1784  	ssthresh:1100  	state:CongAvoid   	info:DATA_seq: 88001
2026-03-27 13:54:50:197	EVENT:NEW_ACK        	base:88001   	next:88101   	cwnd:1784  	ssthresh:1100  	state:CongAvoid   	info:AckNum: 88001
2026-03-27 13:54:50:197	EVENT:WINDOW_SLIDE   	base:88101   	next:88101   	cwnd:1789  	ssthresh:1100  	state:CongAvoid   	info:Base: 88001 -> 88101
2026-03-27 13:54:50:209	EVENT:SEND           	base:88101   	next:88201   	cwnd:1789  	ssthresh:1100  	state:CongAvoid   	info:DATA_seq: 88101
2026-03-27 13:54:50:209	EVENT:NEW_ACK        	base:88101   	next:88201   	cwnd:1789  	ssthresh:1100  	state:CongAvoid   	info:AckNum: 88101
2026-03-27 13:54:50:209	EVENT:WINDOW_SLIDE   	base:88201   	next:88201   	cwnd:1794  	ssthresh:1100  	state:CongAvoid   	info:Base: 88101 -> 88201
2026-03-27 13:54:50:220	EVENT:SEND           	base:88201   	next:88301   	cwnd:1794  	ssthresh:1100  	state:CongAvoid   	info:DATA_seq: 88201
2026-03-27 13:54:50:220	EVENT:NEW_ACK        	base:88201   	next:88301   	cwnd:1794  	ssthresh:1100  	state:CongAvoid   	info:AckNum: 88201
2026-03-27 13:54:50:220	EVENT:WINDOW_SLIDE   	base:88301   	next:88301   	cwnd:1799  	ssthresh:1100  	state:CongAvoid   	info:Base: 88201 -> 88301
2026-03-27 13:54:50:232	EVENT:SEND           	base:88301   	next:88401   	cwnd:1799  	ssthresh:1100  	state:CongAvoid   	info:DATA_seq: 88301
2026-03-27 13:54:50:233	EVENT:NEW_ACK        	base:88301   	next:88401   	cwnd:1799  	ssthresh:1100  	state:CongAvoid   	info:AckNum: 88301
2026-03-27 13:54:50:233	EVENT:WINDOW_SLIDE   	base:88401   	next:88401   	cwnd:1804  	ssthresh:1100  	state:CongAvoid   	info:Base: 88301 -> 88401
2026-03-27 13:54:50:245	EVENT:SEND           	base:88401   	next:88501   	cwnd:1804  	ssthresh:1100  	state:CongAvoid   	info:DATA_seq: 88401
2026-03-27 13:54:50:245	EVENT:NEW_ACK        	base:88401   	next:88501   	cwnd:1804  	ssthresh:1100  	state:CongAvoid   	info:AckNum: 88401
2026-03-27 13:54:50:245	EVENT:WINDOW_SLIDE   	base:88501   	next:88501   	cwnd:1809  	ssthresh:1100  	state:CongAvoid   	info:Base: 88401 -> 88501
2026-03-27 13:54:50:258	EVENT:SEND           	base:88501   	next:88601   	cwnd:1809  	ssthresh:1100  	state:CongAvoid   	info:DATA_seq: 88501
2026-03-27 13:54:50:258	EVENT:NEW_ACK        	base:88501   	next:88601   	cwnd:1809  	ssthresh:1100  	state:CongAvoid   	info:AckNum: 88501
2026-03-27 13:54:50:258	EVENT:WINDOW_SLIDE   	base:88601   	next:88601   	cwnd:1814  	ssthresh:1100  	state:CongAvoid   	info:Base: 88501 -> 88601
2026-03-27 13:54:50:270	EVENT:SEND           	base:88601   	next:88701   	cwnd:1814  	ssthresh:1100  	state:CongAvoid   	info:DATA_seq: 88601
2026-03-27 13:54:50:271	EVENT:NEW_ACK        	base:88601   	next:88701   	cwnd:1814  	ssthresh:1100  	state:CongAvoid   	info:AckNum: 88601
2026-03-27 13:54:50:271	EVENT:WINDOW_SLIDE   	base:88701   	next:88701   	cwnd:1819  	ssthresh:1100  	state:CongAvoid   	info:Base: 88601 -> 88701
2026-03-27 13:54:50:283	EVENT:SEND           	base:88701   	next:88801   	cwnd:1819  	ssthresh:1100  	state:CongAvoid   	info:DATA_seq: 88701
2026-03-27 13:54:50:283	EVENT:NEW_ACK        	base:88701   	next:88801   	cwnd:1819  	ssthresh:1100  	state:CongAvoid   	info:AckNum: 88701
2026-03-27 13:54:50:283	EVENT:WINDOW_SLIDE   	base:88801   	next:88801   	cwnd:1824  	ssthresh:1100  	state:CongAvoid   	info:Base: 88701 -> 88801
2026-03-27 13:54:50:296	EVENT:SEND           	base:88801   	next:88901   	cwnd:1824  	ssthresh:1100  	state:CongAvoid   	info:DATA_seq: 88801
2026-03-27 13:54:50:297	EVENT:NEW_ACK        	base:88801   	next:88901   	cwnd:1824  	ssthresh:1100  	state:CongAvoid   	info:AckNum: 88801
2026-03-27 13:54:50:297	EVENT:WINDOW_SLIDE   	base:88901   	next:88901   	cwnd:1829  	ssthresh:1100  	state:CongAvoid   	info:Base: 88801 -> 88901
2026-03-27 13:54:50:307	EVENT:SEND           	base:88901   	next:89001   	cwnd:1829  	ssthresh:1100  	state:CongAvoid   	info:DATA_seq: 88901
2026-03-27 13:54:50:308	EVENT:NEW_ACK        	base:88901   	next:89001   	cwnd:1829  	ssthresh:1100  	state:CongAvoid   	info:AckNum: 88901
2026-03-27 13:54:50:308	EVENT:WINDOW_SLIDE   	base:89001   	next:89001   	cwnd:1834  	ssthresh:1100  	state:CongAvoid   	info:Base: 88901 -> 89001
2026-03-27 13:54:50:320	EVENT:SEND           	base:89001   	next:89101   	cwnd:1834  	ssthresh:1100  	state:CongAvoid   	info:DATA_seq: 89001
2026-03-27 13:54:50:321	EVENT:NEW_ACK        	base:89001   	next:89101   	cwnd:1834  	ssthresh:1100  	state:CongAvoid   	info:AckNum: 89001
2026-03-27 13:54:50:321	EVENT:WINDOW_SLIDE   	base:89101   	next:89101   	cwnd:1839  	ssthresh:1100  	state:CongAvoid   	info:Base: 89001 -> 89101
2026-03-27 13:54:50:333	EVENT:SEND           	base:89101   	next:89201   	cwnd:1839  	ssthresh:1100  	state:CongAvoid   	info:DATA_seq: 89101
2026-03-27 13:54:50:334	EVENT:NEW_ACK        	base:89101   	next:89201   	cwnd:1839  	ssthresh:1100  	state:CongAvoid   	info:AckNum: 89101
2026-03-27 13:54:50:334	EVENT:WINDOW_SLIDE   	base:89201   	next:89201   	cwnd:1844  	ssthresh:1100  	state:CongAvoid   	info:Base: 89101 -> 89201
2026-03-27 13:54:50:346	EVENT:SEND           	base:89201   	next:89301   	cwnd:1844  	ssthresh:1100  	state:CongAvoid   	info:DATA_seq: 89201
2026-03-27 13:54:50:346	EVENT:NEW_ACK        	base:89201   	next:89301   	cwnd:1844  	ssthresh:1100  	state:CongAvoid   	info:AckNum: 89201
2026-03-27 13:54:50:346	EVENT:WINDOW_SLIDE   	base:89301   	next:89301   	cwnd:1849  	ssthresh:1100  	state:CongAvoid   	info:Base: 89201 -> 89301
2026-03-27 13:54:50:357	EVENT:SEND           	base:89301   	next:89401   	cwnd:1849  	ssthresh:1100  	state:CongAvoid   	info:DATA_seq: 89301
2026-03-27 13:54:50:357	EVENT:NEW_ACK        	base:89301   	next:89401   	cwnd:1849  	ssthresh:1100  	state:CongAvoid   	info:AckNum: 89301
2026-03-27 13:54:50:357	EVENT:WINDOW_SLIDE   	base:89401   	next:89401   	cwnd:1854  	ssthresh:1100  	state:CongAvoid   	info:Base: 89301 -> 89401
2026-03-27 13:54:50:368	EVENT:SEND           	base:89401   	next:89501   	cwnd:1854  	ssthresh:1100  	state:CongAvoid   	info:DATA_seq: 89401
2026-03-27 13:54:50:369	EVENT:NEW_ACK        	base:89401   	next:89501   	cwnd:1854  	ssthresh:1100  	state:CongAvoid   	info:AckNum: 89401
2026-03-27 13:54:50:369	EVENT:WINDOW_SLIDE   	base:89501   	next:89501   	cwnd:1859  	ssthresh:1100  	state:CongAvoid   	info:Base: 89401 -> 89501
2026-03-27 13:54:50:379	EVENT:SEND           	base:89501   	next:89601   	cwnd:1859  	ssthresh:1100  	state:CongAvoid   	info:DATA_seq: 89501
2026-03-27 13:54:50:379	EVENT:NEW_ACK        	base:89501   	next:89601   	cwnd:1859  	ssthresh:1100  	state:CongAvoid   	info:AckNum: 89501
2026-03-27 13:54:50:379	EVENT:WINDOW_SLIDE   	base:89601   	next:89601   	cwnd:1864  	ssthresh:1100  	state:CongAvoid   	info:Base: 89501 -> 89601
2026-03-27 13:54:50:390	EVENT:SEND           	base:89601   	next:89701   	cwnd:1864  	ssthresh:1100  	state:CongAvoid   	info:DATA_seq: 89601
2026-03-27 13:54:50:390	EVENT:NEW_ACK        	base:89601   	next:89701   	cwnd:1864  	ssthresh:1100  	state:CongAvoid   	info:AckNum: 89601
2026-03-27 13:54:50:390	EVENT:WINDOW_SLIDE   	base:89701   	next:89701   	cwnd:1869  	ssthresh:1100  	state:CongAvoid   	info:Base: 89601 -> 89701
2026-03-27 13:54:50:400	EVENT:SEND           	base:89701   	next:89801   	cwnd:1869  	ssthresh:1100  	state:CongAvoid   	info:DATA_seq: 89701
2026-03-27 13:54:50:401	EVENT:NEW_ACK        	base:89701   	next:89801   	cwnd:1869  	ssthresh:1100  	state:CongAvoid   	info:AckNum: 89701
2026-03-27 13:54:50:401	EVENT:WINDOW_SLIDE   	base:89801   	next:89801   	cwnd:1874  	ssthresh:1100  	state:CongAvoid   	info:Base: 89701 -> 89801
2026-03-27 13:54:50:411	EVENT:SEND           	base:89801   	next:89901   	cwnd:1874  	ssthresh:1100  	state:CongAvoid   	info:DATA_seq: 89801
2026-03-27 13:54:50:412	EVENT:NEW_ACK        	base:89801   	next:89901   	cwnd:1874  	ssthresh:1100  	state:CongAvoid   	info:AckNum: 89801
2026-03-27 13:54:50:412	EVENT:WINDOW_SLIDE   	base:89901   	next:89901   	cwnd:1879  	ssthresh:1100  	state:CongAvoid   	info:Base: 89801 -> 89901
2026-03-27 13:54:50:422	EVENT:SEND           	base:89901   	next:90001   	cwnd:1879  	ssthresh:1100  	state:CongAvoid   	info:DATA_seq: 89901
2026-03-27 13:54:50:423	EVENT:NEW_ACK        	base:89901   	next:90001   	cwnd:1879  	ssthresh:1100  	state:CongAvoid   	info:AckNum: 89901
2026-03-27 13:54:50:423	EVENT:WINDOW_SLIDE   	base:90001   	next:90001   	cwnd:1884  	ssthresh:1100  	state:CongAvoid   	info:Base: 89901 -> 90001
2026-03-27 13:54:50:435	EVENT:SEND           	base:90001   	next:90101   	cwnd:1884  	ssthresh:1100  	state:CongAvoid   	info:DATA_seq: 90001
2026-03-27 13:54:50:435	EVENT:NEW_ACK        	base:90001   	next:90101   	cwnd:1884  	ssthresh:1100  	state:CongAvoid   	info:AckNum: 90001
2026-03-27 13:54:50:435	EVENT:WINDOW_SLIDE   	base:90101   	next:90101   	cwnd:1889  	ssthresh:1100  	state:CongAvoid   	info:Base: 90001 -> 90101
2026-03-27 13:54:50:448	EVENT:SEND           	base:90101   	next:90201   	cwnd:1889  	ssthresh:1100  	state:CongAvoid   	info:DATA_seq: 90101
2026-03-27 13:54:50:448	EVENT:NEW_ACK        	base:90101   	next:90201   	cwnd:1889  	ssthresh:1100  	state:CongAvoid   	info:AckNum: 90101
2026-03-27 13:54:50:448	EVENT:WINDOW_SLIDE   	base:90201   	next:90201   	cwnd:1894  	ssthresh:1100  	state:CongAvoid   	info:Base: 90101 -> 90201
2026-03-27 13:54:50:459	EVENT:SEND           	base:90201   	next:90301   	cwnd:1894  	ssthresh:1100  	state:CongAvoid   	info:DATA_seq: 90201
2026-03-27 13:54:50:460	EVENT:NEW_ACK        	base:90201   	next:90301   	cwnd:1894  	ssthresh:1100  	state:CongAvoid   	info:AckNum: 90201
2026-03-27 13:54:50:460	EVENT:WINDOW_SLIDE   	base:90301   	next:90301   	cwnd:1899  	ssthresh:1100  	state:CongAvoid   	info:Base: 90201 -> 90301
2026-03-27 13:54:50:470	EVENT:SEND           	base:90301   	next:90401   	cwnd:1899  	ssthresh:1100  	state:CongAvoid   	info:DATA_seq: 90301
2026-03-27 13:54:50:470	EVENT:NEW_ACK        	base:90301   	next:90401   	cwnd:1899  	ssthresh:1100  	state:CongAvoid   	info:AckNum: 90301
2026-03-27 13:54:50:470	EVENT:WINDOW_SLIDE   	base:90401   	next:90401   	cwnd:1904  	ssthresh:1100  	state:CongAvoid   	info:Base: 90301 -> 90401
2026-03-27 13:54:50:480	EVENT:SEND           	base:90401   	next:90501   	cwnd:1904  	ssthresh:1100  	state:CongAvoid   	info:DATA_seq: 90401
2026-03-27 13:54:50:480	EVENT:NEW_ACK        	base:90401   	next:90501   	cwnd:1904  	ssthresh:1100  	state:CongAvoid   	info:AckNum: 90401
2026-03-27 13:54:50:480	EVENT:WINDOW_SLIDE   	base:90501   	next:90501   	cwnd:1909  	ssthresh:1100  	state:CongAvoid   	info:Base: 90401 -> 90501
2026-03-27 13:54:50:491	EVENT:SEND           	base:90501   	next:90601   	cwnd:1909  	ssthresh:1100  	state:CongAvoid   	info:DATA_seq: 90501
2026-03-27 13:54:50:491	EVENT:NEW_ACK        	base:90501   	next:90601   	cwnd:1909  	ssthresh:1100  	state:CongAvoid   	info:AckNum: 90501
2026-03-27 13:54:50:491	EVENT:WINDOW_SLIDE   	base:90601   	next:90601   	cwnd:1914  	ssthresh:1100  	state:CongAvoid   	info:Base: 90501 -> 90601
2026-03-27 13:54:50:501	EVENT:SEND           	base:90601   	next:90701   	cwnd:1914  	ssthresh:1100  	state:CongAvoid   	info:DATA_seq: 90601
2026-03-27 13:54:50:501	EVENT:NEW_ACK        	base:90601   	next:90701   	cwnd:1914  	ssthresh:1100  	state:CongAvoid   	info:AckNum: 90601
2026-03-27 13:54:50:501	EVENT:WINDOW_SLIDE   	base:90701   	next:90701   	cwnd:1919  	ssthresh:1100  	state:CongAvoid   	info:Base: 90601 -> 90701
2026-03-27 13:54:50:513	EVENT:SEND           	base:90701   	next:90801   	cwnd:1919  	ssthresh:1100  	state:CongAvoid   	info:DATA_seq: 90701
2026-03-27 13:54:50:514	EVENT:NEW_ACK        	base:90701   	next:90801   	cwnd:1919  	ssthresh:1100  	state:CongAvoid   	info:AckNum: 90701
2026-03-27 13:54:50:514	EVENT:WINDOW_SLIDE   	base:90801   	next:90801   	cwnd:1924  	ssthresh:1100  	state:CongAvoid   	info:Base: 90701 -> 90801
2026-03-27 13:54:50:526	EVENT:SEND           	base:90801   	next:90901   	cwnd:1924  	ssthresh:1100  	state:CongAvoid   	info:DATA_seq: 90801
2026-03-27 13:54:50:526	EVENT:NEW_ACK        	base:90801   	next:90901   	cwnd:1924  	ssthresh:1100  	state:CongAvoid   	info:AckNum: 90801
2026-03-27 13:54:50:526	EVENT:WINDOW_SLIDE   	base:90901   	next:90901   	cwnd:1929  	ssthresh:1100  	state:CongAvoid   	info:Base: 90801 -> 90901
2026-03-27 13:54:50:536	EVENT:SEND           	base:90901   	next:91001   	cwnd:1929  	ssthresh:1100  	state:CongAvoid   	info:DATA_seq: 90901
2026-03-27 13:54:50:536	EVENT:NEW_ACK        	base:90901   	next:91001   	cwnd:1929  	ssthresh:1100  	state:CongAvoid   	info:AckNum: 90901
2026-03-27 13:54:50:536	EVENT:WINDOW_SLIDE   	base:91001   	next:91001   	cwnd:1934  	ssthresh:1100  	state:CongAvoid   	info:Base: 90901 -> 91001
2026-03-27 13:54:50:546	EVENT:SEND           	base:91001   	next:91101   	cwnd:1934  	ssthresh:1100  	state:CongAvoid   	info:DATA_seq: 91001
2026-03-27 13:54:50:547	EVENT:NEW_ACK        	base:91001   	next:91101   	cwnd:1934  	ssthresh:1100  	state:CongAvoid   	info:AckNum: 91001
2026-03-27 13:54:50:547	EVENT:WINDOW_SLIDE   	base:91101   	next:91101   	cwnd:1939  	ssthresh:1100  	state:CongAvoid   	info:Base: 91001 -> 91101
2026-03-27 13:54:50:559	EVENT:SEND           	base:91101   	next:91201   	cwnd:1939  	ssthresh:1100  	state:CongAvoid   	info:DATA_seq: 91101
2026-03-27 13:54:50:560	EVENT:NEW_ACK        	base:91101   	next:91201   	cwnd:1939  	ssthresh:1100  	state:CongAvoid   	info:AckNum: 91101
2026-03-27 13:54:50:560	EVENT:WINDOW_SLIDE   	base:91201   	next:91201   	cwnd:1944  	ssthresh:1100  	state:CongAvoid   	info:Base: 91101 -> 91201
2026-03-27 13:54:50:572	EVENT:SEND           	base:91201   	next:91301   	cwnd:1944  	ssthresh:1100  	state:CongAvoid   	info:DATA_seq: 91201
2026-03-27 13:54:50:573	EVENT:NEW_ACK        	base:91201   	next:91301   	cwnd:1944  	ssthresh:1100  	state:CongAvoid   	info:AckNum: 91201
2026-03-27 13:54:50:573	EVENT:WINDOW_SLIDE   	base:91301   	next:91301   	cwnd:1949  	ssthresh:1100  	state:CongAvoid   	info:Base: 91201 -> 91301
2026-03-27 13:54:50:584	EVENT:SEND           	base:91301   	next:91401   	cwnd:1949  	ssthresh:1100  	state:CongAvoid   	info:DATA_seq: 91301
2026-03-27 13:54:50:584	EVENT:NEW_ACK        	base:91301   	next:91401   	cwnd:1949  	ssthresh:1100  	state:CongAvoid   	info:AckNum: 91301
2026-03-27 13:54:50:585	EVENT:WINDOW_SLIDE   	base:91401   	next:91401   	cwnd:1954  	ssthresh:1100  	state:CongAvoid   	info:Base: 91301 -> 91401
2026-03-27 13:54:50:595	EVENT:SEND           	base:91401   	next:91501   	cwnd:1954  	ssthresh:1100  	state:CongAvoid   	info:DATA_seq: 91401
2026-03-27 13:54:50:596	EVENT:NEW_ACK        	base:91401   	next:91501   	cwnd:1954  	ssthresh:1100  	state:CongAvoid   	info:AckNum: 91401
2026-03-27 13:54:50:596	EVENT:WINDOW_SLIDE   	base:91501   	next:91501   	cwnd:1959  	ssthresh:1100  	state:CongAvoid   	info:Base: 91401 -> 91501
2026-03-27 13:54:50:608	EVENT:SEND           	base:91501   	next:91601   	cwnd:1959  	ssthresh:1100  	state:CongAvoid   	info:DATA_seq: 91501
2026-03-27 13:54:50:609	EVENT:NEW_ACK        	base:91501   	next:91601   	cwnd:1959  	ssthresh:1100  	state:CongAvoid   	info:AckNum: 91501
2026-03-27 13:54:50:609	EVENT:WINDOW_SLIDE   	base:91601   	next:91601   	cwnd:1964  	ssthresh:1100  	state:CongAvoid   	info:Base: 91501 -> 91601
2026-03-27 13:54:50:621	EVENT:SEND           	base:91601   	next:91701   	cwnd:1964  	ssthresh:1100  	state:CongAvoid   	info:DATA_seq: 91601
2026-03-27 13:54:50:622	EVENT:NEW_ACK        	base:91601   	next:91701   	cwnd:1964  	ssthresh:1100  	state:CongAvoid   	info:AckNum: 91601
2026-03-27 13:54:50:622	EVENT:WINDOW_SLIDE   	base:91701   	next:91701   	cwnd:1969  	ssthresh:1100  	state:CongAvoid   	info:Base: 91601 -> 91701
2026-03-27 13:54:50:634	EVENT:SEND           	base:91701   	next:91801   	cwnd:1969  	ssthresh:1100  	state:CongAvoid   	info:DATA_seq: 91701
2026-03-27 13:54:50:634	EVENT:NEW_ACK        	base:91701   	next:91801   	cwnd:1969  	ssthresh:1100  	state:CongAvoid   	info:AckNum: 91701
2026-03-27 13:54:50:634	EVENT:WINDOW_SLIDE   	base:91801   	next:91801   	cwnd:1974  	ssthresh:1100  	state:CongAvoid   	info:Base: 91701 -> 91801
2026-03-27 13:54:50:644	EVENT:SEND           	base:91801   	next:91901   	cwnd:1974  	ssthresh:1100  	state:CongAvoid   	info:DATA_seq: 91801
2026-03-27 13:54:50:645	EVENT:NEW_ACK        	base:91801   	next:91901   	cwnd:1974  	ssthresh:1100  	state:CongAvoid   	info:AckNum: 91801
2026-03-27 13:54:50:645	EVENT:WINDOW_SLIDE   	base:91901   	next:91901   	cwnd:1979  	ssthresh:1100  	state:CongAvoid   	info:Base: 91801 -> 91901
2026-03-27 13:54:50:657	EVENT:SEND           	base:91901   	next:92001   	cwnd:1979  	ssthresh:1100  	state:CongAvoid   	info:DATA_seq: 91901
2026-03-27 13:54:50:658	EVENT:NEW_ACK        	base:91901   	next:92001   	cwnd:1979  	ssthresh:1100  	state:CongAvoid   	info:AckNum: 91901
2026-03-27 13:54:50:658	EVENT:WINDOW_SLIDE   	base:92001   	next:92001   	cwnd:1984  	ssthresh:1100  	state:CongAvoid   	info:Base: 91901 -> 92001
2026-03-27 13:54:50:671	EVENT:SEND           	base:92001   	next:92101   	cwnd:1984  	ssthresh:1100  	state:CongAvoid   	info:DATA_seq: 92001
2026-03-27 13:54:50:671	EVENT:NEW_ACK        	base:92001   	next:92101   	cwnd:1984  	ssthresh:1100  	state:CongAvoid   	info:AckNum: 92001
2026-03-27 13:54:50:671	EVENT:WINDOW_SLIDE   	base:92101   	next:92101   	cwnd:1989  	ssthresh:1100  	state:CongAvoid   	info:Base: 92001 -> 92101
2026-03-27 13:54:50:683	EVENT:SEND           	base:92101   	next:92201   	cwnd:1989  	ssthresh:1100  	state:CongAvoid   	info:DATA_seq: 92101
2026-03-27 13:54:50:684	EVENT:NEW_ACK        	base:92101   	next:92201   	cwnd:1989  	ssthresh:1100  	state:CongAvoid   	info:AckNum: 92101
2026-03-27 13:54:50:684	EVENT:WINDOW_SLIDE   	base:92201   	next:92201   	cwnd:1994  	ssthresh:1100  	state:CongAvoid   	info:Base: 92101 -> 92201
2026-03-27 13:54:50:696	EVENT:SEND           	base:92201   	next:92301   	cwnd:1994  	ssthresh:1100  	state:CongAvoid   	info:DATA_seq: 92201
2026-03-27 13:54:50:697	EVENT:NEW_ACK        	base:92201   	next:92301   	cwnd:1994  	ssthresh:1100  	state:CongAvoid   	info:AckNum: 92201
2026-03-27 13:54:50:697	EVENT:WINDOW_SLIDE   	base:92301   	next:92301   	cwnd:1999  	ssthresh:1100  	state:CongAvoid   	info:Base: 92201 -> 92301
2026-03-27 13:54:50:709	EVENT:SEND           	base:92301   	next:92401   	cwnd:1999  	ssthresh:1100  	state:CongAvoid   	info:DATA_seq: 92301
2026-03-27 13:54:50:710	EVENT:NEW_ACK        	base:92301   	next:92401   	cwnd:1999  	ssthresh:1100  	state:CongAvoid   	info:AckNum: 92301
2026-03-27 13:54:50:710	EVENT:WINDOW_SLIDE   	base:92401   	next:92401   	cwnd:2004  	ssthresh:1100  	state:CongAvoid   	info:Base: 92301 -> 92401
2026-03-27 13:54:50:720	EVENT:SEND           	base:92401   	next:92501   	cwnd:2004  	ssthresh:1100  	state:CongAvoid   	info:DATA_seq: 92401
2026-03-27 13:54:50:721	EVENT:NEW_ACK        	base:92401   	next:92501   	cwnd:2004  	ssthresh:1100  	state:CongAvoid   	info:AckNum: 92401
2026-03-27 13:54:50:721	EVENT:WINDOW_SLIDE   	base:92501   	next:92501   	cwnd:2008  	ssthresh:1100  	state:CongAvoid   	info:Base: 92401 -> 92501
2026-03-27 13:54:50:731	EVENT:SEND           	base:92501   	next:92601   	cwnd:2008  	ssthresh:1100  	state:CongAvoid   	info:DATA_seq: 92501
2026-03-27 13:54:50:732	EVENT:NEW_ACK        	base:92501   	next:92601   	cwnd:2008  	ssthresh:1100  	state:CongAvoid   	info:AckNum: 92501
2026-03-27 13:54:50:732	EVENT:WINDOW_SLIDE   	base:92601   	next:92601   	cwnd:2012  	ssthresh:1100  	state:CongAvoid   	info:Base: 92501 -> 92601
2026-03-27 13:54:50:742	EVENT:SEND           	base:92601   	next:92701   	cwnd:2012  	ssthresh:1100  	state:CongAvoid   	info:DATA_seq: 92601
2026-03-27 13:54:50:742	EVENT:NEW_ACK        	base:92601   	next:92701   	cwnd:2012  	ssthresh:1100  	state:CongAvoid   	info:AckNum: 92601
2026-03-27 13:54:50:742	EVENT:WINDOW_SLIDE   	base:92701   	next:92701   	cwnd:2016  	ssthresh:1100  	state:CongAvoid   	info:Base: 92601 -> 92701
2026-03-27 13:54:50:752	EVENT:SEND           	base:92701   	next:92801   	cwnd:2016  	ssthresh:1100  	state:CongAvoid   	info:DATA_seq: 92701
2026-03-27 13:54:50:753	EVENT:NEW_ACK        	base:92701   	next:92801   	cwnd:2016  	ssthresh:1100  	state:CongAvoid   	info:AckNum: 92701
2026-03-27 13:54:50:753	EVENT:WINDOW_SLIDE   	base:92801   	next:92801   	cwnd:2020  	ssthresh:1100  	state:CongAvoid   	info:Base: 92701 -> 92801
2026-03-27 13:54:50:764	EVENT:SEND           	base:92801   	next:92901   	cwnd:2020  	ssthresh:1100  	state:CongAvoid   	info:DATA_seq: 92801
2026-03-27 13:54:50:765	EVENT:NEW_ACK        	base:92801   	next:92901   	cwnd:2020  	ssthresh:1100  	state:CongAvoid   	info:AckNum: 92801
2026-03-27 13:54:50:765	EVENT:WINDOW_SLIDE   	base:92901   	next:92901   	cwnd:2024  	ssthresh:1100  	state:CongAvoid   	info:Base: 92801 -> 92901
2026-03-27 13:54:50:775	EVENT:SEND           	base:92901   	next:93001   	cwnd:2024  	ssthresh:1100  	state:CongAvoid   	info:DATA_seq: 92901
2026-03-27 13:54:50:776	EVENT:NEW_ACK        	base:92901   	next:93001   	cwnd:2024  	ssthresh:1100  	state:CongAvoid   	info:AckNum: 92901
2026-03-27 13:54:50:776	EVENT:WINDOW_SLIDE   	base:93001   	next:93001   	cwnd:2028  	ssthresh:1100  	state:CongAvoid   	info:Base: 92901 -> 93001
2026-03-27 13:54:50:786	EVENT:SEND           	base:93001   	next:93101   	cwnd:2028  	ssthresh:1100  	state:CongAvoid   	info:DATA_seq: 93001
2026-03-27 13:54:50:787	EVENT:NEW_ACK        	base:93001   	next:93101   	cwnd:2028  	ssthresh:1100  	state:CongAvoid   	info:AckNum: 93001
2026-03-27 13:54:50:787	EVENT:WINDOW_SLIDE   	base:93101   	next:93101   	cwnd:2032  	ssthresh:1100  	state:CongAvoid   	info:Base: 93001 -> 93101
2026-03-27 13:54:50:797	EVENT:SEND           	base:93101   	next:93201   	cwnd:2032  	ssthresh:1100  	state:CongAvoid   	info:DATA_seq: 93101
2026-03-27 13:54:50:797	EVENT:NEW_ACK        	base:93101   	next:93201   	cwnd:2032  	ssthresh:1100  	state:CongAvoid   	info:AckNum: 93101
2026-03-27 13:54:50:797	EVENT:WINDOW_SLIDE   	base:93201   	next:93201   	cwnd:2036  	ssthresh:1100  	state:CongAvoid   	info:Base: 93101 -> 93201
2026-03-27 13:54:50:807	EVENT:SEND           	base:93201   	next:93301   	cwnd:2036  	ssthresh:1100  	state:CongAvoid   	info:DATA_seq: 93201
2026-03-27 13:54:50:808	EVENT:NEW_ACK        	base:93201   	next:93301   	cwnd:2036  	ssthresh:1100  	state:CongAvoid   	info:AckNum: 93201
2026-03-27 13:54:50:808	EVENT:WINDOW_SLIDE   	base:93301   	next:93301   	cwnd:2040  	ssthresh:1100  	state:CongAvoid   	info:Base: 93201 -> 93301
2026-03-27 13:54:50:818	EVENT:SEND           	base:93301   	next:93401   	cwnd:2040  	ssthresh:1100  	state:CongAvoid   	info:DATA_seq: 93301
2026-03-27 13:54:50:818	EVENT:NEW_ACK        	base:93301   	next:93401   	cwnd:2040  	ssthresh:1100  	state:CongAvoid   	info:AckNum: 93301
2026-03-27 13:54:50:818	EVENT:WINDOW_SLIDE   	base:93401   	next:93401   	cwnd:2044  	ssthresh:1100  	state:CongAvoid   	info:Base: 93301 -> 93401
2026-03-27 13:54:50:828	EVENT:SEND           	base:93401   	next:93501   	cwnd:2044  	ssthresh:1100  	state:CongAvoid   	info:DATA_seq: 93401
2026-03-27 13:54:50:828	EVENT:NEW_ACK        	base:93401   	next:93501   	cwnd:2044  	ssthresh:1100  	state:CongAvoid   	info:AckNum: 93401
2026-03-27 13:54:50:828	EVENT:WINDOW_SLIDE   	base:93501   	next:93501   	cwnd:2048  	ssthresh:1100  	state:CongAvoid   	info:Base: 93401 -> 93501
2026-03-27 13:54:50:840	EVENT:SEND           	base:93501   	next:93601   	cwnd:2048  	ssthresh:1100  	state:CongAvoid   	info:DATA_seq: 93501
2026-03-27 13:54:50:841	EVENT:NEW_ACK        	base:93501   	next:93601   	cwnd:2048  	ssthresh:1100  	state:CongAvoid   	info:AckNum: 93501
2026-03-27 13:54:50:841	EVENT:WINDOW_SLIDE   	base:93601   	next:93601   	cwnd:2052  	ssthresh:1100  	state:CongAvoid   	info:Base: 93501 -> 93601
2026-03-27 13:54:50:852	EVENT:SEND           	base:93601   	next:93701   	cwnd:2052  	ssthresh:1100  	state:CongAvoid   	info:DATA_seq: 93601
2026-03-27 13:54:50:852	EVENT:NEW_ACK        	base:93601   	next:93701   	cwnd:2052  	ssthresh:1100  	state:CongAvoid   	info:AckNum: 93601
2026-03-27 13:54:50:852	EVENT:WINDOW_SLIDE   	base:93701   	next:93701   	cwnd:2056  	ssthresh:1100  	state:CongAvoid   	info:Base: 93601 -> 93701
2026-03-27 13:54:50:864	EVENT:SEND           	base:93701   	next:93801   	cwnd:2056  	ssthresh:1100  	state:CongAvoid   	info:DATA_seq: 93701
2026-03-27 13:54:50:865	EVENT:NEW_ACK        	base:93701   	next:93801   	cwnd:2056  	ssthresh:1100  	state:CongAvoid   	info:AckNum: 93701
2026-03-27 13:54:50:865	EVENT:WINDOW_SLIDE   	base:93801   	next:93801   	cwnd:2060  	ssthresh:1100  	state:CongAvoid   	info:Base: 93701 -> 93801
2026-03-27 13:54:50:875	EVENT:SEND           	base:93801   	next:93901   	cwnd:2060  	ssthresh:1100  	state:CongAvoid   	info:DATA_seq: 93801
2026-03-27 13:54:50:876	EVENT:NEW_ACK        	base:93801   	next:93901   	cwnd:2060  	ssthresh:1100  	state:CongAvoid   	info:AckNum: 93801
2026-03-27 13:54:50:876	EVENT:WINDOW_SLIDE   	base:93901   	next:93901   	cwnd:2064  	ssthresh:1100  	state:CongAvoid   	info:Base: 93801 -> 93901
2026-03-27 13:54:50:888	EVENT:SEND           	base:93901   	next:94001   	cwnd:2064  	ssthresh:1100  	state:CongAvoid   	info:DATA_seq: 93901
2026-03-27 13:54:50:889	EVENT:NEW_ACK        	base:93901   	next:94001   	cwnd:2064  	ssthresh:1100  	state:CongAvoid   	info:AckNum: 93901
2026-03-27 13:54:50:889	EVENT:WINDOW_SLIDE   	base:94001   	next:94001   	cwnd:2068  	ssthresh:1100  	state:CongAvoid   	info:Base: 93901 -> 94001
2026-03-27 13:54:50:898	EVENT:SEND           	base:94001   	next:94101   	cwnd:2068  	ssthresh:1100  	state:CongAvoid   	info:DATA_seq: 94001
2026-03-27 13:54:50:899	EVENT:NEW_ACK        	base:94001   	next:94101   	cwnd:2068  	ssthresh:1100  	state:CongAvoid   	info:AckNum: 94001
2026-03-27 13:54:50:899	EVENT:WINDOW_SLIDE   	base:94101   	next:94101   	cwnd:2072  	ssthresh:1100  	state:CongAvoid   	info:Base: 94001 -> 94101
2026-03-27 13:54:50:909	EVENT:SEND           	base:94101   	next:94201   	cwnd:2072  	ssthresh:1100  	state:CongAvoid   	info:DATA_seq: 94101
2026-03-27 13:54:50:909	EVENT:NEW_ACK        	base:94101   	next:94201   	cwnd:2072  	ssthresh:1100  	state:CongAvoid   	info:AckNum: 94101
2026-03-27 13:54:50:910	EVENT:WINDOW_SLIDE   	base:94201   	next:94201   	cwnd:2076  	ssthresh:1100  	state:CongAvoid   	info:Base: 94101 -> 94201
2026-03-27 13:54:50:919	EVENT:SEND           	base:94201   	next:94301   	cwnd:2076  	ssthresh:1100  	state:CongAvoid   	info:DATA_seq: 94201
2026-03-27 13:54:50:921	EVENT:NEW_ACK        	base:94201   	next:94301   	cwnd:2076  	ssthresh:1100  	state:CongAvoid   	info:AckNum: 94201
2026-03-27 13:54:50:921	EVENT:WINDOW_SLIDE   	base:94301   	next:94301   	cwnd:2080  	ssthresh:1100  	state:CongAvoid   	info:Base: 94201 -> 94301
2026-03-27 13:54:50:930	EVENT:SEND           	base:94301   	next:94401   	cwnd:2080  	ssthresh:1100  	state:CongAvoid   	info:DATA_seq: 94301
2026-03-27 13:54:50:931	EVENT:NEW_ACK        	base:94301   	next:94401   	cwnd:2080  	ssthresh:1100  	state:CongAvoid   	info:AckNum: 94301
2026-03-27 13:54:50:931	EVENT:WINDOW_SLIDE   	base:94401   	next:94401   	cwnd:2084  	ssthresh:1100  	state:CongAvoid   	info:Base: 94301 -> 94401
2026-03-27 13:54:50:941	EVENT:SEND           	base:94401   	next:94501   	cwnd:2084  	ssthresh:1100  	state:CongAvoid   	info:DATA_seq: 94401
2026-03-27 13:54:50:941	EVENT:NEW_ACK        	base:94401   	next:94501   	cwnd:2084  	ssthresh:1100  	state:CongAvoid   	info:AckNum: 94401
2026-03-27 13:54:50:941	EVENT:WINDOW_SLIDE   	base:94501   	next:94501   	cwnd:2088  	ssthresh:1100  	state:CongAvoid   	info:Base: 94401 -> 94501
2026-03-27 13:54:50:953	EVENT:SEND           	base:94501   	next:94601   	cwnd:2088  	ssthresh:1100  	state:CongAvoid   	info:DATA_seq: 94501
2026-03-27 13:54:50:954	EVENT:NEW_ACK        	base:94501   	next:94601   	cwnd:2088  	ssthresh:1100  	state:CongAvoid   	info:AckNum: 94501
2026-03-27 13:54:50:954	EVENT:WINDOW_SLIDE   	base:94601   	next:94601   	cwnd:2092  	ssthresh:1100  	state:CongAvoid   	info:Base: 94501 -> 94601
2026-03-27 13:54:50:966	EVENT:SEND           	base:94601   	next:94701   	cwnd:2092  	ssthresh:1100  	state:CongAvoid   	info:DATA_seq: 94601
2026-03-27 13:54:50:966	EVENT:NEW_ACK        	base:94601   	next:94701   	cwnd:2092  	ssthresh:1100  	state:CongAvoid   	info:AckNum: 94601
2026-03-27 13:54:50:966	EVENT:WINDOW_SLIDE   	base:94701   	next:94701   	cwnd:2096  	ssthresh:1100  	state:CongAvoid   	info:Base: 94601 -> 94701
2026-03-27 13:54:50:979	EVENT:SEND           	base:94701   	next:94801   	cwnd:2096  	ssthresh:1100  	state:CongAvoid   	info:DATA_seq: 94701
2026-03-27 13:54:50:980	EVENT:NEW_ACK        	base:94701   	next:94801   	cwnd:2096  	ssthresh:1100  	state:CongAvoid   	info:AckNum: 94701
2026-03-27 13:54:50:980	EVENT:WINDOW_SLIDE   	base:94801   	next:94801   	cwnd:2100  	ssthresh:1100  	state:CongAvoid   	info:Base: 94701 -> 94801
2026-03-27 13:54:50:992	EVENT:SEND           	base:94801   	next:94901   	cwnd:2100  	ssthresh:1100  	state:CongAvoid   	info:DATA_seq: 94801
2026-03-27 13:54:50:992	EVENT:NEW_ACK        	base:94801   	next:94901   	cwnd:2100  	ssthresh:1100  	state:CongAvoid   	info:AckNum: 94801
2026-03-27 13:54:50:992	EVENT:WINDOW_SLIDE   	base:94901   	next:94901   	cwnd:2104  	ssthresh:1100  	state:CongAvoid   	info:Base: 94801 -> 94901
2026-03-27 13:54:51:004	EVENT:SEND           	base:94901   	next:95001   	cwnd:2104  	ssthresh:1100  	state:CongAvoid   	info:DATA_seq: 94901
2026-03-27 13:54:51:005	EVENT:NEW_ACK        	base:94901   	next:95001   	cwnd:2104  	ssthresh:1100  	state:CongAvoid   	info:AckNum: 94901
2026-03-27 13:54:51:005	EVENT:WINDOW_SLIDE   	base:95001   	next:95001   	cwnd:2108  	ssthresh:1100  	state:CongAvoid   	info:Base: 94901 -> 95001
2026-03-27 13:54:51:017	EVENT:SEND           	base:95001   	next:95101   	cwnd:2108  	ssthresh:1100  	state:CongAvoid   	info:DATA_seq: 95001
2026-03-27 13:54:51:018	EVENT:NEW_ACK        	base:95001   	next:95101   	cwnd:2108  	ssthresh:1100  	state:CongAvoid   	info:AckNum: 95001
2026-03-27 13:54:51:018	EVENT:WINDOW_SLIDE   	base:95101   	next:95101   	cwnd:2112  	ssthresh:1100  	state:CongAvoid   	info:Base: 95001 -> 95101
2026-03-27 13:54:51:030	EVENT:SEND           	base:95101   	next:95201   	cwnd:2112  	ssthresh:1100  	state:CongAvoid   	info:DATA_seq: 95101
2026-03-27 13:54:51:030	EVENT:NEW_ACK        	base:95101   	next:95201   	cwnd:2112  	ssthresh:1100  	state:CongAvoid   	info:AckNum: 95101
2026-03-27 13:54:51:030	EVENT:WINDOW_SLIDE   	base:95201   	next:95201   	cwnd:2116  	ssthresh:1100  	state:CongAvoid   	info:Base: 95101 -> 95201
2026-03-27 13:54:51:042	EVENT:SEND           	base:95201   	next:95301   	cwnd:2116  	ssthresh:1100  	state:CongAvoid   	info:DATA_seq: 95201
2026-03-27 13:54:51:043	EVENT:NEW_ACK        	base:95201   	next:95301   	cwnd:2116  	ssthresh:1100  	state:CongAvoid   	info:AckNum: 95201
2026-03-27 13:54:51:043	EVENT:WINDOW_SLIDE   	base:95301   	next:95301   	cwnd:2120  	ssthresh:1100  	state:CongAvoid   	info:Base: 95201 -> 95301
2026-03-27 13:54:51:054	EVENT:SEND           	base:95301   	next:95401   	cwnd:2120  	ssthresh:1100  	state:CongAvoid   	info:DATA_seq: 95301
2026-03-27 13:54:51:054	EVENT:NEW_ACK        	base:95301   	next:95401   	cwnd:2120  	ssthresh:1100  	state:CongAvoid   	info:AckNum: 95301
2026-03-27 13:54:51:054	EVENT:WINDOW_SLIDE   	base:95401   	next:95401   	cwnd:2124  	ssthresh:1100  	state:CongAvoid   	info:Base: 95301 -> 95401
2026-03-27 13:54:51:066	EVENT:SEND           	base:95401   	next:95501   	cwnd:2124  	ssthresh:1100  	state:CongAvoid   	info:DATA_seq: 95401
2026-03-27 13:54:51:067	EVENT:NEW_ACK        	base:95401   	next:95501   	cwnd:2124  	ssthresh:1100  	state:CongAvoid   	info:AckNum: 95401
2026-03-27 13:54:51:067	EVENT:WINDOW_SLIDE   	base:95501   	next:95501   	cwnd:2128  	ssthresh:1100  	state:CongAvoid   	info:Base: 95401 -> 95501
2026-03-27 13:54:51:079	EVENT:SEND           	base:95501   	next:95601   	cwnd:2128  	ssthresh:1100  	state:CongAvoid   	info:DATA_seq: 95501
2026-03-27 13:54:51:079	EVENT:NEW_ACK        	base:95501   	next:95601   	cwnd:2128  	ssthresh:1100  	state:CongAvoid   	info:AckNum: 95501
2026-03-27 13:54:51:079	EVENT:WINDOW_SLIDE   	base:95601   	next:95601   	cwnd:2132  	ssthresh:1100  	state:CongAvoid   	info:Base: 95501 -> 95601
2026-03-27 13:54:51:089	EVENT:SEND           	base:95601   	next:95701   	cwnd:2132  	ssthresh:1100  	state:CongAvoid   	info:DATA_seq: 95601
2026-03-27 13:54:51:090	EVENT:NEW_ACK        	base:95601   	next:95701   	cwnd:2132  	ssthresh:1100  	state:CongAvoid   	info:AckNum: 95601
2026-03-27 13:54:51:090	EVENT:WINDOW_SLIDE   	base:95701   	next:95701   	cwnd:2136  	ssthresh:1100  	state:CongAvoid   	info:Base: 95601 -> 95701
2026-03-27 13:54:51:102	EVENT:SEND           	base:95701   	next:95801   	cwnd:2136  	ssthresh:1100  	state:CongAvoid   	info:DATA_seq: 95701
2026-03-27 13:54:51:103	EVENT:NEW_ACK        	base:95701   	next:95801   	cwnd:2136  	ssthresh:1100  	state:CongAvoid   	info:AckNum: 95701
2026-03-27 13:54:51:103	EVENT:WINDOW_SLIDE   	base:95801   	next:95801   	cwnd:2140  	ssthresh:1100  	state:CongAvoid   	info:Base: 95701 -> 95801
2026-03-27 13:54:51:118	EVENT:SEND           	base:95801   	next:95901   	cwnd:2140  	ssthresh:1100  	state:CongAvoid   	info:DATA_seq: 95801
2026-03-27 13:54:51:118	EVENT:NEW_ACK        	base:95801   	next:95901   	cwnd:2140  	ssthresh:1100  	state:CongAvoid   	info:AckNum: 95801
2026-03-27 13:54:51:118	EVENT:WINDOW_SLIDE   	base:95901   	next:95901   	cwnd:2144  	ssthresh:1100  	state:CongAvoid   	info:Base: 95801 -> 95901
2026-03-27 13:54:51:131	EVENT:SEND           	base:95901   	next:96001   	cwnd:2144  	ssthresh:1100  	state:CongAvoid   	info:DATA_seq: 95901
2026-03-27 13:54:51:132	EVENT:NEW_ACK        	base:95901   	next:96001   	cwnd:2144  	ssthresh:1100  	state:CongAvoid   	info:AckNum: 95901
2026-03-27 13:54:51:132	EVENT:WINDOW_SLIDE   	base:96001   	next:96001   	cwnd:2148  	ssthresh:1100  	state:CongAvoid   	info:Base: 95901 -> 96001
2026-03-27 13:54:51:144	EVENT:SEND           	base:96001   	next:96101   	cwnd:2148  	ssthresh:1100  	state:CongAvoid   	info:DATA_seq: 96001
2026-03-27 13:54:51:144	EVENT:NEW_ACK        	base:96001   	next:96101   	cwnd:2148  	ssthresh:1100  	state:CongAvoid   	info:AckNum: 96001
2026-03-27 13:54:51:145	EVENT:WINDOW_SLIDE   	base:96101   	next:96101   	cwnd:2152  	ssthresh:1100  	state:CongAvoid   	info:Base: 96001 -> 96101
2026-03-27 13:54:51:156	EVENT:SEND           	base:96101   	next:96201   	cwnd:2152  	ssthresh:1100  	state:CongAvoid   	info:DATA_seq: 96101
2026-03-27 13:54:51:157	EVENT:NEW_ACK        	base:96101   	next:96201   	cwnd:2152  	ssthresh:1100  	state:CongAvoid   	info:AckNum: 96101
2026-03-27 13:54:51:157	EVENT:WINDOW_SLIDE   	base:96201   	next:96201   	cwnd:2156  	ssthresh:1100  	state:CongAvoid   	info:Base: 96101 -> 96201
2026-03-27 13:54:51:169	EVENT:SEND           	base:96201   	next:96301   	cwnd:2156  	ssthresh:1100  	state:CongAvoid   	info:DATA_seq: 96201
2026-03-27 13:54:51:170	EVENT:NEW_ACK        	base:96201   	next:96301   	cwnd:2156  	ssthresh:1100  	state:CongAvoid   	info:AckNum: 96201
2026-03-27 13:54:51:170	EVENT:WINDOW_SLIDE   	base:96301   	next:96301   	cwnd:2160  	ssthresh:1100  	state:CongAvoid   	info:Base: 96201 -> 96301
2026-03-27 13:54:51:180	EVENT:SEND           	base:96301   	next:96401   	cwnd:2160  	ssthresh:1100  	state:CongAvoid   	info:DATA_seq: 96301
2026-03-27 13:54:51:180	EVENT:NEW_ACK        	base:96301   	next:96401   	cwnd:2160  	ssthresh:1100  	state:CongAvoid   	info:AckNum: 96301
2026-03-27 13:54:51:181	EVENT:WINDOW_SLIDE   	base:96401   	next:96401   	cwnd:2164  	ssthresh:1100  	state:CongAvoid   	info:Base: 96301 -> 96401
2026-03-27 13:54:51:193	EVENT:SEND           	base:96401   	next:96501   	cwnd:2164  	ssthresh:1100  	state:CongAvoid   	info:DATA_seq: 96401
2026-03-27 13:54:51:193	EVENT:NEW_ACK        	base:96401   	next:96501   	cwnd:2164  	ssthresh:1100  	state:CongAvoid   	info:AckNum: 96401
2026-03-27 13:54:51:193	EVENT:WINDOW_SLIDE   	base:96501   	next:96501   	cwnd:2168  	ssthresh:1100  	state:CongAvoid   	info:Base: 96401 -> 96501
2026-03-27 13:54:51:204	EVENT:SEND           	base:96501   	next:96601   	cwnd:2168  	ssthresh:1100  	state:CongAvoid   	info:DATA_seq: 96501
2026-03-27 13:54:51:204	EVENT:NEW_ACK        	base:96501   	next:96601   	cwnd:2168  	ssthresh:1100  	state:CongAvoid   	info:AckNum: 96501
2026-03-27 13:54:51:204	EVENT:WINDOW_SLIDE   	base:96601   	next:96601   	cwnd:2172  	ssthresh:1100  	state:CongAvoid   	info:Base: 96501 -> 96601
2026-03-27 13:54:51:216	EVENT:SEND           	base:96601   	next:96701   	cwnd:2172  	ssthresh:1100  	state:CongAvoid   	info:DATA_seq: 96601
2026-03-27 13:54:51:217	EVENT:NEW_ACK        	base:96601   	next:96701   	cwnd:2172  	ssthresh:1100  	state:CongAvoid   	info:AckNum: 96601
2026-03-27 13:54:51:217	EVENT:WINDOW_SLIDE   	base:96701   	next:96701   	cwnd:2176  	ssthresh:1100  	state:CongAvoid   	info:Base: 96601 -> 96701
2026-03-27 13:54:51:229	EVENT:SEND           	base:96701   	next:96801   	cwnd:2176  	ssthresh:1100  	state:CongAvoid   	info:DATA_seq: 96701
2026-03-27 13:54:51:230	EVENT:NEW_ACK        	base:96701   	next:96801   	cwnd:2176  	ssthresh:1100  	state:CongAvoid   	info:AckNum: 96701
2026-03-27 13:54:51:230	EVENT:WINDOW_SLIDE   	base:96801   	next:96801   	cwnd:2180  	ssthresh:1100  	state:CongAvoid   	info:Base: 96701 -> 96801
2026-03-27 13:54:51:242	EVENT:SEND           	base:96801   	next:96901   	cwnd:2180  	ssthresh:1100  	state:CongAvoid   	info:DATA_seq: 96801
2026-03-27 13:54:51:243	EVENT:NEW_ACK        	base:96801   	next:96901   	cwnd:2180  	ssthresh:1100  	state:CongAvoid   	info:AckNum: 96801
2026-03-27 13:54:51:243	EVENT:WINDOW_SLIDE   	base:96901   	next:96901   	cwnd:2184  	ssthresh:1100  	state:CongAvoid   	info:Base: 96801 -> 96901
2026-03-27 13:54:51:255	EVENT:SEND           	base:96901   	next:97001   	cwnd:2184  	ssthresh:1100  	state:CongAvoid   	info:DATA_seq: 96901
2026-03-27 13:54:51:255	EVENT:NEW_ACK        	base:96901   	next:97001   	cwnd:2184  	ssthresh:1100  	state:CongAvoid   	info:AckNum: 96901
2026-03-27 13:54:51:255	EVENT:WINDOW_SLIDE   	base:97001   	next:97001   	cwnd:2188  	ssthresh:1100  	state:CongAvoid   	info:Base: 96901 -> 97001
2026-03-27 13:54:51:268	EVENT:SEND           	base:97001   	next:97101   	cwnd:2188  	ssthresh:1100  	state:CongAvoid   	info:DATA_seq: 97001
2026-03-27 13:54:51:269	EVENT:NEW_ACK        	base:97001   	next:97101   	cwnd:2188  	ssthresh:1100  	state:CongAvoid   	info:AckNum: 97001
2026-03-27 13:54:51:269	EVENT:WINDOW_SLIDE   	base:97101   	next:97101   	cwnd:2192  	ssthresh:1100  	state:CongAvoid   	info:Base: 97001 -> 97101
2026-03-27 13:54:51:280	EVENT:SEND           	base:97101   	next:97201   	cwnd:2192  	ssthresh:1100  	state:CongAvoid   	info:DATA_seq: 97101
2026-03-27 13:54:51:281	EVENT:NEW_ACK        	base:97101   	next:97201   	cwnd:2192  	ssthresh:1100  	state:CongAvoid   	info:AckNum: 97101
2026-03-27 13:54:51:281	EVENT:WINDOW_SLIDE   	base:97201   	next:97201   	cwnd:2196  	ssthresh:1100  	state:CongAvoid   	info:Base: 97101 -> 97201
2026-03-27 13:54:51:293	EVENT:SEND           	base:97201   	next:97301   	cwnd:2196  	ssthresh:1100  	state:CongAvoid   	info:DATA_seq: 97201
2026-03-27 13:54:51:293	EVENT:NEW_ACK        	base:97201   	next:97301   	cwnd:2196  	ssthresh:1100  	state:CongAvoid   	info:AckNum: 97201
2026-03-27 13:54:51:293	EVENT:WINDOW_SLIDE   	base:97301   	next:97301   	cwnd:2200  	ssthresh:1100  	state:CongAvoid   	info:Base: 97201 -> 97301
2026-03-27 13:54:51:304	EVENT:SEND           	base:97301   	next:97401   	cwnd:2200  	ssthresh:1100  	state:CongAvoid   	info:DATA_seq: 97301
2026-03-27 13:54:51:304	EVENT:NEW_ACK        	base:97301   	next:97401   	cwnd:2200  	ssthresh:1100  	state:CongAvoid   	info:AckNum: 97301
2026-03-27 13:54:51:304	EVENT:WINDOW_SLIDE   	base:97401   	next:97401   	cwnd:2204  	ssthresh:1100  	state:CongAvoid   	info:Base: 97301 -> 97401
2026-03-27 13:54:51:316	EVENT:SEND           	base:97401   	next:97501   	cwnd:2204  	ssthresh:1100  	state:CongAvoid   	info:DATA_seq: 97401
2026-03-27 13:54:51:317	EVENT:NEW_ACK        	base:97401   	next:97501   	cwnd:2204  	ssthresh:1100  	state:CongAvoid   	info:AckNum: 97401
2026-03-27 13:54:51:317	EVENT:WINDOW_SLIDE   	base:97501   	next:97501   	cwnd:2208  	ssthresh:1100  	state:CongAvoid   	info:Base: 97401 -> 97501
2026-03-27 13:54:51:329	EVENT:SEND           	base:97501   	next:97601   	cwnd:2208  	ssthresh:1100  	state:CongAvoid   	info:DATA_seq: 97501
2026-03-27 13:54:51:329	EVENT:NEW_ACK        	base:97501   	next:97601   	cwnd:2208  	ssthresh:1100  	state:CongAvoid   	info:AckNum: 97501
2026-03-27 13:54:51:329	EVENT:WINDOW_SLIDE   	base:97601   	next:97601   	cwnd:2212  	ssthresh:1100  	state:CongAvoid   	info:Base: 97501 -> 97601
2026-03-27 13:54:51:342	EVENT:SEND           	base:97601   	next:97701   	cwnd:2212  	ssthresh:1100  	state:CongAvoid   	info:DATA_seq: 97601
2026-03-27 13:54:51:342	EVENT:NEW_ACK        	base:97601   	next:97701   	cwnd:2212  	ssthresh:1100  	state:CongAvoid   	info:AckNum: 97601
2026-03-27 13:54:51:342	EVENT:WINDOW_SLIDE   	base:97701   	next:97701   	cwnd:2216  	ssthresh:1100  	state:CongAvoid   	info:Base: 97601 -> 97701
2026-03-27 13:54:51:353	EVENT:SEND           	base:97701   	next:97801   	cwnd:2216  	ssthresh:1100  	state:CongAvoid   	info:DATA_seq: 97701
2026-03-27 13:54:51:354	EVENT:NEW_ACK        	base:97701   	next:97801   	cwnd:2216  	ssthresh:1100  	state:CongAvoid   	info:AckNum: 97701
2026-03-27 13:54:51:354	EVENT:WINDOW_SLIDE   	base:97801   	next:97801   	cwnd:2220  	ssthresh:1100  	state:CongAvoid   	info:Base: 97701 -> 97801
2026-03-27 13:54:51:366	EVENT:SEND           	base:97801   	next:97901   	cwnd:2220  	ssthresh:1100  	state:CongAvoid   	info:DATA_seq: 97801
2026-03-27 13:54:51:366	EVENT:NEW_ACK        	base:97801   	next:97901   	cwnd:2220  	ssthresh:1100  	state:CongAvoid   	info:AckNum: 97801
2026-03-27 13:54:51:366	EVENT:WINDOW_SLIDE   	base:97901   	next:97901   	cwnd:2224  	ssthresh:1100  	state:CongAvoid   	info:Base: 97801 -> 97901
2026-03-27 13:54:51:379	EVENT:SEND           	base:97901   	next:98001   	cwnd:2224  	ssthresh:1100  	state:CongAvoid   	info:DATA_seq: 97901
2026-03-27 13:54:51:379	EVENT:NEW_ACK        	base:97901   	next:98001   	cwnd:2224  	ssthresh:1100  	state:CongAvoid   	info:AckNum: 97901
2026-03-27 13:54:51:379	EVENT:WINDOW_SLIDE   	base:98001   	next:98001   	cwnd:2228  	ssthresh:1100  	state:CongAvoid   	info:Base: 97901 -> 98001
2026-03-27 13:54:51:389	EVENT:SEND           	base:98001   	next:98101   	cwnd:2228  	ssthresh:1100  	state:CongAvoid   	info:DATA_seq: 98001
2026-03-27 13:54:51:390	EVENT:NEW_ACK        	base:98001   	next:98101   	cwnd:2228  	ssthresh:1100  	state:CongAvoid   	info:AckNum: 98001
2026-03-27 13:54:51:390	EVENT:WINDOW_SLIDE   	base:98101   	next:98101   	cwnd:2232  	ssthresh:1100  	state:CongAvoid   	info:Base: 98001 -> 98101
2026-03-27 13:54:51:402	EVENT:SEND           	base:98101   	next:98201   	cwnd:2232  	ssthresh:1100  	state:CongAvoid   	info:DATA_seq: 98101
2026-03-27 13:54:51:403	EVENT:NEW_ACK        	base:98101   	next:98201   	cwnd:2232  	ssthresh:1100  	state:CongAvoid   	info:AckNum: 98101
2026-03-27 13:54:51:403	EVENT:WINDOW_SLIDE   	base:98201   	next:98201   	cwnd:2236  	ssthresh:1100  	state:CongAvoid   	info:Base: 98101 -> 98201
2026-03-27 13:54:51:415	EVENT:SEND           	base:98201   	next:98301   	cwnd:2236  	ssthresh:1100  	state:CongAvoid   	info:DATA_seq: 98201
2026-03-27 13:54:51:415	EVENT:NEW_ACK        	base:98201   	next:98301   	cwnd:2236  	ssthresh:1100  	state:CongAvoid   	info:AckNum: 98201
2026-03-27 13:54:51:416	EVENT:WINDOW_SLIDE   	base:98301   	next:98301   	cwnd:2240  	ssthresh:1100  	state:CongAvoid   	info:Base: 98201 -> 98301
2026-03-27 13:54:51:428	EVENT:SEND           	base:98301   	next:98401   	cwnd:2240  	ssthresh:1100  	state:CongAvoid   	info:DATA_seq: 98301
2026-03-27 13:54:51:429	EVENT:NEW_ACK        	base:98301   	next:98401   	cwnd:2240  	ssthresh:1100  	state:CongAvoid   	info:AckNum: 98301
2026-03-27 13:54:51:429	EVENT:WINDOW_SLIDE   	base:98401   	next:98401   	cwnd:2244  	ssthresh:1100  	state:CongAvoid   	info:Base: 98301 -> 98401
2026-03-27 13:54:51:440	EVENT:SEND           	base:98401   	next:98501   	cwnd:2244  	ssthresh:1100  	state:CongAvoid   	info:DATA_seq: 98401
2026-03-27 13:54:51:441	EVENT:NEW_ACK        	base:98401   	next:98501   	cwnd:2244  	ssthresh:1100  	state:CongAvoid   	info:AckNum: 98401
2026-03-27 13:54:51:441	EVENT:WINDOW_SLIDE   	base:98501   	next:98501   	cwnd:2248  	ssthresh:1100  	state:CongAvoid   	info:Base: 98401 -> 98501
2026-03-27 13:54:51:453	EVENT:SEND           	base:98501   	next:98601   	cwnd:2248  	ssthresh:1100  	state:CongAvoid   	info:DATA_seq: 98501
2026-03-27 13:54:51:454	EVENT:NEW_ACK        	base:98501   	next:98601   	cwnd:2248  	ssthresh:1100  	state:CongAvoid   	info:AckNum: 98501
2026-03-27 13:54:51:454	EVENT:WINDOW_SLIDE   	base:98601   	next:98601   	cwnd:2252  	ssthresh:1100  	state:CongAvoid   	info:Base: 98501 -> 98601
2026-03-27 13:54:51:465	EVENT:SEND           	base:98601   	next:98701   	cwnd:2252  	ssthresh:1100  	state:CongAvoid   	info:DATA_seq: 98601
2026-03-27 13:54:51:466	EVENT:NEW_ACK        	base:98601   	next:98701   	cwnd:2252  	ssthresh:1100  	state:CongAvoid   	info:AckNum: 98601
2026-03-27 13:54:51:466	EVENT:WINDOW_SLIDE   	base:98701   	next:98701   	cwnd:2256  	ssthresh:1100  	state:CongAvoid   	info:Base: 98601 -> 98701
2026-03-27 13:54:51:478	EVENT:SEND           	base:98701   	next:98801   	cwnd:2256  	ssthresh:1100  	state:CongAvoid   	info:DATA_seq: 98701
2026-03-27 13:54:51:479	EVENT:NEW_ACK        	base:98701   	next:98801   	cwnd:2256  	ssthresh:1100  	state:CongAvoid   	info:AckNum: 98701
2026-03-27 13:54:51:479	EVENT:WINDOW_SLIDE   	base:98801   	next:98801   	cwnd:2260  	ssthresh:1100  	state:CongAvoid   	info:Base: 98701 -> 98801
2026-03-27 13:54:51:491	EVENT:SEND           	base:98801   	next:98901   	cwnd:2260  	ssthresh:1100  	state:CongAvoid   	info:DATA_seq: 98801
2026-03-27 13:54:51:491	EVENT:NEW_ACK        	base:98801   	next:98901   	cwnd:2260  	ssthresh:1100  	state:CongAvoid   	info:AckNum: 98801
2026-03-27 13:54:51:491	EVENT:WINDOW_SLIDE   	base:98901   	next:98901   	cwnd:2264  	ssthresh:1100  	state:CongAvoid   	info:Base: 98801 -> 98901
2026-03-27 13:54:51:504	EVENT:SEND           	base:98901   	next:99001   	cwnd:2264  	ssthresh:1100  	state:CongAvoid   	info:DATA_seq: 98901
2026-03-27 13:54:51:504	EVENT:NEW_ACK        	base:98901   	next:99001   	cwnd:2264  	ssthresh:1100  	state:CongAvoid   	info:AckNum: 98901
2026-03-27 13:54:51:504	EVENT:WINDOW_SLIDE   	base:99001   	next:99001   	cwnd:2268  	ssthresh:1100  	state:CongAvoid   	info:Base: 98901 -> 99001
2026-03-27 13:54:51:517	EVENT:SEND           	base:99001   	next:99101   	cwnd:2268  	ssthresh:1100  	state:CongAvoid   	info:DATA_seq: 99001
2026-03-27 13:54:51:517	EVENT:NEW_ACK        	base:99001   	next:99101   	cwnd:2268  	ssthresh:1100  	state:CongAvoid   	info:AckNum: 99001
2026-03-27 13:54:51:517	EVENT:WINDOW_SLIDE   	base:99101   	next:99101   	cwnd:2272  	ssthresh:1100  	state:CongAvoid   	info:Base: 99001 -> 99101
2026-03-27 13:54:51:529	EVENT:SEND           	base:99101   	next:99201   	cwnd:2272  	ssthresh:1100  	state:CongAvoid   	info:DATA_seq: 99101
2026-03-27 13:54:51:530	EVENT:NEW_ACK        	base:99101   	next:99201   	cwnd:2272  	ssthresh:1100  	state:CongAvoid   	info:AckNum: 99101
2026-03-27 13:54:51:530	EVENT:WINDOW_SLIDE   	base:99201   	next:99201   	cwnd:2276  	ssthresh:1100  	state:CongAvoid   	info:Base: 99101 -> 99201
2026-03-27 13:54:51:542	EVENT:SEND           	base:99201   	next:99301   	cwnd:2276  	ssthresh:1100  	state:CongAvoid   	info:DATA_seq: 99201
2026-03-27 13:54:51:542	EVENT:NEW_ACK        	base:99201   	next:99301   	cwnd:2276  	ssthresh:1100  	state:CongAvoid   	info:AckNum: 99201
2026-03-27 13:54:51:542	EVENT:WINDOW_SLIDE   	base:99301   	next:99301   	cwnd:2280  	ssthresh:1100  	state:CongAvoid   	info:Base: 99201 -> 99301
2026-03-27 13:54:51:555	EVENT:SEND           	base:99301   	next:99401   	cwnd:2280  	ssthresh:1100  	state:CongAvoid   	info:DATA_seq: 99301
2026-03-27 13:54:51:567	EVENT:SEND           	base:99301   	next:99501   	cwnd:2280  	ssthresh:1100  	state:CongAvoid   	info:DATA_seq: 99401
2026-03-27 13:54:51:568	EVENT:NEW_ACK        	base:99301   	next:99501   	cwnd:2280  	ssthresh:1100  	state:CongAvoid   	info:AckNum: 99401
2026-03-27 13:54:51:568	EVENT:WINDOW_SLIDE   	base:99501   	next:99501   	cwnd:2284  	ssthresh:1100  	state:CongAvoid   	info:Base: 99301 -> 99501
2026-03-27 13:54:51:581	EVENT:SEND           	base:99501   	next:99601   	cwnd:2284  	ssthresh:1100  	state:CongAvoid   	info:DATA_seq: 99501
2026-03-27 13:54:51:581	EVENT:NEW_ACK        	base:99501   	next:99601   	cwnd:2284  	ssthresh:1100  	state:CongAvoid   	info:AckNum: 99501
2026-03-27 13:54:51:582	EVENT:WINDOW_SLIDE   	base:99601   	next:99601   	cwnd:2288  	ssthresh:1100  	state:CongAvoid   	info:Base: 99501 -> 99601
2026-03-27 13:54:51:594	EVENT:SEND           	base:99601   	next:99701   	cwnd:2288  	ssthresh:1100  	state:CongAvoid   	info:DATA_seq: 99601
2026-03-27 13:54:51:594	EVENT:NEW_ACK        	base:99601   	next:99701   	cwnd:2288  	ssthresh:1100  	state:CongAvoid   	info:AckNum: 99601
2026-03-27 13:54:51:594	EVENT:WINDOW_SLIDE   	base:99701   	next:99701   	cwnd:2292  	ssthresh:1100  	state:CongAvoid   	info:Base: 99601 -> 99701
2026-03-27 13:54:51:607	EVENT:SEND           	base:99701   	next:99801   	cwnd:2292  	ssthresh:1100  	state:CongAvoid   	info:DATA_seq: 99701
2026-03-27 13:54:51:607	EVENT:NEW_ACK        	base:99701   	next:99801   	cwnd:2292  	ssthresh:1100  	state:CongAvoid   	info:AckNum: 99701
2026-03-27 13:54:51:607	EVENT:WINDOW_SLIDE   	base:99801   	next:99801   	cwnd:2296  	ssthresh:1100  	state:CongAvoid   	info:Base: 99701 -> 99801
2026-03-27 13:54:51:619	EVENT:SEND           	base:99801   	next:99901   	cwnd:2296  	ssthresh:1100  	state:CongAvoid   	info:DATA_seq: 99801
2026-03-27 13:54:51:620	EVENT:NEW_ACK        	base:99801   	next:99901   	cwnd:2296  	ssthresh:1100  	state:CongAvoid   	info:AckNum: 99801
2026-03-27 13:54:51:620	EVENT:WINDOW_SLIDE   	base:99901   	next:99901   	cwnd:2300  	ssthresh:1100  	state:CongAvoid   	info:Base: 99801 -> 99901
2026-03-27 13:54:51:632	EVENT:SEND           	base:99901   	next:100001  	cwnd:2300  	ssthresh:1100  	state:CongAvoid   	info:DATA_seq: 99901
2026-03-27 13:54:51:633	EVENT:NEW_ACK        	base:99901   	next:100001  	cwnd:2300  	ssthresh:1100  	state:CongAvoid   	info:AckNum: 99901
2026-03-27 13:54:51:633	EVENT:WINDOW_SLIDE   	base:100001  	next:100001  	cwnd:2304  	ssthresh:1100  	state:CongAvoid   	info:Base: 99901 -> 100001
